branch_id,level,n_genes,medoid_gene,branch_stability,branch_status,dominant_role,role_purity,role_entropy,stable_fraction,nuisance_fraction,city_specific_fraction,weak_fraction,mean_reliability,mean_structure,mean_nuisance_risk,median_image_support
C000,coarse,23,695,0.510035,mixed,unstable_component,0.26087,0.984152,0.347826,0.26087,0.173913,0.217391,0.353887,0.457903,0.259328,411.0
F000,fine,9,390,0.507191,mixed,rare_stable_component,0.555556,0.852792,0.666667,0.333333,0.0,0.0,0.267583,0.488885,0.325404,354.0
F030,fine,14,695,0.511863,mixed,weakly_structured,0.357143,0.962087,0.142857,0.214286,0.285714,0.357143,0.409368,0.437986,0.21685,1271.5
C001,coarse,11,106,1.0,stable_dominant,stable_structured,0.636364,0.782776,0.636364,0.0,0.272727,0.090909,0.732004,0.637282,0.000468,1142.0
F001,fine,11,106,1.0,stable_dominant,stable_structured,0.636364,0.782776,0.636364,0.0,0.272727,0.090909,0.732004,0.637282,0.000468,1142.0
C002,coarse,57,774,0.353644,nuisance_dominant,unstable_component,0.631579,0.701043,0.192982,0.631579,0.0,0.175439,0.363164,0.524709,0.639922,1334.0
F002,fine,18,335,0.527077,mixed,weakly_structured,0.5,0.806099,0.388889,0.111111,0.0,0.5,0.426631,0.523415,0.139438,985.0
F019,fine,19,751,0.208798,nuisance_dominant,unstable_component,1.0,0.0,0.0,1.0,0.0,0.0,0.288418,0.428787,0.998926,2071.0
F050,fine,15,753,0.240529,nuisance_dominant,unstable_component,1.0,0.0,0.0,1.0,0.0,0.0,0.287065,0.618377,0.998561,1147.0
F063,fine,5,830,0.619048,stable_dominant,stable_structured,0.8,0.721928,0.8,0.0,0.0,0.2,0.647019,0.612871,0.001536,2002.0
C003,coarse,43,624,0.539796,mixed,unstable_component,0.348837,0.825277,0.348837,0.418605,0.0,0.232558,0.494908,0.480469,0.42323,2317.0
F003,fine,15,787,0.191992,nuisance_dominant,unstable_component,0.866667,0.56651,0.0,1.0,0.0,0.0,0.299409,0.378918,0.998705,3363.0
F040,fine,14,370,0.638747,mixed,weakly_structured,0.5,0.82741,0.285714,0.214286,0.0,0.5,0.378559,0.537099,0.209577,494.0
F056,fine,14,494,0.813492,stable_dominant,stable_structured,0.785714,0.749595,0.785714,0.0,0.0,0.214286,0.820721,0.532642,0.020304,2798.5
C004,coarse,23,467,0.503211,mixed,weakly_structured,0.391304,0.858752,0.217391,0.304348,0.086957,0.391304,0.487141,0.518941,0.329517,1472.0
F004,fine,23,467,0.503211,mixed,weakly_structured,0.391304,0.858752,0.217391,0.304348,0.086957,0.391304,0.487141,0.518941,0.329517,1472.0
C005,coarse,33,285,0.693641,city_specific_dominant,city_specific_component,0.757576,0.543092,0.090909,0.060606,0.757576,0.090909,0.360356,0.644228,0.066624,352.0
F005,fine,15,117,0.589783,city_specific_dominant,city_specific_component,0.666667,0.68764,0.066667,0.066667,0.666667,0.2,0.319539,0.693103,0.081413,271.0
F026,fine,18,285,0.780189,city_specific_dominant,city_specific_component,0.833333,0.457091,0.111111,0.055556,0.833333,0.0,0.394369,0.603499,0.054301,409.5
C006,coarse,45,177,0.590915,mixed,weakly_structured,0.577778,0.799847,0.355556,0.066667,0.0,0.577778,0.490395,0.339749,0.11365,1054.0
F006,fine,12,446,0.671483,stable_dominant,stable_structured,0.666667,0.75,0.666667,0.083333,0.0,0.25,0.665477,0.336578,0.083291,1811.0
F024,fine,19,401,0.528721,mixed,weakly_structured,0.736842,0.596125,0.210526,0.052632,0.0,0.736842,0.454242,0.343957,0.138408,1054.0
F051,fine,14,274,0.606263,mixed,weakly_structured,0.642857,0.755928,0.285714,0.071429,0.0,0.642857,0.389389,0.336755,0.106073,681.5
C007,coarse,80,521,0.425933,mixed,unstable_component,0.475,0.747085,0.125,0.4875,0.0,0.3875,0.413337,0.40748,0.536826,1050.5
F007,fine,27,404,0.425687,mixed,weakly_structured,0.62963,0.950956,0.0,0.37037,0.0,0.62963,0.456169,0.351948,0.540267,1583.0
F013,fine,15,876,0.411005,mixed,weakly_structured,0.666667,0.918296,0.0,0.333333,0.0,0.666667,0.316205,0.329,0.339795,403.0
F036,fine,14,870,0.337788,nuisance_dominant,unstable_component,1.0,0.0,0.0,1.0,0.0,0.0,0.335149,0.435507,0.946977,978.0
F046,fine,17,305,0.620953,stable_dominant,stable_structured,0.588235,0.772576,0.588235,0.176471,0.0,0.235294,0.597219,0.564612,0.176736,1657.0
F060,fine,7,244,0.161538,nuisance_dominant,unstable_component,1.0,0.0,0.0,1.0,0.0,0.0,0.166078,0.352185,0.999966,518.0
C008,coarse,21,780,0.637229,stable_dominant,stable_structured,0.571429,0.889595,0.571429,0.238095,0.0,0.190476,0.695048,0.560172,0.214511,3231.0
F008,fine,21,780,0.637229,stable_dominant,stable_structured,0.571429,0.889595,0.571429,0.238095,0.0,0.190476,0.695048,0.560172,0.214511,3231.0
C009,coarse,15,581,0.781217,stable_dominant,rare_stable_component,0.533333,0.803114,0.933333,0.0,0.0,0.066667,0.390594,0.556653,0.037474,279.0
F009,fine,15,581,0.781217,stable_dominant,rare_stable_component,0.533333,0.803114,0.933333,0.0,0.0,0.066667,0.390594,0.556653,0.037474,279.0
C010,coarse,71,941,0.339274,nuisance_dominant,unstable_component,0.704225,0.589326,0.070423,0.704225,0.0,0.225352,0.345773,0.440927,0.700049,1262.0
F010,fine,28,1004,0.356775,mixed,weakly_structured,0.535714,0.996317,0.0,0.464286,0.0,0.535714,0.355569,0.476353,0.473502,1270.5
F016,fine,12,674,0.204044,nuisance_dominant,unstable_component,1.0,0.0,0.0,1.0,0.0,0.0,0.271798,0.428071,0.999404,1480.0
F041,fine,19,90,0.298192,nuisance_dominant,unstable_component,1.0,0.0,0.0,1.0,0.0,0.0,0.344532,0.386034,0.987167,1056.0
F049,fine,12,941,0.498713,nuisance_dominant,unstable_component,0.5,0.864787,0.416667,0.5,0.0,0.083333,0.398859,0.458035,0.474701,946.5
C011,coarse,37,105,0.432162,mixed,unstable_component,0.351351,0.853276,0.324324,0.351351,0.027027,0.297297,0.221093,0.497869,0.403838,275.0
F011,fine,16,846,0.367213,mixed,weakly_structured,0.625,0.954434,0.0,0.375,0.0,0.625,0.191772,0.610734,0.514955,271.5
F047,fine,21,211,0.481647,mixed,rare_stable_component,0.428571,0.806041,0.571429,0.333333,0.047619,0.047619,0.243433,0.411876,0.319178,275.0
C012,coarse,26,403,0.525409,mixed,city_specific_component,0.423077,0.765006,0.076923,0.115385,0.423077,0.384615,0.334463,0.533969,0.234825,583.5
F012,fine,8,481,0.575955,city_specific_dominant,weakly_structured,0.5,1.0,0.0,0.0,0.5,0.5,0.250993,0.724198,0.035439,207.0
F028,fine,18,403,0.502945,mixed,city_specific_component,0.388889,0.840836,0.111111,0.166667,0.388889,0.333333,0.371561,0.449423,0.323441,658.0
C013,coarse,25,131,0.846803,stable_dominant,rare_stable_component,0.4,0.869463,0.68,0.04,0.12,0.16,0.413834,0.60711,0.071606,355.0
F014,fine,25,131,0.846803,stable_dominant,rare_stable_component,0.4,0.869463,0.68,0.04,0.12,0.16,0.413834,0.60711,0.071606,355.0
C014,coarse,42,546,0.385066,nuisance_dominant,unstable_component,0.666667,0.671721,0.214286,0.666667,0.047619,0.071429,0.272849,0.367302,0.669307,401.0
F015,fine,28,1006,0.214351,nuisance_dominant,unstable_component,1.0,0.0,0.0,1.0,0.0,0.0,0.188751,0.348357,0.998771,315.5
F054,fine,14,546,0.726497,stable_dominant,rare_stable_component,0.357143,0.962087,0.642857,0.0,0.142857,0.214286,0.441046,0.405192,0.010379,458.5
C015,coarse,21,19,0.717327,stable_dominant,stable_structured,0.714286,0.661745,0.714286,0.047619,0.0,0.238095,0.737867,0.608908,0.106676,3407.0
F017,fine,21,19,0.717327,stable_dominant,stable_structured,0.714286,0.661745,0.714286,0.047619,0.0,0.238095,0.737867,0.608908,0.106676,3407.0
C016,coarse,55,897,0.296454,nuisance_dominant,unstable_component,0.8,0.485031,0.181818,0.8,0.018182,0.0,0.256948,0.530247,0.798117,518.0
F018,fine,10,543,0.160854,nuisance_dominant,unstable_component,1.0,0.0,0.0,1.0,0.0,0.0,0.139568,0.481248,0.999901,374.5
F035,fine,15,388,0.192987,nuisance_dominant,unstable_component,1.0,0.0,0.0,1.0,0.0,0.0,0.2203,0.481036,0.999909,733.0
F039,fine,15,897,0.244687,nuisance_dominant,unstable_component,1.0,0.0,0.0,1.0,0.0,0.0,0.160643,0.658227,0.994848,302.0
F044,fine,15,439,0.542088,stable_dominant,stable_structured,0.466667,0.873233,0.666667,0.266667,0.066667,0.0,0.468154,0.484143,0.26507,1037.0
C017,coarse,27,545,0.425756,mixed,weakly_structured,0.518519,0.99901,0.0,0.481481,0.0,0.518519,0.361084,0.481451,0.507508,825.0
F020,fine,27,545,0.425756,mixed,weakly_structured,0.518519,0.99901,0.0,0.481481,0.0,0.518519,0.361084,0.481451,0.507508,825.0
C018,coarse,22,44,0.518939,mixed,city_specific_component,0.409091,0.899889,0.181818,0.227273,0.409091,0.181818,0.313391,0.53545,0.269153,363.5
F021,fine,4,189,0.452679,city_specific_dominant,city_specific_component,0.5,0.946395,0.0,0.25,0.5,0.25,0.150183,0.382209,0.337457,154.5
F032,fine,18,44,0.533664,mixed,city_specific_component,0.388889,0.924813,0.222222,0.222222,0.388889,0.166667,0.349659,0.569503,0.253975,498.5
C019,coarse,35,200,0.44946,mixed,unstable_component,0.428571,0.941457,0.342857,0.428571,0.0,0.228571,0.405513,0.441852,0.467866,1319.0
F022,fine,21,200,0.625682,stable_dominant,weakly_structured,0.380952,0.886169,0.571429,0.047619,0.0,0.380952,0.495897,0.464848,0.11323,1165.0
F053,fine,14,272,0.185127,nuisance_dominant,unstable_component,1.0,0.0,0.0,1.0,0.0,0.0,0.269936,0.407357,0.999821,1608.5
C020,coarse,43,435,0.589205,mixed,stable_structured,0.418605,0.803865,0.44186,0.395349,0.0,0.162791,0.598534,0.502016,0.372187,1993.0
F023,fine,26,622,0.788603,stable_dominant,stable_structured,0.692308,0.667361,0.730769,0.0,0.0,0.269231,0.746161,0.549152,0.0,2181.0
F037,fine,17,741,0.284244,nuisance_dominant,unstable_component,1.0,0.0,0.0,1.0,0.0,0.0,0.372752,0.429925,0.941414,1893.0
C021,coarse,16,269,0.76888,stable_dominant,stable_structured,0.75,0.639824,0.9375,0.0,0.0,0.0625,0.595156,0.568375,0.000838,844.5
F025,fine,16,269,0.76888,stable_dominant,stable_structured,0.75,0.639824,0.9375,0.0,0.0,0.0625,0.595156,0.568375,0.000838,844.5
C022,coarse,34,46,0.593413,mixed,stable_structured,0.441176,0.886401,0.441176,0.117647,0.0,0.441176,0.587596,0.513637,0.138263,1812.0
F027,fine,19,46,0.584487,mixed,stable_structured,0.421053,0.964962,0.421053,0.210526,0.0,0.368421,0.592436,0.555127,0.233116,1880.0
F045,fine,15,218,0.60472,mixed,weakly_structured,0.533333,0.996792,0.466667,0.0,0.0,0.533333,0.581464,0.461084,0.018116,1744.0
C023,coarse,29,208,0.754771,mixed,city_specific_component,0.482759,0.904467,0.137931,0.172414,0.482759,0.206897,0.424373,0.584095,0.17011,371.0
F029,fine,15,378,1.0,city_specific_dominant,city_specific_component,0.733333,0.836641,0.266667,0.0,0.733333,0.0,0.567702,0.638101,0.0,478.0
F043,fine,14,574,0.492025,mixed,weakly_structured,0.428571,0.965713,0.0,0.357143,0.214286,0.428571,0.270807,0.52623,0.35237,298.0
C024,coarse,14,731,1.0,stable_dominant,stable_structured,0.928571,0.371232,0.928571,0.0,0.0,0.071429,0.898309,0.587395,0.0,3200.0
F031,fine,14,731,1.0,stable_dominant,stable_structured,0.928571,0.371232,0.928571,0.0,0.0,0.071429,0.898309,0.587395,0.0,3200.0
C025,coarse,19,732,0.674862,stable_dominant,city_specific_component,0.368421,0.911915,0.526316,0.0,0.368421,0.105263,0.451477,0.61304,0.009067,779.0
F033,fine,19,732,0.674862,stable_dominant,city_specific_component,0.368421,0.911915,0.526316,0.0,0.368421,0.105263,0.451477,0.61304,0.009067,779.0
C026,coarse,26,344,0.43283,nuisance_dominant,unstable_component,0.653846,0.662077,0.153846,0.653846,0.038462,0.153846,0.416494,0.391978,0.652976,1341.5
F034,fine,10,680,0.21122,nuisance_dominant,unstable_component,1.0,0.0,0.0,1.0,0.0,0.0,0.258126,0.36261,0.99984,865.5
F058,fine,9,344,0.755126,mixed,weakly_structured,0.444444,0.876358,0.444444,0.0,0.111111,0.444444,0.640547,0.407806,0.009234,1466.0
F062,fine,7,294,0.335034,nuisance_dominant,unstable_component,1.0,0.0,0.0,1.0,0.0,0.0,0.354668,0.413583,0.985122,742.0
C027,coarse,54,963,0.624802,mixed,stable_structured,0.277778,0.921429,0.462963,0.240741,0.037037,0.259259,0.457239,0.433125,0.233387,797.0
F038,fine,31,357,0.472366,mixed,unstable_component,0.387097,0.873982,0.322581,0.387097,0.064516,0.225806,0.437827,0.431185,0.363651,939.0
F048,fine,12,101,0.745176,stable_dominant,weakly_structured,0.416667,0.89208,0.5,0.083333,0.0,0.416667,0.480825,0.42131,0.11081,533.0
F061,fine,11,858,0.923077,stable_dominant,rare_stable_component,0.545455,0.905619,0.818182,0.0,0.0,0.181818,0.486217,0.45148,0.0,431.0
C028,coarse,20,730,0.906553,stable_dominant,stable_structured,0.9,0.358996,0.9,0.05,0.0,0.05,0.881017,0.732046,0.06486,3156.5
F042,fine,20,730,0.906553,stable_dominant,stable_structured,0.9,0.358996,0.9,0.05,0.0,0.05,0.881017,0.732046,0.06486,3156.5
C029,coarse,24,190,0.921552,city_specific_dominant,city_specific_component,0.5,0.820168,0.291667,0.041667,0.5,0.166667,0.57934,0.582763,0.047329,652.0
F052,fine,13,190,0.927318,mixed,city_specific_component,0.461538,0.829244,0.461538,0.0,0.461538,0.076923,0.675863,0.638632,0.005227,1142.0
F057,fine,11,815,0.914738,city_specific_dominant,city_specific_component,0.545455,0.808595,0.090909,0.090909,0.545455,0.272727,0.465266,0.516736,0.097087,392.0
C030,coarse,17,766,0.802136,city_specific_dominant,city_specific_component,0.588235,0.786994,0.235294,0.0,0.588235,0.176471,0.603446,0.618797,0.072914,1263.0
F055,fine,17,766,0.802136,city_specific_dominant,city_specific_component,0.588235,0.786994,0.235294,0.0,0.588235,0.176471,0.603446,0.618797,0.072914,1263.0
C031,coarse,16,572,0.840346,stable_dominant,stable_structured,0.875,0.421817,0.9375,0.0,0.0,0.0625,0.622281,0.537716,0.048563,875.5
F059,fine,16,572,0.840346,stable_dominant,stable_structured,0.875,0.421817,0.9375,0.0,0.0,0.0625,0.622281,0.537716,0.048563,875.5
