unit_id,city,n_road_nodes,n_panos,road_length_m,dominant_basis_id,activation_entropy,mean_within_activation_variance,mean_boundary_contrast,unit_confidence,centroid_lat,centroid_lon,top_basis_ids,top_basis_weights,stability_score
unit_000000,Vienna,21,21,406.5,27,2.6248,0.0,0.0,0.5,48.215868,16.358065,27|25|23|10|14,0.2325|0.2109|0.1121|0.1076|0.0986,
unit_000001,Vienna,25,25,416.3,25,2.6554,0.0,0.0,0.5,48.196165,16.287231,25|13|10|12|14,0.2138|0.1629|0.1532|0.1407|0.1295,
unit_000002,Vienna,13,13,252.7,8,2.753,0.0,0.0,0.5,48.197157,16.293664,8|25|12|31|13,0.1800|0.1795|0.1681|0.1253|0.1164,
unit_000003,Vienna,27,27,444.9,25,2.5506,0.0,0.0,0.5,48.200926,16.337454,25|23|8|12|22,0.2385|0.1590|0.1496|0.1392|0.1076,
unit_000004,Vienna,16,16,318.9,13,2.7583,0.0,0.0,0.5,48.188827,16.280024,13|3|19|5|27,0.1852|0.1817|0.1514|0.1514|0.1276,
unit_000005,Vienna,20,20,311.0,25,2.828,0.0,0.0,0.5,48.195125,16.28385,25|8|16|26|22,0.1794|0.1595|0.1425|0.1344|0.1323,
unit_000006,Vienna,20,22,349.1,26,2.8283,1e-05,0.07668,0.5192,48.206213,16.337733,26|5|23|22|27,0.1910|0.1483|0.1416|0.1404|0.1386,
unit_000007,Vienna,16,17,297.5,22,2.823,0.0,0.03309,0.5083,48.207726,16.337366,22|9|12|23|27,0.1662|0.1329|0.1327|0.1271|0.1038,
unit_000009,Vienna,3,3,52.2,26,2.8259,0.0,0.04837,0.5121,48.206583,16.336833,26|5|23|22|27,0.1920|0.1489|0.1409|0.1388|0.1381,
unit_000010,Vienna,4,5,75.2,22,2.8286,1e-05,0.07668,0.5192,48.20739,16.33819,22|9|12|23|27,0.1684|0.1334|0.1323|0.1292|0.1064,
unit_000011,Vienna,30,60,529.3,26,2.805,0.0,0.0,0.5,48.212692,16.333687,26|16|25|22|27,0.1938|0.1843|0.1554|0.1433|0.1397,
unit_000012,Vienna,16,16,302.8,9,2.8179,0.0,0.0,0.5,48.206323,16.304277,9|26|27|5|22,0.1590|0.1499|0.1491|0.1413|0.1277,
unit_000013,Vienna,12,12,257.3,3,2.8428,0.0,0.0,0.5,48.201146,16.28891,3|13|5|19|23,0.2917|0.1710|0.1507|0.1383|0.1346,
unit_000014,Vienna,17,17,328.5,3,2.8804,0.0,0.0,0.5,48.198745,16.29417,3|14|23|5|13,0.2152|0.1742|0.1570|0.1335|0.1326,
unit_000015,Vienna,8,8,180.8,23,2.8179,0.0,0.0,0.5,48.207468,16.311068,23|17|14|26|19,0.1910|0.1708|0.1584|0.1496|0.1432,
unit_000016,Vienna,16,16,341.7,25,2.5561,0.0,0.0,0.5,48.205998,16.32868,25|27|16|20|22,0.2529|0.2010|0.1442|0.1361|0.0929,
unit_000017,Vienna,21,21,424.2,25,2.7691,0.0,0.0,0.5,48.217145,16.340277,25|16|26|5|20,0.1756|0.1576|0.1544|0.1385|0.1341,
unit_000018,Vienna,19,19,329.2,25,2.6733,0.0,0.0,0.5,48.231206,16.372804,25|27|10|19|16,0.2760|0.1453|0.1282|0.1239|0.1183,
unit_000019,Vienna,7,7,152.7,6,2.6475,0.0,0.0,0.5,48.199142,16.425212,6|21|22|20|31,0.2504|0.1537|0.1137|0.1008|0.0957,
unit_000020,Vienna,13,13,263.9,6,2.7302,0.0,0.0,0.5,48.209572,16.440414,6|31|22|23|20,0.2638|0.1522|0.1246|0.1180|0.1136,
unit_000021,Vienna,11,11,206.9,6,2.6238,0.0,0.0,0.5,48.193478,16.416957,6|31|23|20|19,0.2846|0.1670|0.1184|0.1174|0.0907,
unit_000022,Vienna,7,7,155.9,6,2.5913,0.0,0.0,0.5,48.1947,16.418785,6|31|17|20|19,0.2421|0.1739|0.1468|0.1247|0.1033,
unit_000023,Vienna,15,15,307.5,6,2.5784,0.0,0.0,0.5,48.192707,16.418781,6|20|23|22|9,0.2906|0.1585|0.1310|0.1197|0.1030,
unit_000024,Vienna,8,8,176.9,6,2.6238,0.0,0.0,0.5,48.193334,16.417024,6|31|23|20|19,0.2846|0.1670|0.1184|0.1174|0.0907,
unit_000025,Vienna,6,11,126.7,6,2.7884,1e-05,0.0,0.5,48.210576,16.443405,6|31|22|13|17,0.2571|0.1775|0.1272|0.1248|0.1157,
unit_000026,Vienna,8,15,179.6,6,2.7834,1e-05,0.0,0.5,48.211343,16.443346,6|31|13|22|17,0.2605|0.1778|0.1271|0.1258|0.1185,
unit_000027,Vienna,7,7,152.4,6,2.7336,0.0,0.0,0.5,48.248908,16.392819,6|23|9|31|20,0.2829|0.1530|0.1475|0.1440|0.1393,
unit_000028,Vienna,17,17,366.3,6,2.7956,0.0,0.0,0.5,48.25214,16.389705,6|23|21|22|5,0.2650|0.1549|0.1311|0.1282|0.1176,
unit_000029,Vienna,14,14,298.4,6,2.7336,0.0,0.0,0.5,48.249018,16.393009,6|23|9|31|20,0.2829|0.1530|0.1475|0.1440|0.1393,
unit_000030,Vienna,8,8,176.6,17,2.7583,0.0,0.0,0.5,48.21251,16.438486,17|21|6|23|13,0.2243|0.2041|0.1829|0.1589|0.1270,
unit_000031,Vienna,18,18,341.7,8,2.8181,0.0,0.0,0.5,48.198446,16.268389,8|26|13|16|14,0.1841|0.1647|0.1525|0.1410|0.1405,
unit_000032,Vienna,13,26,262.6,19,2.8511,0.0,0.0,0.5,48.148048,16.264397,19|13|16|3|14,0.1954|0.1795|0.1793|0.1554|0.1428,
unit_000033,Vienna,48,48,951.3,31,2.7582,0.0,0.0,0.5,48.121492,16.292955,31|14|19|22|9,0.2519|0.2110|0.1729|0.1543|0.1166,
unit_000034,Vienna,14,14,253.8,5,2.8825,0.0,0.0,0.5,48.148882,16.296995,5|8|14|12|17,0.2132|0.1612|0.1595|0.1148|0.1121,
unit_000036,Vienna,8,8,175.6,26,2.7744,0.0,0.0,0.5,48.172572,16.286859,26|8|20|3|12,0.2021|0.1357|0.1227|0.1207|0.1178,
unit_000037,Vienna,30,30,492.7,25,2.7335,0.0,0.0,0.5,48.170539,16.288896,25|8|12|31|26,0.2083|0.2070|0.1436|0.1297|0.1235,
unit_000038,Vienna,24,24,534.7,8,2.7603,0.0,0.0,0.5,48.170932,16.291884,8|25|13|19|23,0.2262|0.1518|0.1498|0.1474|0.1446,
unit_000039,Vienna,15,15,306.5,31,2.8318,0.0,0.0,0.5,48.169037,16.305749,31|3|10|26|13,0.1990|0.1709|0.1700|0.1552|0.1487,
unit_000040,Vienna,32,32,593.5,17,2.7728,0.0,0.09654,0.5241,48.164326,16.316944,17|22|5|26|9,0.1585|0.1539|0.1477|0.1472|0.1354,
unit_000041,Vienna,8,8,177.9,31,2.8298,0.0,0.0,0.5,48.157603,16.320769,31|21|19|12|6,0.1999|0.1404|0.1319|0.1306|0.1282,
unit_000042,Vienna,8,8,177.6,31,2.8298,0.0,0.0,0.5,48.157467,16.320766,31|21|19|12|6,0.1999|0.1404|0.1319|0.1306|0.1282,
unit_000043,Vienna,13,26,256.9,31,2.8165,8e-05,0.0,0.5,48.149553,16.33713,31|17|21|27|13,0.1816|0.1689|0.1670|0.1607|0.1607,
unit_000044,Vienna,6,6,126.7,31,2.8114,0.0,0.0,0.5,48.154026,16.334398,31|6|10|21|9,0.2242|0.1679|0.1425|0.1307|0.1231,
unit_000045,Vienna,6,6,127.1,31,2.8114,0.0,0.0,0.5,48.153894,16.33441,31|6|10|21|9,0.2242|0.1679|0.1425|0.1307|0.1231,
unit_000046,Vienna,9,23,203.4,31,2.8275,8e-05,0.0,0.5,48.149715,16.336922,31|17|21|13|27,0.1927|0.1733|0.1663|0.1637|0.1603,
unit_000047,Vienna,8,22,184.3,31,2.8266,7e-05,0.0,0.5,48.149675,16.336695,31|17|21|13|27,0.1950|0.1740|0.1666|0.1643|0.1611,
unit_000048,Vienna,15,15,309.4,31,2.7408,0.0,0.0,0.5,48.118344,16.323479,31|6|17|9|20,0.2392|0.1927|0.1582|0.1505|0.1252,
unit_000049,Vienna,3,3,51.5,31,2.7408,0.0,0.0,0.5,48.11806,16.323826,31|6|17|9|20,0.2392|0.1927|0.1582|0.1505|0.1252,
unit_000050,Vienna,8,8,177.6,31,2.7408,0.0,0.0,0.5,48.118579,16.323011,31|6|17|9|20,0.2392|0.1927|0.1582|0.1505|0.1252,
unit_000051,Vienna,6,6,126.8,31,2.7408,0.0,0.0,0.5,48.119155,16.323115,31|6|17|9|20,0.2392|0.1927|0.1582|0.1505|0.1252,
unit_000052,Vienna,9,9,151.8,6,2.639,0.0,0.0,0.5,48.081438,16.334534,6|31|17|19|20,0.3189|0.1600|0.1236|0.0921|0.0880,
unit_000053,Vienna,7,7,154.6,6,2.639,0.0,0.0,0.5,48.081457,16.334277,6|31|17|19|20,0.3189|0.1600|0.1236|0.0921|0.0880,
unit_000054,Vienna,8,8,177.2,6,2.639,0.0,0.0,0.5,48.081208,16.334123,6|31|17|19|20,0.3189|0.1600|0.1236|0.0921|0.0880,
unit_000055,Vienna,12,12,231.5,6,2.639,0.0,0.0,0.5,48.081291,16.334033,6|31|17|19|20,0.3189|0.1600|0.1236|0.0921|0.0880,
unit_000056,Vienna,8,8,179.3,10,2.69,0.0,0.0,0.5,48.250854,16.287445,10|31|3|9|17,0.2644|0.1755|0.1366|0.1122|0.0993,
unit_000057,Vienna,22,22,361.6,25,2.792,0.0,0.0,0.5,48.222922,16.331584,25|27|16|14|20,0.2645|0.1729|0.1642|0.1257|0.1172,
unit_000058,Vienna,22,22,407.7,5,2.7728,0.0,0.0,0.5,48.185416,16.286862,5|23|3|13|9,0.1694|0.1558|0.1440|0.1383|0.1379,
unit_000059,Vienna,8,8,177.2,9,2.6642,0.0,0.0,0.5,48.162268,16.384991,9|6|20|23|5,0.1851|0.1748|0.1590|0.1336|0.1328,
unit_000060,Vienna,4,4,76.0,9,2.8105,0.0,0.0,0.5,48.160688,16.382817,9|23|31|19|17,0.1887|0.1730|0.1617|0.1583|0.1315,
unit_000061,Vienna,8,8,177.2,21,2.6696,0.0,0.0,0.5,48.160129,16.38061,21|6|20|17|31,0.2488|0.2361|0.1571|0.1507|0.1092,
unit_000062,Vienna,8,8,176.4,9,2.6642,0.0,0.0,0.5,48.162413,16.384904,9|6|20|23|5,0.1851|0.1748|0.1590|0.1336|0.1328,
unit_000063,Vienna,5,5,100.2,19,2.7877,0.0,0.0,0.5,48.176776,16.399819,19|14|13|20|22,0.2060|0.1431|0.1344|0.1255|0.1156,
unit_000064,Vienna,26,53,475.2,23,2.771,0.0,0.0152,0.5038,48.188496,16.338511,23|27|8|20|14,0.2064|0.1410|0.1374|0.1184|0.1149,
unit_000065,Vienna,27,27,488.7,27,2.6205,0.0,0.0,0.5,48.217025,16.368113,27|10|25|23|5,0.1736|0.1134|0.1124|0.0965|0.0893,
unit_000066,Vienna,8,8,175.9,31,2.8049,0.0,0.0,0.5,48.200622,16.247227,31|6|10|16|27,0.2197|0.1879|0.1461|0.1132|0.1057,
unit_000067,Vienna,18,18,344.2,19,2.8167,0.0,0.0,0.5,48.206991,16.307418,19|10|26|25|27,0.1480|0.1476|0.1387|0.1319|0.1290,
unit_000068,Vienna,8,8,180.2,23,2.8617,0.0,0.0,0.5,48.190261,16.317196,23|31|10|8|19,0.1689|0.1547|0.1385|0.1313|0.0959,
unit_000070,Vienna,17,17,340.8,25,2.8163,0.0,0.0,0.5,48.189448,16.308086,25|16|13|19|8,0.2673|0.1590|0.1300|0.1230|0.1114,
unit_000071,Vienna,40,40,769.3,25,2.5213,0.0,0.0,0.5,48.190333,16.32292,25|8|23|31|26,0.2250|0.2129|0.1595|0.1332|0.1153,
unit_000072,Vienna,23,23,391.4,3,2.8356,0.0,0.0,0.5,48.166921,16.271537,3|13|19|23|10,0.2293|0.1874|0.1522|0.1497|0.1269,
unit_000073,Vienna,5,5,101.9,3,2.8356,0.0,0.0,0.5,48.166135,16.271669,3|13|19|23|10,0.2293|0.1874|0.1522|0.1497|0.1269,
unit_000074,Vienna,31,31,661.8,16,2.8335,0.0,0.0,0.5,48.223641,16.314065,16|9|23|27|14,0.1987|0.1464|0.1462|0.1414|0.1254,
unit_000076,Vienna,15,15,267.7,25,2.5935,0.0,0.0,0.5,48.225473,16.346736,25|23|8|10|22,0.3064|0.0914|0.0879|0.0857|0.0815,
unit_000077,Vienna,8,8,175.7,21,2.7903,0.0,0.0,0.5,48.245224,16.364289,21|20|17|6|8,0.2205|0.1416|0.1297|0.1082|0.1058,
unit_000078,Vienna,8,8,176.2,10,2.8573,0.0,0.0,0.5,48.150499,16.31401,10|23|31|5|14,0.1853|0.1794|0.1746|0.1415|0.1327,
unit_000079,Vienna,17,17,335.5,25,2.846,0.0,0.0,0.5,48.191482,16.26916,25|16|27|14|19,0.2212|0.1754|0.1652|0.1343|0.1313,
unit_000080,Vienna,8,16,175.1,17,2.8804,0.0,0.0,0.5,48.194666,16.263795,17|9|14|20|12,0.2058|0.1307|0.1232|0.1227|0.1169,
unit_000081,Vienna,26,26,427.8,23,2.6781,0.0,0.0,0.5,48.219478,16.368577,23|27|26|20|12,0.2138|0.1467|0.1377|0.1352|0.1027,
unit_000082,Vienna,5,5,50.5,19,2.7877,0.0,0.0,0.5,48.176711,16.399961,19|14|13|20|22,0.2060|0.1431|0.1344|0.1255|0.1156,
unit_000083,Vienna,7,14,151.8,6,2.7497,0.0,0.00991,0.5025,48.180799,16.403095,6|21|20|22|14,0.2383|0.1758|0.1564|0.1202|0.1184,
unit_000085,Vienna,8,8,176.0,31,2.8114,0.0,0.0,0.5,48.15347,16.334117,31|6|10|21|9,0.2242|0.1679|0.1425|0.1307|0.1231,
unit_000086,Vienna,15,15,316.1,9,2.8152,0.0,0.0,0.5,48.206227,16.222473,9|22|19|14|31,0.2002|0.1667|0.1613|0.1576|0.1465,
unit_000087,Vienna,23,23,426.6,16,2.8485,0.0,0.0,0.5,48.150177,16.333685,16|27|19|25|13,0.1531|0.1492|0.1461|0.1454|0.1416,
unit_000088,Vienna,71,185,1429.2,31,2.828,6e-05,0.15376,0.5384,48.149764,16.336177,31|17|13|21|27,0.2041|0.1743|0.1628|0.1618|0.1587,
unit_000089,Vienna,11,11,219.9,31,2.8621,0.0,0.15376,0.5384,48.149055,16.338141,31|14|23|19|21,0.2159|0.1621|0.1448|0.1271|0.1223,
unit_000090,Vienna,10,10,181.4,6,2.658,0.0,0.0,0.5,48.116771,16.294966,6|21|31|17|20,0.2561|0.2086|0.1912|0.1686|0.1260,
unit_000091,Vienna,4,4,79.4,3,2.8428,0.0,0.0,0.5,48.200318,16.28898,3|13|5|19|23,0.2917|0.1710|0.1507|0.1383|0.1346,
unit_000092,Vienna,4,4,76.0,8,2.753,0.0,0.0,0.5,48.196466,16.294057,8|25|12|31|13,0.1800|0.1795|0.1681|0.1253|0.1164,
unit_000094,Vienna,7,7,156.2,9,2.5865,0.0,0.0,0.5,48.104492,16.315482,9|19|22|20|14,0.1855|0.1754|0.1687|0.1285|0.1264,
unit_000095,Vienna,14,14,286.7,31,2.8472,0.0,0.0,0.5,48.203334,16.231998,31|6|9|21|23,0.2036|0.2021|0.1856|0.1281|0.1189,
unit_000096,Vienna,15,15,306.9,31,2.8472,0.0,0.0,0.5,48.203472,16.232219,31|6|9|21|23,0.2036|0.2021|0.1856|0.1281|0.1189,
unit_000097,Vienna,7,7,150.2,31,2.8049,0.0,0.0,0.5,48.201078,16.247012,31|6|10|16|27,0.2197|0.1879|0.1461|0.1132|0.1057,
unit_000098,Vienna,28,28,517.8,22,2.8091,0.0,0.0,0.5,48.141021,16.323843,22|5|26|3|23,0.1992|0.1546|0.1513|0.1340|0.1287,
unit_000099,Vienna,32,32,599.8,25,2.7158,0.0,0.0,0.5,48.233182,16.353758,25|10|27|13|14,0.2529|0.1648|0.1447|0.1359|0.1342,
unit_000100,Vienna,7,7,159.7,20,2.8343,0.0,0.0,0.5,48.235786,16.355279,20|6|23|17|26,0.1558|0.1253|0.1247|0.1148|0.0983,
unit_000101,Vienna,7,7,153.4,20,2.8343,0.0,0.0,0.5,48.235686,16.355773,20|6|23|17|26,0.1558|0.1253|0.1247|0.1148|0.0983,
unit_000102,Vienna,7,7,157.5,6,2.5515,0.0,0.0,0.5,48.236304,16.360492,6|20|31|17|26,0.2462|0.1757|0.1546|0.1376|0.1208,
unit_000103,Vienna,14,14,284.6,23,2.8117,0.0,0.0,0.5,48.239145,16.362748,23|17|12|22|13,0.1728|0.1699|0.1646|0.1493|0.1434,
unit_000104,Vienna,8,8,180.5,6,2.5515,0.0,0.0,0.5,48.236583,16.360534,6|20|31|17|26,0.2462|0.1757|0.1546|0.1376|0.1208,
unit_000105,Vienna,7,14,150.8,17,2.8801,0.0,0.0,0.5,48.195124,16.263812,17|9|14|20|12,0.2055|0.1305|0.1230|0.1230|0.1166,
unit_000106,Vienna,8,8,178.7,5,2.8651,0.0,0.0,0.5,48.232717,16.41806,5|23|31|14|19,0.2055|0.1626|0.1256|0.1194|0.1098,
unit_000107,Vienna,8,8,182.5,5,2.8651,0.0,0.0,0.5,48.23286,16.417926,5|23|31|14|19,0.2055|0.1626|0.1256|0.1194|0.1098,
unit_000108,Vienna,32,32,614.8,5,2.7711,0.0,0.0,0.5,48.222321,16.398498,5|8|14|25|22,0.2041|0.1582|0.1546|0.1167|0.1121,
unit_000109,Vienna,17,17,356.5,5,2.8673,0.0,0.0,0.5,48.225417,16.424442,5|14|8|25|17,0.1912|0.1480|0.1189|0.1145|0.1102,
unit_000110,Vienna,23,23,401.3,23,2.6647,0.0,0.0,0.5,48.211523,16.378388,23|12|31|8|20,0.1940|0.1437|0.1303|0.1293|0.1284,
unit_000111,Vienna,31,31,589.2,23,2.5663,0.0,0.0,0.5,48.214046,16.362586,23|25|8|20|31,0.2097|0.1699|0.1555|0.0970|0.0928,
unit_000112,Vienna,23,23,430.3,23,2.7633,0.0,0.0,0.5,48.199955,16.365931,23|14|25|5|22,0.1693|0.1403|0.1383|0.1376|0.1371,
unit_000113,Vienna,28,28,564.1,25,2.759,0.0,0.0,0.5,48.196605,16.355406,25|14|27|8|23,0.2020|0.1519|0.1489|0.1180|0.1158,
unit_000114,Vienna,3,3,56.9,23,2.5663,0.0,0.0,0.5,48.21481,16.362412,23|25|8|20|31,0.2097|0.1699|0.1555|0.0970|0.0928,
unit_000115,Vienna,24,24,450.4,25,2.7522,0.0,0.0,0.5,48.217286,16.337228,25|16|27|8|23,0.2930|0.1525|0.1399|0.1096|0.0832,
unit_000116,Vienna,37,37,614.8,25,2.64,0.0,0.03531,0.5088,48.215225,16.340749,25|23|8|12|22,0.2324|0.1713|0.1524|0.1142|0.1130,
unit_000117,Vienna,5,5,107.4,25,2.8084,0.0,0.0,0.5,48.217649,16.33399,25|23|27|14|8,0.2248|0.1572|0.1243|0.1240|0.1194,
unit_000118,Vienna,23,23,416.3,25,2.7678,0.0,0.0,0.5,48.217624,16.309234,25|23|26|8|12,0.2907|0.1284|0.1231|0.1210|0.1101,
unit_000119,Vienna,19,19,354.1,3,2.8183,0.0,0.0,0.5,48.217043,16.285829,3|5|12|27|14,0.2403|0.1638|0.1404|0.1337|0.1321,
unit_000120,Vienna,13,13,269.7,9,2.6772,0.0,0.0,0.5,48.216475,16.27806,9|10|3|20|5,0.2206|0.1811|0.1387|0.1382|0.1295,
unit_000121,Vienna,6,6,77.2,9,2.6772,0.0,0.0,0.5,48.215626,16.277538,9|10|3|20|5,0.2206|0.1811|0.1387|0.1382|0.1295,
unit_000122,Vienna,16,16,285.6,27,2.7738,0.0,0.0,0.5,48.189148,16.34314,27|8|17|10|23,0.1622|0.1285|0.1282|0.1258|0.1188,
unit_000123,Vienna,13,13,290.3,25,2.6248,0.0,0.0,0.5,48.187893,16.34581,25|27|10|5|14,0.2555|0.1480|0.1171|0.1168|0.1152,
unit_000124,Vienna,5,5,101.3,25,2.6248,0.0,0.0,0.5,48.188607,16.345659,25|27|10|5|14,0.2555|0.1480|0.1171|0.1168|0.1152,
unit_000125,Vienna,7,14,159.3,6,2.6507,0.0,0.0,0.5,48.173468,16.455115,6|9|22|20|13,0.2605|0.1772|0.1665|0.1411|0.1181,
unit_000126,Vienna,8,8,177.2,9,2.8575,0.0,0.0,0.5,48.288709,16.382363,9|22|23|5|3,0.2158|0.1695|0.1496|0.1152|0.1150,
unit_000127,Vienna,12,12,231.7,13,2.8591,0.0,0.0,0.5,48.179046,16.271174,13|3|14|12|19,0.2163|0.1625|0.1611|0.1512|0.1312,
unit_000128,Vienna,7,14,153.0,17,2.8805,0.0,0.0,0.5,48.194302,16.263651,17|9|14|20|12,0.2059|0.1308|0.1233|0.1226|0.1170,
unit_000129,Vienna,10,10,177.9,31,2.8298,0.0,0.0,0.5,48.157823,16.320684,31|21|19|12|6,0.1999|0.1404|0.1319|0.1306|0.1282,
unit_000130,Vienna,11,11,220.0,26,2.832,0.0,0.0,0.5,48.183317,16.292856,26|23|25|3|8,0.1725|0.1646|0.1503|0.1375|0.1250,
unit_000131,Vienna,8,8,176.6,26,2.8305,0.0,0.0,0.5,48.181299,16.318219,26|5|23|20|22,0.1926|0.1427|0.1367|0.1254|0.1097,
unit_000132,Vienna,8,8,176.6,9,2.7316,0.0,0.0,0.5,48.176479,16.314803,9|23|17|20|21,0.1817|0.1384|0.1354|0.1320|0.1061,
unit_000133,Vienna,34,34,569.9,5,2.6986,0.0,0.09654,0.5241,48.166103,16.316478,5|12|9|17|22,0.1541|0.1323|0.1285|0.1201|0.1145,
unit_000134,Vienna,7,7,154.1,3,2.7673,0.0,0.0,0.5,48.20063,16.296792,3|13|19|8|10,0.2486|0.1463|0.1426|0.1284|0.1217,
unit_000135,Vienna,38,38,601.0,25,2.643,0.0,0.0,0.5,48.199168,16.317863,25|16|5|20|26,0.2135|0.1616|0.1290|0.1266|0.1228,
unit_000136,Vienna,30,30,624.8,6,2.7923,0.0,0.0,0.5,48.293113,16.336849,6|23|3|19|17,0.1758|0.1607|0.1594|0.1478|0.1297,
unit_000137,Vienna,8,8,178.7,23,2.8249,0.0,0.0,0.5,48.267475,16.363753,23|9|6|17|26,0.1896|0.1570|0.1460|0.1114|0.1064,
unit_000138,Vienna,15,15,241.8,5,2.7969,0.0,0.0,0.5,48.252382,16.365913,5|12|8|26|16,0.2019|0.1723|0.1525|0.1493|0.1301,
unit_000139,Vienna,15,15,275.1,5,2.7706,0.0,0.0,0.5,48.205245,16.305911,5|12|8|9|26,0.2018|0.1757|0.1508|0.1353|0.1315,
unit_000140,Vienna,17,17,318.6,8,2.779,0.0,0.0,0.5,48.205759,16.30864,8|12|17|22|20,0.2003|0.1466|0.1263|0.1187|0.1176,
unit_000141,Vienna,3,3,50.5,5,2.7706,0.0,0.0,0.5,48.205096,16.306928,5|12|8|9|26,0.2018|0.1757|0.1508|0.1353|0.1315,
unit_000142,Vienna,6,6,127.6,23,2.8179,0.0,0.0,0.5,48.207554,16.310441,23|17|14|26|19,0.1910|0.1708|0.1584|0.1496|0.1432,
unit_000143,Vienna,16,16,281.8,16,2.7005,0.0,0.0,0.5,48.204953,16.313618,16|3|5|27|9,0.1790|0.1608|0.1560|0.1314|0.1232,
unit_000144,Vienna,31,31,545.9,12,2.8315,0.0,0.0,0.5,48.201429,16.31242,12|14|25|16|17,0.1865|0.1838|0.1745|0.1572|0.1452,
unit_000145,Vienna,8,8,179.3,10,2.8573,0.0,0.0,0.5,48.150424,16.314172,10|23|31|5|14,0.1853|0.1794|0.1746|0.1415|0.1327,
unit_000146,Vienna,30,30,509.5,9,2.5865,0.0,0.0,0.5,48.104584,16.314986,9|19|22|20|14,0.1855|0.1754|0.1687|0.1285|0.1264,
unit_000147,Vienna,25,25,463.9,19,2.8637,0.0,0.0,0.5,48.082378,16.313757,19|27|23|31|22,0.1650|0.1409|0.1344|0.1333|0.1287,
unit_000148,Vienna,12,12,242.9,12,2.8435,0.0,0.0,0.5,48.08455,16.304165,12|3|5|9|27,0.1850|0.1733|0.1547|0.1512|0.1144,
unit_000149,Vienna,22,22,397.9,3,2.7631,0.0,0.0,0.5,48.161529,16.291496,3|23|26|17|12,0.2278|0.1812|0.1776|0.1551|0.1335,
unit_000151,Vienna,22,22,389.9,25,2.5817,0.0,0.0,0.5,48.2075,16.342752,25|8|27|23|10,0.2235|0.1626|0.0926|0.0899|0.0802,
unit_000152,Vienna,13,13,278.2,5,2.8448,0.0,0.0,0.5,48.217014,16.411326,5|26|19|27|8,0.1505|0.1380|0.1228|0.1121|0.1096,
unit_000153,Vienna,17,34,305.5,8,2.8274,0.0,0.0,0.5,48.214793,16.414653,8|14|27|5|16,0.1688|0.1517|0.1483|0.1309|0.1301,
unit_000154,Vienna,14,14,235.5,25,2.7078,0.0,0.0,0.5,48.219325,16.397311,25|26|10|19|27,0.1873|0.1593|0.1583|0.1465|0.1284,
unit_000155,Vienna,22,22,416.6,25,2.7433,0.0,0.0,0.5,48.185286,16.361033,25|27|10|20|16,0.2505|0.1830|0.1555|0.1345|0.1271,
unit_000156,Vienna,3,3,59.1,25,2.7433,0.0,0.0,0.5,48.184635,16.3618,25|27|10|20|16,0.2505|0.1830|0.1555|0.1345|0.1271,
unit_000157,Vienna,59,100,1014.5,23,2.8871,7e-05,0.0,0.5,48.180347,16.349179,23|8|27|5|9,0.2295|0.1499|0.1495|0.1400|0.1341,
unit_000158,Vienna,8,8,176.3,23,2.6683,0.0,0.0,0.5,48.185541,16.372057,23|27|17|12|6,0.1670|0.1662|0.1517|0.1371|0.1262,
unit_000159,Vienna,19,19,375.3,8,2.8414,0.0,0.0,0.5,48.177796,16.380423,8|25|14|12|23,0.1720|0.1450|0.1419|0.1341|0.1224,
unit_000160,Vienna,8,8,175.9,21,2.3112,0.0,0.0,0.5,48.226112,16.450409,21|6|9|20|25,0.3784|0.2762|0.0976|0.0892|0.0801,
unit_000161,Vienna,16,16,330.7,21,2.3112,0.0,0.0,0.5,48.225978,16.45049,21|6|9|20|25,0.3784|0.2762|0.0976|0.0892|0.0801,
unit_000162,Vienna,8,8,176.4,6,2.658,0.0,0.0,0.5,48.116729,16.294723,6|21|31|17|20,0.2561|0.2086|0.1912|0.1686|0.1260,
unit_000163,Vienna,7,7,156.0,6,2.658,0.0,0.0,0.5,48.117012,16.294626,6|21|31|17|20,0.2561|0.2086|0.1912|0.1686|0.1260,
unit_000164,Vienna,8,8,177.2,6,2.7599,0.0,0.0,0.5,48.119778,16.303856,6|31|21|13|17,0.2356|0.2173|0.1954|0.1137|0.1111,
unit_000165,Vienna,16,23,338.5,6,2.7472,0.0002,0.0,0.5,48.256246,16.383354,6|31|17|26|23,0.2449|0.1933|0.1396|0.1237|0.0910,
unit_000166,Vienna,27,27,595.8,25,2.6669,0.0,0.0,0.5,48.192926,16.370559,25|27|10|23|14,0.2266|0.1883|0.1084|0.0958|0.0928,
unit_000167,Vienna,8,8,175.8,6,2.7046,0.0,0.0,0.5,48.127686,16.369634,6|21|31|17|9,0.2083|0.2034|0.2011|0.1496|0.0997,
unit_000168,Vienna,8,8,175.1,6,2.7915,0.0,0.0,0.5,48.119017,16.326465,6|31|21|10|22,0.1863|0.1839|0.1440|0.1429|0.1289,
unit_000169,Vienna,7,7,151.4,6,2.7915,0.0,0.0,0.5,48.11877,16.326451,6|31|21|10|22,0.1863|0.1839|0.1440|0.1429|0.1289,
unit_000170,Vienna,11,11,209.2,6,2.6188,0.0,0.0,0.5,48.150711,16.489787,6|13|21|9|22,0.2961|0.1422|0.1336|0.1290|0.1218,
unit_000171,Vienna,8,8,176.4,6,2.6188,0.0,0.0,0.5,48.151178,16.489701,6|13|21|9|22,0.2961|0.1422|0.1336|0.1290|0.1218,
unit_000172,Vienna,8,17,175.5,6,2.7233,0.0,0.02388,0.506,48.132796,16.536875,6|31|21|10|13,0.2881|0.2148|0.1995|0.1133|0.1016,
unit_000173,Vienna,7,7,150.5,6,2.5967,0.0,0.02388,0.506,48.133325,16.535265,6|21|31|20|17,0.2687|0.2364|0.1592|0.1121|0.1102,
unit_000174,Vienna,8,16,175.5,6,2.777,0.0,0.0,0.5,48.13757,16.526445,6|21|9|31|22,0.2527|0.1407|0.1372|0.1361|0.1230,
unit_000175,Vienna,8,8,175.5,21,2.5275,0.0,0.0,0.5,48.141914,16.519061,21|6|20|31|17,0.2792|0.2625|0.1298|0.1076|0.0888,
unit_000176,Vienna,8,8,175.5,10,2.5182,0.0,0.0,0.5,48.143165,16.515913,10|3|20|19|9,0.1720|0.1700|0.1145|0.1040|0.0975,
unit_000177,Vienna,8,8,176.0,6,2.7046,0.0,0.0,0.5,48.127793,16.369667,6|21|31|17|9,0.2083|0.2034|0.2011|0.1496|0.0997,
unit_000178,Vienna,7,7,153.9,31,2.7574,0.0,0.0,0.5,48.132331,16.338942,31|17|6|21|13,0.2238|0.2231|0.1835|0.1665|0.1281,
unit_000179,Vienna,8,8,175.7,31,2.7574,0.0,0.0,0.5,48.132489,16.338993,31|17|6|21|13,0.2238|0.2231|0.1835|0.1665|0.1281,
unit_000180,Vienna,16,16,322.1,25,2.8161,0.0,0.0,0.5,48.230435,16.351688,25|26|23|14|17,0.1843|0.1812|0.1794|0.1446|0.1345,
unit_000181,Vienna,6,6,125.1,6,2.5515,0.0,0.0,0.5,48.235944,16.360292,6|20|31|17|26,0.2462|0.1757|0.1546|0.1376|0.1208,
unit_000182,Vienna,8,8,175.1,6,2.5515,0.0,0.0,0.5,48.236232,16.36055,6|20|31|17|26,0.2462|0.1757|0.1546|0.1376|0.1208,
unit_000183,Vienna,8,16,177.6,9,2.8028,0.0,0.0,0.5,48.240126,16.364681,9|26|20|5|6,0.1666|0.1649|0.1258|0.1221|0.1131,
unit_000184,Vienna,15,20,304.5,6,2.7482,0.00021,0.0,0.4999,48.256345,16.383304,6|31|17|26|23,0.2442|0.1926|0.1391|0.1234|0.0908,
unit_000185,Vienna,8,8,179.8,9,2.7999,0.0,0.0,0.5,48.268571,16.397561,9|22|17|19|23,0.1862|0.1816|0.1741|0.1640|0.1405,
unit_000186,Vienna,16,31,314.8,25,2.7719,0.0,0.0,0.5,48.211293,16.320079,25|8|23|22|27,0.2929|0.1447|0.1224|0.1119|0.0995,
unit_000187,Vienna,15,15,310.2,16,2.8034,0.0,0.0,0.5,48.217263,16.312688,16|20|5|22|26,0.2179|0.1506|0.1383|0.1344|0.1287,
unit_000188,Vienna,25,25,489.4,27,2.8511,0.0,0.0,0.5,48.214689,16.310352,27|25|14|12|16,0.2009|0.1915|0.1287|0.1197|0.1012,
unit_000189,Vienna,20,20,395.8,25,2.6673,0.0,0.0,0.5,48.205392,16.349223,25|16|22|27|20,0.2464|0.1503|0.1423|0.1293|0.1051,
unit_000190,Vienna,17,17,350.7,25,2.8228,0.0,0.0,0.5,48.20037,16.343185,25|14|27|8|23,0.2062|0.1460|0.1381|0.1375|0.1368,
unit_000191,Vienna,19,19,380.5,16,2.7482,0.0,0.0,0.5,48.212984,16.316945,16|26|20|25|12,0.1458|0.1426|0.1402|0.1396|0.1391,
unit_000192,Vienna,3,6,53.7,25,2.7682,0.0,0.0,0.5,48.21185,16.319643,25|8|23|22|27,0.2949|0.1474|0.1206|0.1096|0.0998,
unit_000194,Vienna,13,13,268.6,9,2.7316,0.0,0.0,0.5,48.176479,16.315367,9|23|17|20|21,0.1817|0.1384|0.1354|0.1320|0.1061,
unit_000195,Vienna,8,8,176.9,3,2.8838,0.0,0.0,0.5,48.171987,16.318514,3|19|31|5|10,0.1590|0.1506|0.1502|0.1369|0.1337,
unit_000196,Vienna,8,8,182.8,26,2.8305,0.0,0.0,0.5,48.181227,16.318288,26|5|23|20|22,0.1926|0.1427|0.1367|0.1254|0.1097,
unit_000197,Vienna,40,41,642.7,25,2.6702,0.0,0.13114,0.5327,48.191518,16.330899,25|23|8|17|22,0.2627|0.1605|0.1545|0.1145|0.1052,
unit_000198,Vienna,29,29,538.5,8,2.6949,0.0,0.0,0.5,48.201846,16.329376,8|16|13|19|12,0.1953|0.1652|0.1578|0.1490|0.1429,
unit_000199,Vienna,5,5,106.2,8,2.6949,0.0,0.0,0.5,48.20254,16.329015,8|16|13|19|12,0.1953|0.1652|0.1578|0.1490|0.1429,
unit_000200,Vienna,13,13,261.0,3,2.7828,0.0,0.0,0.5,48.289774,16.334199,3|19|14|13|23,0.2753|0.1435|0.0934|0.0911|0.0894,
unit_000201,Vienna,33,33,558.0,16,2.856,0.0,0.0,0.5,48.303391,16.326531,16|5|3|14|19,0.1884|0.1646|0.1415|0.1317|0.1309,
unit_000202,Vienna,37,37,600.2,16,2.717,0.0,0.0,0.5,48.304019,16.321485,16|27|3|20|14,0.2668|0.1390|0.1212|0.1179|0.1078,
unit_000203,Vienna,26,26,523.0,23,2.8715,0.0,0.0,0.5,48.290712,16.311479,23|3|16|27|26,0.1774|0.1678|0.1450|0.1321|0.1239,
unit_000204,Vienna,8,8,175.4,10,2.6601,0.0,0.0,0.5,48.264201,16.281651,10|31|6|9|3,0.1872|0.1730|0.1521|0.1324|0.1252,
unit_000205,Vienna,12,12,275.7,10,2.6601,0.0,0.0,0.5,48.263782,16.281561,10|31|6|9|3,0.1872|0.1730|0.1521|0.1324|0.1252,
unit_000206,Vienna,43,43,658.2,25,2.6135,0.0,0.0,0.5,48.222071,16.352907,25|27|14|16|10,0.2786|0.1532|0.1357|0.1308|0.1142,
unit_000207,Vienna,5,5,101.4,6,2.5215,0.0,0.0,0.5,48.280229,16.366653,6|31|17|20|26,0.2919|0.1561|0.1399|0.1357|0.1297,
unit_000208,Vienna,6,7,131.1,6,2.548,3e-05,0.03067,0.5077,48.280206,16.366239,6|31|17|20|26,0.2944|0.1614|0.1425|0.1374|0.1283,
unit_000209,Vienna,14,15,307.5,6,2.7272,0.0,0.03067,0.5077,48.281345,16.365508,6|31|21|13|17,0.2416|0.1991|0.1666|0.1408|0.1376,
unit_000210,Vienna,8,8,176.1,6,2.6938,0.0,0.0,0.5,48.264107,16.379261,6|21|9|20|23,0.2921|0.1807|0.1370|0.1080|0.1014,
unit_000211,Vienna,8,8,175.2,6,2.7599,0.0,0.0,0.5,48.119635,16.303904,6|31|21|13|17,0.2356|0.2173|0.1954|0.1137|0.1111,
unit_000212,Vienna,11,11,211.5,3,2.8154,0.0,0.0,0.5,48.307768,16.265614,3|19|13|16|27,0.2349|0.1740|0.1473|0.1217|0.1155,
unit_000213,Vienna,7,7,156.6,12,2.8778,0.0,0.0,0.5,48.191059,16.391575,12|14|8|3|5,0.1932|0.1494|0.1491|0.1218|0.1152,
unit_000214,Vienna,26,26,456.1,31,2.7725,0.0,0.11998,0.53,48.188091,16.391123,31|27|12|8|23,0.2066|0.1532|0.1398|0.1319|0.1280,
unit_000217,Vienna,4,8,75.7,6,2.7494,0.0,0.0,0.5,48.181249,16.402796,6|21|20|22|14,0.2381|0.1758|0.1562|0.1202|0.1179,
unit_000218,Vienna,8,8,177.5,3,2.8805,0.0,0.0,0.5,48.198074,16.412981,3|5|22|13|23,0.1964|0.1644|0.1465|0.1418|0.1342,
unit_000219,Vienna,5,5,100.2,6,2.6475,0.0,0.0,0.5,48.199548,16.425675,6|21|22|20|31,0.2504|0.1537|0.1137|0.1008|0.0957,
unit_000220,Vienna,20,20,378.7,8,2.8306,0.0,0.0,0.5,48.167631,16.386521,8|23|5|9|22,0.1939|0.1844|0.1532|0.1304|0.1238,
unit_000221,Vienna,45,45,761.5,19,2.8105,0.0,0.0,0.5,48.139033,16.399558,19|16|3|13|14,0.2304|0.2018|0.1814|0.1654|0.1294,
unit_000223,Vienna,8,8,176.9,6,2.6689,0.0,0.0,0.5,48.10105,16.250125,6|21|10|22|31,0.1946|0.1923|0.1728|0.1554|0.1201,
unit_000224,Vienna,8,8,175.1,6,2.6822,0.0,0.0,0.5,48.09013,16.234893,6|22|9|5|10,0.2577|0.1365|0.1174|0.1159|0.1092,
unit_000225,Vienna,8,8,175.1,6,2.7653,0.0,0.0,0.5,48.097522,16.241389,6|21|31|17|10,0.2735|0.1542|0.1522|0.1210|0.0979,
unit_000226,Vienna,8,8,175.1,6,2.6689,0.0,0.0,0.5,48.101221,16.250101,6|21|10|22|31,0.1946|0.1923|0.1728|0.1554|0.1201,
unit_000227,Vienna,7,7,152.9,6,2.658,0.0,0.0,0.5,48.116602,16.294766,6|21|31|17|20,0.2561|0.2086|0.1912|0.1686|0.1260,
unit_000228,Vienna,25,29,450.3,23,2.807,0.0,0.01818,0.5045,48.188797,16.339951,23|27|26|19|31,0.1733|0.1614|0.1396|0.1395|0.1368,
unit_000230,Vienna,58,112,876.1,20,2.6664,0.0,0.0,0.5,48.180191,16.359385,20|23|21|14|9,0.2200|0.1982|0.1574|0.1569|0.1304,
unit_000231,Vienna,8,8,177.0,17,2.8251,0.0,0.0,0.5,48.180353,16.357557,17|23|14|12|22,0.2517|0.1706|0.1533|0.1509|0.1113,
unit_000233,Vienna,8,8,177.4,17,2.8251,0.0,0.0,0.5,48.180473,16.357557,17|23|14|12|22,0.2517|0.1706|0.1533|0.1509|0.1113,
unit_000234,Vienna,7,7,157.8,23,2.8165,0.0,0.0,0.5,48.232655,16.360749,23|17|26|9|21,0.2041|0.1869|0.1613|0.1588|0.1359,
unit_000235,Vienna,7,7,152.8,23,2.8165,0.0,0.0,0.5,48.232438,16.360439,23|17|26|9|21,0.2041|0.1869|0.1613|0.1588|0.1359,
unit_000236,Vienna,6,6,129.0,25,2.6875,0.0,0.0,0.5,48.221481,16.3663,25|27|10|13|16,0.2503|0.1567|0.1456|0.1149|0.1072,
unit_000237,Vienna,20,20,380.7,13,2.9002,0.0,0.0,0.5,48.087515,16.298668,13|5|8|3|19,0.2027|0.1550|0.1532|0.1454|0.1406,
unit_000238,Vienna,7,7,153.1,3,2.7743,0.0,0.0,0.5,48.085242,16.248866,3|19|13|17|10,0.2743|0.1754|0.1246|0.1109|0.0987,
unit_000240,Vienna,28,28,496.1,27,2.677,0.0,0.0,0.5,48.193544,16.33861,27|25|20|12|9,0.2138|0.1594|0.1496|0.1253|0.1209,
unit_000241,Vienna,6,12,126.6,6,2.7495,0.0,0.0,0.5,48.181149,16.402875,6|21|20|22|14,0.2380|0.1757|0.1561|0.1201|0.1179,
unit_000242,Vienna,8,15,178.5,6,2.7532,2e-05,0.00998,0.5025,48.180665,16.403095,6|21|20|14|22,0.2373|0.1743|0.1562|0.1199|0.1195,
unit_000244,Vienna,17,17,305.6,8,2.7978,0.0,0.0,0.5,48.228813,16.456108,8|23|22|14|31,0.2183|0.1667|0.1436|0.1316|0.1240,
unit_000246,Vienna,32,32,476.4,9,2.7339,0.0,0.0,0.5,48.078579,16.351932,9|22|3|12|10,0.1997|0.1861|0.1646|0.1557|0.1463,
unit_000247,Vienna,13,13,252.1,22,2.8089,0.0,0.0,0.5,48.178392,16.441045,22|19|3|26|17,0.1868|0.1731|0.1651|0.1520|0.1495,
unit_000248,Vienna,17,33,311.3,6,2.7596,0.0,0.0,0.5,48.164125,16.410399,6|23|20|17|31,0.1923|0.1780|0.1687|0.1429|0.1315,
unit_000249,Vienna,12,12,228.2,19,2.8786,0.0,0.0,0.5,48.1674,16.469088,19|14|31|23|10,0.1495|0.1412|0.1410|0.1286|0.1251,
unit_000250,Vienna,26,26,467.3,23,2.8382,0.0,0.0,0.5,48.16185,16.382362,23|22|10|14|17,0.2149|0.1671|0.1435|0.1431|0.1289,
unit_000251,Vienna,8,8,175.9,21,2.6696,0.0,0.0,0.5,48.160245,16.38064,21|6|20|17|31,0.2488|0.2361|0.1571|0.1507|0.1092,
unit_000252,Vienna,21,21,383.4,9,2.8105,0.0,0.0,0.5,48.159859,16.383098,9|23|31|19|17,0.1887|0.1730|0.1617|0.1583|0.1315,
unit_000253,Vienna,5,5,101.9,31,2.7574,0.0,0.0,0.5,48.132848,16.338615,31|17|6|21|13,0.2238|0.2231|0.1835|0.1665|0.1281,
unit_000254,Vienna,3,3,55.0,9,2.6642,0.0,0.0,0.5,48.161647,16.384563,9|6|20|23|5,0.1851|0.1748|0.1590|0.1336|0.1328,
unit_000255,Vienna,6,6,125.2,9,2.6642,0.0,0.0,0.5,48.162147,16.385316,9|6|20|23|5,0.1851|0.1748|0.1590|0.1336|0.1328,
unit_000256,Vienna,12,12,206.6,23,2.8027,0.0,0.0,0.5,48.12504,16.318801,23|9|22|6|12,0.1626|0.1571|0.1437|0.1013|0.0984,
unit_000257,Vienna,6,12,128.8,6,2.6509,0.0,0.0,0.5,48.173281,16.455507,6|9|22|20|13,0.2601|0.1772|0.1671|0.1411|0.1185,
unit_000258,Vienna,7,7,150.0,17,2.7963,0.0,0.0,0.5,48.152581,16.482831,17|6|31|10|13,0.2133|0.1761|0.1539|0.1512|0.1315,
unit_000259,Vienna,8,8,175.0,6,2.6617,0.0,0.0,0.5,48.156803,16.478383,6|22|9|20|31,0.2828|0.1356|0.1308|0.1237|0.0986,
unit_000260,Vienna,8,8,175.0,6,2.7172,0.0,0.0,0.5,48.160037,16.477406,6|20|17|9|13,0.2396|0.1607|0.1366|0.1339|0.1244,
unit_000261,Vienna,7,7,150.0,9,2.7583,0.0,0.0,0.5,48.164303,16.472996,9|23|17|13|26,0.2149|0.2000|0.1878|0.1476|0.1468,
unit_000262,Vienna,18,18,363.8,25,2.7914,0.0,0.0,0.5,48.22654,16.333443,25|16|27|20|14,0.2281|0.1953|0.1498|0.1328|0.1292,
unit_000263,Vienna,8,8,175.6,14,2.8563,0.0,0.0,0.5,48.165013,16.433573,14|13|8|5|19,0.1696|0.1512|0.1499|0.1492|0.1264,
unit_000264,Vienna,13,13,270.0,3,2.8417,0.0,0.0,0.5,48.162898,16.429711,3|19|5|14|13,0.2185|0.1741|0.1531|0.1463|0.1443,
unit_000265,Vienna,21,21,355.4,6,2.5967,0.0,0.0,0.5,48.132709,16.535114,6|21|31|20|17,0.2687|0.2364|0.1592|0.1121|0.1102,
unit_000266,Vienna,3,3,50.8,6,2.681,0.0,0.0,0.5,48.131962,16.536573,6|31|21|10|9,0.2867|0.2052|0.1947|0.1153|0.0989,
unit_000267,Vienna,8,16,178.1,6,2.7776,0.0,0.0,0.5,48.125346,16.481684,6|21|17|31|10,0.2718|0.1807|0.1720|0.1495|0.0976,
unit_000268,Vienna,8,16,190.2,6,2.7774,0.0,0.0,0.5,48.125112,16.481671,6|21|17|31|10,0.2719|0.1806|0.1720|0.1493|0.0977,
unit_000269,Vienna,8,16,175.5,6,2.7772,0.0,0.0,0.5,48.125019,16.481754,6|21|17|31|10,0.2720|0.1806|0.1719|0.1490|0.0979,
unit_000270,Vienna,8,8,175.0,6,2.7494,0.0,0.0,0.5,48.132211,16.344757,6|31|21|10|17,0.2258|0.2247|0.1753|0.1077|0.1054,
unit_000271,Vienna,5,5,105.0,6,2.658,0.0,0.0,0.5,48.116387,16.295097,6|21|31|17|20,0.2561|0.2086|0.1912|0.1686|0.1260,
unit_000272,Vienna,7,7,156.1,13,2.8053,0.0,0.0,0.5,48.160902,16.463301,13|14|12|17|19,0.2101|0.1715|0.1608|0.1581|0.1485,
unit_000274,Vienna,12,12,233.4,6,2.6982,0.0,0.0,0.5,48.096549,16.400698,6|21|20|23|9,0.2454|0.2024|0.1790|0.1048|0.0939,
unit_000275,Vienna,24,24,444.2,8,2.5329,0.0,0.0,0.5,48.205751,16.38567,8|25|22|17|23,0.2121|0.2103|0.1385|0.1129|0.1106,
unit_000276,Vienna,20,40,356.3,25,2.7675,1e-05,0.13114,0.5327,48.192776,16.330987,25|16|27|20|10,0.2684|0.1913|0.1530|0.1474|0.1423,
unit_000277,Vienna,3,3,51.8,25,2.7412,0.0,0.0,0.5,48.193701,16.331273,25|27|16|10|20,0.2691|0.1621|0.1530|0.1460|0.1373,
unit_000278,Vienna,9,9,163.2,5,2.8025,0.0,0.0,0.5,48.183129,16.347016,5|23|22|10|12,0.2001|0.1712|0.1302|0.1075|0.1067,
unit_000279,Vienna,13,13,258.9,25,2.8295,0.0,0.0,0.5,48.187095,16.355109,25|16|14|5|27,0.2145|0.1664|0.1643|0.1362|0.1284,
unit_000281,Vienna,10,10,177.8,17,2.8251,0.0,0.0,0.5,48.180313,16.357731,17|23|14|12|22,0.2517|0.1706|0.1533|0.1509|0.1113,
unit_000282,Vienna,21,21,369.0,27,2.8144,0.0,0.0,0.5,48.184893,16.368833,27|12|31|23|8,0.1759|0.1592|0.1563|0.1544|0.1335,
unit_000283,Vienna,27,27,505.8,23,2.6683,0.0,0.0,0.5,48.18576,16.371951,23|27|17|12|6,0.1670|0.1662|0.1517|0.1371|0.1262,
unit_000284,Vienna,7,7,152.6,27,2.8144,0.0,0.0,0.5,48.184526,16.368919,27|12|31|23|8,0.1759|0.1592|0.1563|0.1544|0.1335,
unit_000285,Vienna,15,15,308.2,25,2.7862,0.0,0.0,0.5,48.217778,16.316028,25|20|16|27|12,0.2196|0.1419|0.1397|0.1364|0.1223,
unit_000286,Vienna,11,11,209.3,6,2.5351,0.0,0.0,0.5,48.185354,16.406323,6|20|17|22|19,0.2179|0.1529|0.1452|0.1270|0.1264,
unit_000287,Vienna,7,7,156.1,6,2.6238,0.0,0.0,0.5,48.193223,16.41687,6|31|23|20|19,0.2846|0.1670|0.1184|0.1174|0.0907,
unit_000288,Vienna,6,6,130.1,6,2.5913,0.0,0.0,0.5,48.194621,16.418896,6|31|17|20|19,0.2421|0.1739|0.1468|0.1247|0.1033,
unit_000289,Vienna,4,4,76.2,6,2.5913,0.0,0.0,0.5,48.194628,16.41924,6|31|17|20|19,0.2421|0.1739|0.1468|0.1247|0.1033,
unit_000290,Vienna,8,8,179.0,9,2.7999,0.0,0.0,0.5,48.268518,16.397677,9|22|17|19|23,0.1862|0.1816|0.1741|0.1640|0.1405,
unit_000291,Vienna,15,15,290.1,25,2.7415,0.0,0.0,0.5,48.198141,16.352123,25|27|10|8|23,0.1850|0.1720|0.1601|0.1363|0.1174,
unit_000292,Vienna,25,25,468.5,25,2.8392,0.0,0.0,0.5,48.193318,16.342089,25|16|5|27|20,0.2246|0.2008|0.1473|0.1319|0.1231,
unit_000293,Vienna,12,12,246.4,31,2.8079,0.0,0.0,0.5,48.275109,16.474357,31|10|3|17|20,0.1954|0.1460|0.1304|0.1264|0.1120,
unit_000294,Vienna,8,8,178.1,10,2.7407,0.0,0.0,0.5,48.276521,16.483724,10|31|3|9|6,0.2188|0.1635|0.1539|0.1196|0.1052,
unit_000295,Vienna,7,7,152.0,31,2.6573,0.0,0.0,0.5,48.281701,16.517479,31|14|10|22|9,0.1822|0.1710|0.1602|0.1488|0.1307,
unit_000296,Vienna,15,15,304.4,6,2.7956,0.0,0.0,0.5,48.25195,16.389494,6|23|21|22|5,0.2650|0.1549|0.1311|0.1282|0.1176,
unit_000297,Vienna,17,17,268.7,5,2.7585,0.0,0.0,0.5,48.216089,16.482899,5|9|12|22|3,0.2046|0.1512|0.1372|0.1294|0.1292,
unit_000298,Vienna,13,13,241.1,22,2.8573,0.0,0.0,0.5,48.224665,16.454372,22|16|14|23|19,0.2046|0.1756|0.1657|0.1440|0.1352,
unit_000300,Vienna,19,19,358.8,3,2.6803,0.0,0.0,0.5,48.199463,16.470167,3|19|23|17|5,0.2977|0.1667|0.1366|0.1285|0.1204,
unit_000301,Vienna,12,12,233.4,10,2.6784,0.0,0.0,0.5,48.215258,16.452697,10|31|3|13|20,0.2580|0.1869|0.1585|0.1299|0.1048,
unit_000302,Vienna,15,15,308.7,6,2.7302,0.0,0.0,0.5,48.209388,16.440558,6|31|22|23|20,0.2638|0.1522|0.1246|0.1180|0.1136,
unit_000303,Vienna,17,17,360.8,17,2.7583,0.0,0.0,0.5,48.212681,16.438614,17|21|6|23|13,0.2243|0.2041|0.1829|0.1589|0.1270,
unit_000304,Vienna,3,3,52.1,6,2.8016,0.0,0.0,0.5,48.210418,16.443355,6|31|22|13|17,0.2361|0.1677|0.1248|0.1129|0.1038,
unit_000305,Vienna,8,16,178.4,6,2.7791,0.0,0.0,0.5,48.211378,16.443184,6|31|13|22|17,0.2641|0.1789|0.1294|0.1254|0.1210,
unit_000306,Vienna,6,6,126.9,17,2.7583,0.0,0.0,0.5,48.213091,16.43867,17|21|6|23|13,0.2243|0.2041|0.1829|0.1589|0.1270,
unit_000307,Vienna,13,13,285.6,20,2.9117,0.0,0.0,0.5,48.217924,16.448241,20|8|9|14|23,0.1553|0.1437|0.1281|0.1260|0.1214,
unit_000308,Vienna,18,18,323.3,16,2.8706,0.0,0.0,0.5,48.222947,16.450653,16|22|26|3|5,0.1885|0.1829|0.1529|0.1395|0.1154,
unit_000309,Vienna,11,11,229.9,8,2.7978,0.0,0.0,0.5,48.228401,16.456303,8|23|22|14|31,0.2183|0.1667|0.1436|0.1316|0.1240,
unit_000310,Vienna,3,3,53.9,22,2.8573,0.0,0.0,0.5,48.225664,16.454511,22|16|14|23|19,0.2046|0.1756|0.1657|0.1440|0.1352,
unit_000311,Vienna,8,8,178.4,6,2.4114,0.0,0.0,0.5,48.256138,16.513377,6|22|14|10|3,0.1267|0.1203|0.1124|0.1025|0.0972,
unit_000312,Vienna,28,28,400.9,31,2.5593,0.0,0.0,0.5,48.210623,16.557823,31|10|3|14|9,0.1922|0.1634|0.1559|0.1551|0.1498,
unit_000313,Vienna,23,23,499.6,8,2.7054,0.0,0.02889,0.5072,48.215115,16.338782,8|25|12|13|23,0.1908|0.1887|0.1603|0.1304|0.1117,
unit_000314,Vienna,28,28,521.8,25,2.7699,0.0,0.0,0.5,48.220148,16.336215,25|16|22|20|27,0.1851|0.1851|0.1548|0.1447|0.1422,
unit_000315,Vienna,10,10,152.6,5,2.7998,0.0,0.0,0.5,48.225063,16.338842,5|14|27|8|16,0.1512|0.1483|0.1345|0.1245|0.1235,
unit_000316,Vienna,15,15,319.8,25,2.8084,0.0,0.0,0.5,48.218403,16.334067,25|23|27|14|8,0.2248|0.1572|0.1243|0.1240|0.1194,
unit_000317,Vienna,3,3,52.2,8,2.7054,0.0,0.0,0.5,48.215969,16.339236,8|25|12|13|23,0.1908|0.1887|0.1603|0.1304|0.1117,
unit_000318,Vienna,19,19,371.4,25,2.4579,0.0,0.0,0.5,48.214972,16.349182,25|8|23|22|31,0.2495|0.2004|0.1529|0.0943|0.0810,
unit_000319,Vienna,32,32,594.4,25,2.6055,0.0,0.0,0.5,48.203483,16.375365,25|27|10|20|16,0.2837|0.2031|0.1399|0.1158|0.1004,
unit_000320,Vienna,27,27,519.5,27,2.5847,0.0,0.0,0.5,48.210124,16.363824,27|25|20|10|5,0.2029|0.1820|0.1139|0.1039|0.0907,
unit_000321,Vienna,26,26,644.6,25,2.7319,0.0,0.0,0.5,48.219911,16.325431,25|8|22|23|16,0.2661|0.1615|0.1500|0.1351|0.1205,
unit_000322,Vienna,26,26,512.8,23,2.8377,0.0,0.0,0.5,48.228036,16.380859,23|25|26|22|17,0.1837|0.1557|0.1541|0.1415|0.1382,
unit_000323,Vienna,12,12,157.3,25,2.6733,0.0,0.0,0.5,48.230471,16.373056,25|27|10|19|16,0.2760|0.1453|0.1282|0.1239|0.1183,
unit_000324,Vienna,35,35,570.4,3,2.7478,0.0,0.0,0.5,48.177509,16.271185,3|27|5|12|22,0.2246|0.1727|0.1586|0.1343|0.1215,
unit_000326,Vienna,7,7,118.5,13,2.8116,0.0,0.0,0.5,48.173227,16.293518,13|19|8|14|5,0.1732|0.1519|0.1508|0.1124|0.1012,
unit_000327,Vienna,8,8,182.5,13,2.8116,0.0,0.0,0.5,48.17255,16.293374,13|19|8|14|5,0.1732|0.1519|0.1508|0.1124|0.1012,
unit_000328,Vienna,27,27,492.1,25,2.6169,0.0,0.0,0.5,48.229634,16.355239,25|27|20|26|16,0.1833|0.1799|0.1658|0.1595|0.1522,
unit_000329,Vienna,40,40,679.5,27,2.6646,0.0,0.0,0.5,48.226154,16.362122,27|22|20|5|8,0.1624|0.1575|0.1446|0.1231|0.1064,
unit_000330,Vienna,3,3,57.8,25,2.6169,0.0,0.0,0.5,48.230577,16.355302,25|27|20|26|16,0.1833|0.1799|0.1658|0.1595|0.1522,
unit_000331,Vienna,3,3,56.3,5,2.7978,0.0,0.0,0.5,48.226126,16.357414,5|12|16|26|20,0.1954|0.1773|0.1459|0.1405|0.1367,
unit_000332,Vienna,21,21,389.9,5,2.7978,0.0,0.0,0.5,48.226193,16.358354,5|12|16|26|20,0.1954|0.1773|0.1459|0.1405|0.1367,
unit_000333,Vienna,3,3,51.6,20,2.8343,0.0,0.0,0.5,48.235035,16.356077,20|6|23|17|26,0.1558|0.1253|0.1247|0.1148|0.0983,
unit_000334,Vienna,4,4,76.5,25,2.5935,0.0,0.0,0.5,48.224793,16.346545,25|23|8|10|22,0.3064|0.0914|0.0879|0.0857|0.0815,
unit_000335,Vienna,8,8,185.6,25,2.6875,0.0,0.0,0.5,48.220945,16.366353,25|27|10|13|16,0.2503|0.1567|0.1456|0.1149|0.1072,
unit_000336,Vienna,44,44,679.3,25,2.5938,0.0,0.0,0.5,48.214923,16.368249,25|10|27|5|14,0.2535|0.1807|0.1707|0.1032|0.0920,
unit_000337,Vienna,10,10,187.7,5,2.7998,0.0,0.0,0.5,48.225842,16.338369,5|14|27|8|16,0.1512|0.1483|0.1345|0.1245|0.1235,
unit_000339,Vienna,5,5,57.8,8,2.8265,0.0,0.0,0.5,48.220245,16.402707,8|13|14|12|10,0.1904|0.1690|0.1485|0.1350|0.1302,
unit_000340,Vienna,8,8,175.3,21,2.6696,0.0,0.0,0.5,48.159908,16.380651,21|6|20|17|31,0.2488|0.2361|0.1571|0.1507|0.1092,
unit_000341,Vienna,7,7,151.1,6,2.6475,0.0,0.0,0.5,48.199037,16.42528,6|21|22|20|31,0.2504|0.1537|0.1137|0.1008|0.0957,
unit_000342,Vienna,8,8,179.3,14,2.7754,0.0,0.0,0.5,48.229263,16.39886,14|5|25|20|27,0.1787|0.1680|0.1283|0.1205|0.1102,
unit_000343,Vienna,3,3,50.5,14,2.7754,0.0,0.0,0.5,48.230038,16.399433,14|5|25|20|27,0.1787|0.1680|0.1283|0.1205|0.1102,
unit_000345,Vienna,8,8,176.7,10,2.8269,0.0,0.0,0.5,48.176411,16.437428,10|31|3|9|14,0.2052|0.1891|0.1578|0.1375|0.1241,
unit_000346,Vienna,29,29,524.0,9,2.7583,0.0,0.0,0.5,48.163794,16.4731,9|23|17|13|26,0.2149|0.2000|0.1878|0.1476|0.1468,
unit_000347,Vienna,25,25,470.9,23,2.8209,0.0,0.0,0.5,48.159962,16.470788,23|31|5|9|8,0.1715|0.1493|0.1221|0.1105|0.1071,
unit_000348,Vienna,13,13,268.4,3,2.9072,0.0,0.0,0.5,48.145689,16.46085,3|9|31|14|10,0.2027|0.1708|0.1275|0.1233|0.1214,
unit_000349,Vienna,10,10,190.9,5,2.7943,0.0,0.0,0.5,48.143579,16.47799,5|12|8|14|3,0.1924|0.1692|0.1506|0.1461|0.1259,
unit_000350,Vienna,8,8,180.3,9,2.7575,0.0,0.0,0.5,48.140722,16.463466,9|19|22|6|20,0.1926|0.1746|0.1619|0.1251|0.1107,
unit_000351,Vienna,25,25,401.1,31,2.9023,0.0,0.0,0.5,48.169088,16.476743,31|9|23|6|10,0.1909|0.1677|0.1541|0.1424|0.1308,
unit_000352,Vienna,12,12,230.9,9,2.8614,0.0,0.0,0.5,48.144034,16.365513,9|22|19|12|3,0.1643|0.1597|0.1565|0.1513|0.1377,
unit_000353,Vienna,13,13,253.9,3,2.7837,0.0,0.0,0.5,48.084329,16.439585,3|16|22|5|26,0.2056|0.1883|0.1596|0.1071|0.1019,
unit_000355,Vienna,3,3,54.9,27,2.7738,0.0,0.0,0.5,48.188319,16.342616,27|8|17|10|23,0.1622|0.1285|0.1282|0.1258|0.1188,
unit_000356,Vienna,24,24,475.1,5,2.8436,0.0,0.0,0.5,48.230728,16.324103,5|3|26|22|9,0.2040|0.1727|0.1538|0.1339|0.1165,
unit_000357,Vienna,8,8,175.2,14,2.783,0.0,0.0,0.5,48.053945,16.333767,14|22|10|31|17,0.1660|0.1621|0.1588|0.1515|0.1374,
unit_000358,Vienna,10,10,178.7,22,2.7655,0.0,0.0,0.5,48.128388,16.326386,22|9|17|5|20,0.1605|0.1238|0.1146|0.1142|0.1096,
unit_000359,Vienna,8,8,181.3,6,2.7915,0.0,0.0,0.5,48.119198,16.326253,6|31|21|10|22,0.1863|0.1839|0.1440|0.1429|0.1289,
unit_000360,Vienna,15,15,268.5,5,2.8316,0.0,0.0,0.5,48.089966,16.302041,5|3|14|23|12,0.1960|0.1640|0.1552|0.1359|0.1204,
unit_000363,Vienna,7,7,121.0,25,2.7436,0.0,0.0,0.5,48.186723,16.346015,25|20|27|16|5,0.2368|0.1743|0.1664|0.1521|0.1149,
unit_000364,Vienna,12,12,255.2,25,2.7436,0.0,0.0,0.5,48.186295,16.346497,25|20|27|16|5,0.2368|0.1743|0.1664|0.1521|0.1149,
unit_000365,Vienna,4,4,82.8,25,2.7436,0.0,0.0,0.5,48.185744,16.345869,25|20|27|16|5,0.2368|0.1743|0.1664|0.1521|0.1149,
unit_000367,Vienna,8,8,180.1,23,2.6683,0.0,0.0,0.5,48.185478,16.372117,23|27|17|12|6,0.1670|0.1662|0.1517|0.1371|0.1262,
unit_000368,Vienna,7,7,151.3,27,2.8144,0.0,0.0,0.5,48.184431,16.368959,27|12|31|23|8,0.1759|0.1592|0.1563|0.1544|0.1335,
unit_000369,Vienna,23,23,439.3,31,2.8471,0.0,0.0,0.5,48.188486,16.383813,31|10|8|27|19,0.1656|0.1510|0.1462|0.1418|0.1384,
unit_000370,Vienna,16,16,316.7,25,2.7188,0.0,0.0,0.5,48.189725,16.385431,25|16|17|23|22,0.2678|0.1567|0.1513|0.1220|0.1165,
unit_000371,Vienna,16,16,319.8,12,2.8778,0.0,0.03952,0.5099,48.19116,16.39091,12|14|8|3|5,0.1932|0.1494|0.1491|0.1218|0.1152,
unit_000372,Vienna,6,10,78.7,12,2.8122,4e-05,0.02629,0.5066,48.190192,16.390711,12|8|16|14|5,0.2036|0.1962|0.1623|0.1390|0.1256,
unit_000373,Vienna,14,14,261.3,8,2.7415,0.0,0.01306,0.5033,48.189283,16.390493,8|12|16|26|14,0.1943|0.1874|0.1721|0.1449|0.1224,
unit_000375,Vienna,37,37,612.1,26,2.8339,0.0,0.0,0.5,48.170779,16.37445,26|25|13|10|16,0.1682|0.1677|0.1443|0.1439|0.1429,
unit_000376,Vienna,6,6,77.5,5,2.8316,0.0,0.0,0.5,48.090662,16.302361,5|3|14|23|12,0.1960|0.1640|0.1552|0.1359|0.1204,
unit_000377,Vienna,23,23,462.5,25,2.6843,0.0,0.0,0.5,48.20358,16.385406,25|10|27|14|17,0.2756|0.1626|0.1501|0.1230|0.1047,
unit_000378,Vienna,10,10,180.9,25,2.7906,0.0,0.0,0.5,48.22583,16.370723,25|23|26|31|17,0.2136|0.1840|0.1278|0.1186|0.1103,
unit_000379,Vienna,38,38,681.9,5,2.8139,0.0,0.0,0.5,48.222506,16.375651,5|14|12|25|31,0.2363|0.1713|0.1571|0.1478|0.1373,
unit_000380,Vienna,8,8,176.4,6,2.6938,0.0,0.0,0.5,48.264047,16.379094,6|21|9|20|23,0.2921|0.1807|0.1370|0.1080|0.1014,
unit_000381,Vienna,8,8,179.1,6,2.7278,0.0,0.0,0.5,48.281188,16.36557,6|31|21|13|17,0.2409|0.1990|0.1668|0.1407|0.1373,
unit_000382,Vienna,8,8,179.1,6,2.5215,0.0,0.0,0.5,48.279887,16.365858,6|31|17|20|26,0.2919|0.1561|0.1399|0.1357|0.1297,
unit_000383,Vienna,5,6,103.3,6,2.7238,1e-05,0.03957,0.5099,48.281113,16.365234,6|31|21|13|17,0.2457|0.2000|0.1654|0.1409|0.1390,
unit_000384,Vienna,7,8,155.0,6,2.5315,1e-05,0.03957,0.5099,48.280049,16.366139,6|31|17|20|26,0.2933|0.1584|0.1411|0.1365|0.1295,
unit_000385,Vienna,15,15,261.1,3,2.7663,0.0,0.0,0.5,48.293266,16.478579,3|13|14|19|10,0.2491|0.1839|0.1411|0.1387|0.1219,
unit_000386,Vienna,4,4,76.0,6,2.7278,0.0,0.01514,0.5038,48.281124,16.364971,6|31|21|13|17,0.2409|0.1990|0.1668|0.1407|0.1373,
unit_000388,Vienna,8,9,177.3,6,2.5226,0.0,0.02265,0.5057,48.280187,16.366076,6|31|17|20|26,0.2922|0.1566|0.1402|0.1359|0.1297,
unit_000389,Vienna,13,18,246.8,14,2.8552,0.0,0.1018,0.5254,48.176653,16.341773,14|19|17|8|10,0.2019|0.1384|0.1328|0.1317|0.1094,
unit_000390,Vienna,12,12,236.7,5,2.8181,0.0,0.0,0.5,48.140965,16.390194,5|22|14|3|19,0.1905|0.1762|0.1472|0.1375|0.1330,
unit_000392,Vienna,10,18,185.9,3,2.7844,1e-05,0.01567,0.5039,48.298683,16.425398,3|13|14|19|16,0.2163|0.1751|0.1589|0.1438|0.1284,
unit_000393,Vienna,8,16,177.0,5,2.8893,0.0,0.0,0.5,48.290211,16.416683,5|12|9|22|14,0.1978|0.1576|0.1489|0.1419|0.1329,
unit_000394,Vienna,8,16,180.8,5,2.8894,0.0,0.0,0.5,48.290235,16.416544,5|12|9|22|14,0.1978|0.1576|0.1489|0.1419|0.1328,
unit_000395,Vienna,8,8,182.9,21,2.6122,0.0,0.0,0.5,48.270837,16.42077,21|20|6|17|8,0.3103|0.1896|0.1856|0.1562|0.0886,
unit_000396,Vienna,15,30,267.5,3,2.8913,0.0,0.0,0.5,48.265806,16.432905,3|19|14|22|23,0.2186|0.1808|0.1667|0.1263|0.1193,
unit_000397,Vienna,11,14,211.5,6,2.7572,1e-05,0.01664,0.5042,48.237711,16.404843,6|9|31|23|21,0.2408|0.2032|0.1601|0.1394|0.1199,
unit_000398,Vienna,6,6,125.9,6,2.6088,0.0,0.00978,0.5024,48.238689,16.403808,6|9|20|21|31,0.2793|0.1499|0.1356|0.1300|0.1244,
unit_000400,Vienna,6,6,130.4,6,2.6088,0.0,0.01815,0.5045,48.238574,16.403659,6|9|20|21|31,0.2793|0.1499|0.1356|0.1300|0.1244,
unit_000401,Vienna,8,11,136.7,6,2.7563,0.0,0.0216,0.5054,48.237804,16.405021,6|9|31|23|21,0.2420|0.2043|0.1609|0.1399|0.1205,
unit_000402,Vienna,7,8,150.5,6,2.6184,1e-05,0.02032,0.5051,48.238723,16.404012,6|9|20|21|31,0.2804|0.1535|0.1356|0.1305|0.1269,
unit_000403,Vienna,15,15,295.6,8,2.785,0.0,0.05373,0.5134,48.254197,16.41075,8|25|16|14|12,0.1979|0.1731|0.1445|0.1444|0.1174,
unit_000404,Vienna,4,4,78.2,8,2.785,0.0,0.0,0.5,48.254983,16.410932,8|25|16|14|12,0.1979|0.1731|0.1445|0.1444|0.1174,
unit_000405,Vienna,10,10,187.6,3,2.762,0.0,0.0,0.5,48.300471,16.470318,3|13|19|16|8,0.2279|0.1818|0.1646|0.1388|0.0972,
unit_000406,Vienna,15,15,312.2,3,2.7184,0.0,0.0,0.5,48.304721,16.358939,3|13|5|22|17,0.3174|0.1608|0.1289|0.1273|0.1130,
unit_000407,Vienna,21,21,366.6,3,2.7992,0.0,0.0,0.5,48.300132,16.416098,3|16|22|12|27,0.2110|0.2000|0.1675|0.1241|0.1098,
unit_000409,Vienna,11,17,216.9,3,2.8372,0.0,0.01311,0.5033,48.29948,16.425395,3|19|13|16|26,0.2910|0.1449|0.1438|0.1136|0.1062,
unit_000411,Vienna,12,12,238.0,3,2.8401,0.0,0.0,0.5,48.276722,16.444465,3|19|23|17|13,0.2012|0.1749|0.1631|0.1587|0.1504,
unit_000412,Vienna,8,8,179.6,23,2.8761,0.0,0.0,0.5,48.238951,16.438111,23|14|22|5|9,0.1877|0.1779|0.1499|0.1494|0.1446,
unit_000413,Vienna,8,8,179.9,3,2.6536,0.0,0.0,0.5,48.313587,16.490508,3|5|13|22|19,0.2809|0.1550|0.1300|0.1225|0.0891,
unit_000414,Vienna,7,7,154.8,3,2.6536,0.0,0.0,0.5,48.31346,16.490988,3|5|13|22|19,0.2809|0.1550|0.1300|0.1225|0.0891,
unit_000415,Vienna,23,24,410.2,26,2.7978,0.0,0.03831,0.5096,48.252882,16.409913,26|25|27|22|5,0.1905|0.1584|0.1335|0.1312|0.1115,
unit_000417,Vienna,13,13,230.2,21,2.6122,0.0,0.0,0.5,48.271488,16.420882,21|20|6|17|8,0.3103|0.1896|0.1856|0.1562|0.0886,
unit_000418,Vienna,26,26,489.9,3,2.7364,0.0,0.0,0.5,48.16289,16.267122,3|19|13|8|26,0.2304|0.1546|0.1183|0.1096|0.1032,
unit_000419,Vienna,8,8,178.4,3,2.6087,0.0,0.0,0.5,48.270719,16.43573,3|9|22|6|26,0.2546|0.1544|0.1363|0.1177|0.1077,
unit_000420,Vienna,8,8,175.8,8,2.813,0.0,0.0,0.5,48.251642,16.414006,8|14|5|13|19,0.1691|0.1679|0.1249|0.1228|0.1169,
unit_000421,Vienna,7,7,151.8,6,2.7336,0.0,0.0,0.5,48.248542,16.392465,6|23|9|31|20,0.2829|0.1530|0.1475|0.1440|0.1393,
unit_000422,Vienna,13,13,275.1,3,2.7418,0.0,0.0,0.5,48.258386,16.433659,3|8|19|27|10,0.1845|0.1736|0.1527|0.1395|0.1290,
unit_000423,Vienna,8,8,136.8,3,2.7418,0.0,0.0,0.5,48.257756,16.434388,3|8|19|27|10,0.1845|0.1736|0.1527|0.1395|0.1290,
unit_000424,Vienna,23,23,459.5,3,2.7393,0.0,0.0,0.5,48.256717,16.437209,3|5|13|17|19,0.3159|0.1434|0.1158|0.0990|0.0962,
unit_000425,Vienna,16,16,326.7,25,2.7082,0.0,0.0,0.5,48.209343,16.39309,25|27|10|16|14,0.2837|0.2007|0.1271|0.1221|0.1109,
unit_000426,Vienna,27,27,505.6,3,2.7041,0.0,0.0,0.5,48.294816,16.389934,3|27|13|5|22,0.2876|0.1525|0.1353|0.1320|0.1313,
unit_000427,Vienna,20,20,331.2,16,2.6865,0.0,0.0,0.5,48.294556,16.392404,16|3|22|13|27,0.1874|0.1855|0.1613|0.1198|0.1170,
unit_000428,Vienna,23,30,416.6,25,2.779,0.0,0.01512,0.5038,48.220983,16.389811,25|26|12|23|17,0.1842|0.1528|0.1504|0.1351|0.1287,
unit_000429,Vienna,8,9,149.7,8,2.6995,0.0,0.02942,0.5074,48.222424,16.389426,8|26|22|25|20,0.1875|0.1565|0.1519|0.1398|0.1308,
unit_000431,Vienna,14,14,269.0,13,2.8355,0.0,0.0,0.5,48.225516,16.386673,13|8|5|27|26,0.1633|0.1524|0.1403|0.1238|0.1188,
unit_000432,Vienna,6,6,128.1,13,2.8355,0.0,0.0,0.5,48.226274,16.386645,13|8|5|27|26,0.1633|0.1524|0.1403|0.1238|0.1188,
unit_000433,Vienna,4,4,79.2,8,2.8265,0.0,0.0,0.5,48.218794,16.402276,8|13|14|12|10,0.1904|0.1690|0.1485|0.1350|0.1302,
unit_000434,Vienna,23,23,469.5,3,2.8557,0.0,0.0,0.5,48.141518,16.3053,3|19|13|23|22,0.2498|0.1632|0.1364|0.1245|0.1222,
unit_000435,Vienna,8,8,178.0,5,2.7768,0.0,0.0,0.5,48.146638,16.308953,5|9|22|26|16,0.1491|0.1474|0.1373|0.1356|0.1223,
unit_000436,Vienna,14,14,281.1,19,2.861,0.0,0.0,0.5,48.134187,16.315494,19|12|31|5|14,0.1700|0.1244|0.1215|0.1213|0.1139,
unit_000437,Vienna,19,19,350.1,3,2.7415,0.0,0.0,0.5,48.116551,16.302457,3|27|19|12|13,0.3005|0.1409|0.1349|0.1069|0.1050,
unit_000438,Vienna,6,6,77.3,10,2.6874,0.0,0.0,0.5,48.125452,16.304575,10|31|3|20|13,0.2250|0.1528|0.1505|0.1334|0.1245,
unit_000439,Vienna,8,8,85.6,6,2.7599,0.0,0.0,0.5,48.120419,16.30358,6|31|21|13|17,0.2356|0.2173|0.1954|0.1137|0.1111,
unit_000440,Vienna,13,13,262.2,3,2.81,0.0,0.0,0.5,48.12216,16.306266,3|13|5|27|23,0.2945|0.1487|0.1471|0.1362|0.1203,
unit_000441,Vienna,10,10,176.9,10,2.6874,0.0,0.0,0.5,48.125958,16.304075,10|31|3|20|13,0.2250|0.1528|0.1505|0.1334|0.1245,
unit_000442,Vienna,35,35,615.7,25,2.7801,0.0,0.0,0.5,48.174276,16.369147,25|10|13|26|23,0.2365|0.1855|0.1301|0.1257|0.1203,
unit_000443,Vienna,8,8,187.5,16,2.8341,0.0,0.0,0.5,48.192633,16.403847,16|8|26|20|12,0.1550|0.1477|0.1413|0.1262|0.1260,
unit_000444,Vienna,3,3,52.3,3,2.711,0.0,0.0,0.5,48.279331,16.376965,3|5|13|27|23,0.2907|0.1400|0.1250|0.0994|0.0933,
unit_000445,Vienna,4,4,85.6,3,2.711,0.0,0.0,0.5,48.278728,16.376357,3|5|13|27|23,0.2907|0.1400|0.1250|0.0994|0.0933,
unit_000446,Vienna,12,24,240.6,3,2.8395,0.0,0.0,0.5,48.300806,16.336048,3|31|14|19|10,0.2226|0.1786|0.1346|0.1332|0.1241,
unit_000447,Vienna,4,4,78.3,5,2.8633,0.0,0.0,0.5,48.19425,16.406091,5|16|8|27|23,0.1612|0.1530|0.1516|0.1256|0.1189,
unit_000448,Vienna,8,8,176.0,6,2.5351,0.0,0.0,0.5,48.185888,16.406458,6|20|17|22|19,0.2179|0.1529|0.1452|0.1270|0.1264,
unit_000449,Vienna,18,18,345.4,25,2.7906,0.0,0.0,0.5,48.225417,16.370941,25|23|26|31|17,0.2136|0.1840|0.1278|0.1186|0.1103,
unit_000450,Vienna,3,3,55.7,25,2.7082,0.0,0.0,0.5,48.208736,16.392625,25|27|10|16|14,0.2837|0.2007|0.1271|0.1221|0.1109,
unit_000451,Vienna,15,15,273.4,25,2.6586,0.0,0.0,0.5,48.170603,16.37108,25|22|26|17|23,0.2091|0.1760|0.1640|0.1621|0.1260,
unit_000452,Vienna,11,11,224.2,23,2.8117,0.0,0.0,0.5,48.239492,16.362731,23|17|12|22|13,0.1728|0.1699|0.1646|0.1493|0.1434,
unit_000453,Vienna,21,21,413.6,25,2.8505,0.0,0.0,0.5,48.237741,16.383953,25|26|20|22|27,0.1409|0.1397|0.1385|0.1341|0.1293,
unit_000454,Vienna,22,22,441.4,25,2.6871,0.0,0.0,0.5,48.251164,16.355195,25|8|23|3|12,0.1892|0.1706|0.1604|0.1434|0.1325,
unit_000455,Vienna,31,31,601.7,23,2.8696,0.0,0.0,0.5,48.158142,16.360344,23|3|5|31|22,0.1902|0.1702|0.1534|0.1355|0.1353,
unit_000456,Vienna,13,23,249.9,9,2.8041,1e-05,0.0,0.5,48.239785,16.364856,9|26|20|5|6,0.1645|0.1621|0.1247|0.1168|0.1129,
unit_000457,Vienna,23,23,416.5,14,2.674,0.0,0.0,0.5,48.242235,16.450826,14|16|8|13|26,0.1811|0.1435|0.1276|0.1210|0.1088,
unit_000458,Vienna,3,3,52.3,5,2.828,0.0,0.0,0.5,48.231188,16.448726,5|12|9|23|8,0.1759|0.1492|0.1386|0.1247|0.1242,
unit_000459,Vienna,25,25,424.0,3,2.8265,0.0,0.0,0.5,48.244195,16.426431,3|13|10|19|5,0.2792|0.1722|0.1182|0.1116|0.1092,
unit_000460,Vienna,7,8,152.8,6,2.617,1e-05,0.02288,0.5057,48.238833,16.404132,6|9|20|21|31,0.2803|0.1530|0.1356|0.1304|0.1266,
unit_000462,Vienna,17,20,292.4,13,2.76,0.0,0.04249,0.5106,48.258748,16.366923,13|8|14|16|12,0.1733|0.1683|0.1558|0.1449|0.1444,
unit_000463,Vienna,20,20,389.9,3,2.7694,0.0,0.0,0.5,48.262622,16.338805,3|9|12|5|26,0.2412|0.1831|0.1261|0.1169|0.1105,
unit_000464,Vienna,13,13,276.0,22,2.7346,0.0,0.0,0.5,48.272244,16.390584,22|23|20|12|5,0.2042|0.1679|0.1485|0.1474|0.1199,
unit_000466,Vienna,17,17,332.6,3,2.7468,0.0,0.0,0.5,48.285016,16.402249,3|13|5|22|27,0.2946|0.1531|0.1419|0.1125|0.1002,
unit_000467,Vienna,7,7,151.5,17,2.7556,0.0,0.0,0.5,48.254391,16.446823,17|22|9|12|14,0.2004|0.1933|0.1594|0.1500|0.1484,
unit_000468,Vienna,13,13,226.8,17,2.7556,0.0,0.0,0.5,48.253994,16.446751,17|22|9|12|14,0.2004|0.1933|0.1594|0.1500|0.1484,
unit_000469,Vienna,14,27,282.5,19,2.8714,1e-05,0.0,0.5,48.307199,16.318588,19|13|16|3|26,0.1852|0.1730|0.1609|0.1440|0.1429,
unit_000470,Vienna,16,16,318.2,25,2.6586,0.0,0.0,0.5,48.170457,16.371492,25|22|26|17|23,0.2091|0.1760|0.1640|0.1621|0.1260,
unit_000471,Vienna,17,17,320.3,25,2.7325,0.0,0.0,0.5,48.181305,16.370833,25|27|14|8|19,0.2098|0.1362|0.1321|0.1193|0.1130,
unit_000472,Vienna,29,29,523.0,25,2.6668,0.0,0.0,0.5,48.17333,16.376407,25|10|19|13|14,0.2410|0.1600|0.1381|0.1253|0.1240,
unit_000473,Vienna,8,8,175.9,5,2.901,0.0,0.0,0.5,48.171318,16.393058,5|3|9|23|13,0.1901|0.1368|0.1274|0.1224|0.1187,
unit_000474,Vienna,12,12,241.5,5,2.8025,0.0,0.0,0.5,48.182759,16.34637,5|23|22|10|12,0.2001|0.1712|0.1302|0.1075|0.1067,
unit_000475,Vienna,21,26,378.0,12,2.8464,1e-05,0.11031,0.5275,48.17763,16.341042,12|8|16|27|5,0.1805|0.1599|0.1566|0.1467|0.1426,
unit_000477,Vienna,30,30,508.3,16,2.8298,0.0,0.0,0.5,48.176111,16.334213,16|17|20|25|22,0.1771|0.1677|0.1630|0.1456|0.1394,
unit_000478,Vienna,8,8,175.7,3,2.7916,0.0,0.0,0.5,48.165702,16.330862,3|14|19|12|13,0.2090|0.1628|0.1562|0.1026|0.0955,
unit_000479,Vienna,12,12,235.2,8,2.8199,0.0,0.0,0.5,48.237441,16.322152,8|25|12|13|20,0.2115|0.1874|0.1131|0.1113|0.1103,
unit_000480,Vienna,23,23,383.7,27,2.686,0.0,0.0,0.5,48.234561,16.324971,27|10|25|19|8,0.1706|0.1573|0.1460|0.1388|0.1211,
unit_000482,Vienna,20,20,344.1,3,2.7308,0.0,0.0,0.5,48.22946,16.46934,3|22|13|5|23,0.2887|0.1717|0.1293|0.1268|0.1206,
unit_000483,Vienna,7,7,158.4,16,2.8341,0.0,0.0,0.5,48.263028,16.438799,16|14|19|13|25,0.2122|0.1809|0.1621|0.1564|0.1189,
unit_000484,Vienna,7,7,157.7,16,2.8341,0.0,0.0,0.5,48.263154,16.438804,16|14|19|13|25,0.2122|0.1809|0.1621|0.1564|0.1189,
unit_000485,Vienna,36,36,623.7,3,2.8398,0.0,0.0,0.5,48.167275,16.354471,3|5|12|13|22,0.2283|0.1741|0.1594|0.1481|0.1368,
unit_000486,Vienna,20,20,388.1,27,2.6237,0.0,0.0,0.5,48.17084,16.331952,27|12|20|16|5,0.1558|0.1439|0.1398|0.1292|0.1243,
unit_000487,Vienna,16,16,320.8,13,2.7972,0.0,0.0,0.5,48.161052,16.320147,13|8|31|5|20,0.1466|0.1345|0.1300|0.1202|0.1200,
unit_000489,Vienna,17,17,342.2,3,2.8396,0.0,0.0,0.5,48.245458,16.483189,3|22|19|14|23,0.1675|0.1610|0.1545|0.1465|0.1391,
unit_000490,Vienna,46,71,689.7,19,2.8567,0.00018,0.01253,0.5031,48.29383,16.338531,19|22|14|9|23,0.2115|0.1705|0.1650|0.1585|0.1386,
unit_000491,Vienna,4,4,82.5,16,2.856,0.0,0.0,0.5,48.304249,16.326327,16|5|3|14|19,0.1884|0.1646|0.1415|0.1317|0.1309,
unit_000492,Vienna,23,23,399.5,25,2.8531,0.0,0.0,0.5,48.224084,16.308844,25|14|27|16|12,0.1961|0.1561|0.1448|0.1410|0.1379,
unit_000493,Vienna,15,15,288.2,8,2.8384,0.0,0.0,0.5,48.24911,16.339314,8|5|12|26|14,0.1858|0.1478|0.1468|0.1409|0.1370,
unit_000494,Vienna,4,4,79.4,8,2.8384,0.0,0.0,0.5,48.249981,16.339604,8|5|12|26|14,0.1858|0.1478|0.1468|0.1409|0.1370,
unit_000495,Vienna,8,8,178.6,6,2.5913,0.0,0.0,0.5,48.194947,16.418566,6|31|17|20|19,0.2421|0.1739|0.1468|0.1247|0.1033,
unit_000496,Vienna,8,8,178.0,6,2.5913,0.0,0.0,0.5,48.195013,16.418556,6|31|17|20|19,0.2421|0.1739|0.1468|0.1247|0.1033,
unit_000497,Vienna,11,21,203.4,6,2.6512,0.0,0.0,0.5,48.173524,16.454899,6|9|22|20|13,0.2591|0.1766|0.1668|0.1408|0.1183,
unit_000498,Vienna,7,7,150.5,9,2.7583,0.0,0.0,0.5,48.164175,16.472996,9|23|17|13|26,0.2149|0.2000|0.1878|0.1476|0.1468,
unit_000499,Vienna,8,8,175.6,6,2.7172,0.0,0.0,0.5,48.160013,16.477238,6|20|17|9|13,0.2396|0.1607|0.1366|0.1339|0.1244,
unit_000500,Vienna,7,7,150.5,6,2.6617,0.0,0.0,0.5,48.156657,16.478245,6|22|9|20|31,0.2828|0.1356|0.1308|0.1237|0.0986,
unit_000501,Vienna,8,8,175.6,17,2.7963,0.0,0.0,0.5,48.152475,16.48278,17|6|31|10|13,0.2133|0.1761|0.1539|0.1512|0.1315,
unit_000502,Vienna,20,20,389.0,9,2.7999,0.0,0.0,0.5,48.268459,16.397594,9|22|17|19|23,0.1862|0.1816|0.1741|0.1640|0.1405,
unit_000503,Vienna,37,61,601.9,3,2.8666,9e-05,0.0113,0.5028,48.283285,16.416985,3|14|23|5|19,0.2017|0.1746|0.1591|0.1575|0.1279,
unit_000504,Vienna,8,8,179.4,6,2.7336,0.0,0.0,0.5,48.248743,16.392756,6|23|9|31|20,0.2829|0.1530|0.1475|0.1440|0.1393,
unit_000505,Vienna,8,8,175.8,6,2.5776,0.0,0.0,0.5,48.231063,16.453293,6|20|23|17|21,0.2095|0.1424|0.1192|0.1178|0.0928,
unit_000506,Vienna,10,10,175.8,6,2.7989,0.0,0.0,0.5,48.237113,16.458104,6|9|20|19|23,0.2081|0.1624|0.1456|0.1442|0.1355,
unit_000507,Vienna,11,11,200.0,14,2.8264,0.0,0.0,0.5,48.222603,16.305385,14|12|3|17|5,0.1701|0.1438|0.1375|0.1373|0.1316,
unit_000508,Vienna,4,4,76.1,3,2.6986,0.0,0.0,0.5,48.237534,16.30471,3|17|19|10|5,0.2776|0.1465|0.1441|0.1304|0.1133,
unit_000509,Vienna,18,18,358.8,3,2.6986,0.0,0.0,0.5,48.238507,16.305023,3|17|19|10|5,0.2776|0.1465|0.1441|0.1304|0.1133,
unit_000510,Vienna,10,10,181.7,3,2.7837,0.0,0.0,0.5,48.25288,16.327006,3|19|17|23|27,0.2821|0.1478|0.1419|0.1231|0.1221,
unit_000511,Vienna,10,10,189.7,3,2.8198,0.0,0.0,0.5,48.269025,16.37832,3|16|10|31|27,0.2000|0.1585|0.1479|0.1127|0.1079,
unit_000512,Vienna,24,24,484.7,9,2.8156,0.0,0.0,0.5,48.129117,16.261149,9|10|16|3|23,0.2142|0.1504|0.1290|0.1259|0.1203,
unit_000513,Vienna,21,21,340.6,16,2.7834,0.0,0.0,0.5,48.120098,16.265152,16|25|14|20|3,0.2108|0.1803|0.1544|0.1256|0.0988,
unit_000514,Vienna,10,10,185.1,19,2.8416,0.0,0.0,0.5,48.188303,16.418794,19|14|23|31|20,0.1763|0.1635|0.1373|0.1241|0.1227,
unit_000515,Vienna,8,8,175.7,9,2.8905,0.0,0.0,0.5,48.182115,16.428955,9|22|23|5|3,0.1736|0.1660|0.1364|0.1248|0.1146,
unit_000516,Vienna,8,8,177.3,9,2.7792,0.0,0.0,0.5,48.305958,16.334514,9|3|22|26|23,0.2509|0.1440|0.1119|0.1028|0.0871,
unit_000517,Vienna,3,3,53.0,25,2.7763,0.0,0.0,0.5,48.222218,16.358297,25|27|12|23|5,0.1719|0.1648|0.1390|0.1334|0.1281,
unit_000518,Vienna,7,7,160.0,25,2.7763,0.0,0.0,0.5,48.222985,16.358139,25|27|12|23|5,0.1719|0.1648|0.1390|0.1334|0.1281,
unit_000519,Vienna,11,11,191.1,3,2.7925,0.0,0.0,0.5,48.124799,16.221413,3|6|10|19|17,0.1336|0.1266|0.1259|0.1220|0.1192,
unit_000520,Vienna,8,8,175.8,3,2.8176,0.0,0.0,0.5,48.131295,16.250201,3|10|31|17|21,0.1887|0.1751|0.1444|0.1136|0.1120,
unit_000521,Vienna,8,8,175.8,10,2.789,0.0,0.0,0.5,48.127893,16.230894,10|31|23|17|26,0.1960|0.1554|0.1349|0.1290|0.1190,
unit_000522,Vienna,9,9,163.2,14,2.8398,0.0,0.0,0.5,48.315207,16.315326,14|25|5|16|3,0.1733|0.1558|0.1486|0.1310|0.1200,
unit_000526,Vienna,7,7,150.3,3,2.7854,0.0,0.0,0.5,48.292024,16.316743,3|10|19|17|23,0.2419|0.1599|0.1548|0.1409|0.1363,
unit_000527,Vienna,8,8,177.6,3,2.8052,0.0,0.0,0.5,48.314953,16.299045,3|10|31|14|19,0.1734|0.1518|0.1517|0.1404|0.1338,
unit_000528,Vienna,23,23,423.5,3,2.7163,0.0,0.0,0.5,48.208933,16.45487,3|14|19|13|31,0.2314|0.1564|0.1430|0.1183|0.1135,
unit_000529,Vienna,32,32,588.2,19,2.7875,0.0,0.0,0.5,48.30721,16.304941,19|3|23|8|16,0.1708|0.1670|0.1527|0.1521|0.1416,
unit_000530,Vienna,10,10,181.6,3,2.8545,0.0,0.0,0.5,48.240061,16.494067,3|14|19|13|31,0.2559|0.1346|0.1295|0.1263|0.1230,
unit_000531,Vienna,30,30,495.2,3,2.802,0.0,0.0,0.5,48.230386,16.48608,3|14|19|31|5,0.2380|0.1589|0.1454|0.1135|0.1038,
unit_000532,Vienna,7,7,103.3,21,1.9729,0.0,0.0,0.5,48.225954,16.420214,21|6|12|25|9,0.3939|0.2608|0.1477|0.0829|0.0794,
unit_000533,Vienna,8,8,175.1,3,2.7302,0.0,0.0,0.5,48.127053,16.254275,3|17|12|5|13,0.2029|0.1674|0.1421|0.1417|0.1390,
unit_000534,Vienna,15,15,311.3,5,2.7828,0.0,0.0,0.5,48.173764,16.412305,5|14|26|19|8,0.2069|0.1485|0.1430|0.1325|0.1167,
unit_000535,Vienna,12,12,237.5,3,2.7881,0.0,0.0,0.5,48.188371,16.541118,3|5|9|22|14,0.2218|0.1459|0.1406|0.1125|0.0997,
unit_000536,Vienna,7,7,160.1,8,2.8265,0.0,0.0,0.5,48.219515,16.402332,8|13|14|12|10,0.1904|0.1690|0.1485|0.1350|0.1302,
unit_000537,Vienna,9,9,200.2,3,2.807,0.0,0.0,0.5,48.289424,16.311668,3|14|19|10|31,0.2543|0.1329|0.1139|0.0974|0.0880,
unit_000539,Vienna,13,13,262.1,3,2.8838,0.0,0.0,0.5,48.172084,16.318401,3|19|31|5|10,0.1590|0.1506|0.1502|0.1369|0.1337,
unit_000540,Vienna,22,22,405.0,8,2.7804,0.0,0.0,0.5,48.237867,16.381405,8|12|16|5|14,0.1688|0.1362|0.1281|0.1220|0.1083,
unit_000541,Vienna,17,33,352.6,5,2.7869,1e-05,0.0,0.5,48.168084,16.419745,5|12|9|22|26,0.1832|0.1741|0.1527|0.1483|0.1295,
unit_000542,Vienna,18,18,397.2,3,2.8631,0.0,0.0,0.5,48.163667,16.417139,3|5|9|13|23,0.1478|0.1462|0.1362|0.1312|0.1265,
unit_000543,Vienna,19,19,351.0,3,2.7232,0.0,0.0,0.5,48.20649,16.454914,3|13|19|5|14,0.3106|0.1761|0.1341|0.1168|0.0946,
unit_000544,Vienna,19,19,336.9,19,2.7461,0.0,0.0,0.5,48.268047,16.465709,19|14|22|9|8,0.2233|0.1477|0.1313|0.1249|0.1230,
unit_000545,Vienna,12,12,243.2,16,2.7567,0.0,0.0,0.5,48.058479,16.55193,16|3|14|20|13,0.1777|0.1745|0.1641|0.1342|0.1309,
unit_000546,Vienna,14,14,300.4,3,2.7719,0.0,0.0,0.5,48.077674,16.437676,3|13|5|9|22,0.2539|0.1622|0.1579|0.1134|0.0959,
unit_000547,Vienna,23,23,359.2,16,2.8599,0.0,0.0,0.5,48.307626,16.360695,16|14|12|3|26,0.2173|0.1874|0.1818|0.1440|0.1330,
unit_000549,Vienna,4,4,85.4,16,2.8599,0.0,0.0,0.5,48.306843,16.360412,16|14|12|3|26,0.2173|0.1874|0.1818|0.1440|0.1330,
unit_000550,Vienna,16,16,324.5,22,2.7353,0.0,0.0,0.5,48.154765,16.319829,22|9|23|19|12,0.2118|0.2025|0.1467|0.1230|0.1164,
unit_000551,Vienna,15,29,278.9,16,2.7671,0.0,0.0,0.5,48.122437,16.264903,16|3|27|25|19,0.2132|0.1810|0.1483|0.1322|0.1171,
unit_000552,Vienna,20,20,339.3,5,2.8904,0.0,0.0,0.5,48.276171,16.387457,5|3|12|9|23,0.1995|0.1890|0.1591|0.1333|0.1228,
unit_000553,Vienna,3,3,51.0,6,2.7278,0.0,0.0,0.5,48.281863,16.366237,6|31|21|13|17,0.2409|0.1990|0.1668|0.1407|0.1373,
unit_000556,Vienna,40,40,754.0,3,2.6483,0.0,0.0,0.5,48.302153,16.406061,3|16|19|13|14,0.2421|0.2176|0.1765|0.1503|0.0931,
unit_000557,Vienna,6,6,129.1,19,2.8529,0.0,0.0,0.5,48.164396,16.360516,19|10|3|23|31,0.1777|0.1303|0.1272|0.1268|0.1222,
unit_000558,Vienna,7,7,153.9,19,2.8529,0.0,0.0,0.5,48.163814,16.360449,19|10|3|23|31,0.1777|0.1303|0.1272|0.1268|0.1222,
unit_000559,Vienna,10,10,178.4,10,2.8111,0.0,0.0,0.5,48.155187,16.38116,10|8|12|19|13,0.1815|0.1638|0.1286|0.1261|0.1218,
unit_000560,Vienna,17,17,320.7,3,2.8472,0.0,0.0,0.5,48.152045,16.376777,3|13|5|19|14,0.1668|0.1585|0.1395|0.1372|0.1333,
unit_000561,Vienna,21,21,415.1,3,2.8424,0.0,0.0,0.5,48.164783,16.321383,3|16|13|5|14,0.2390|0.1665|0.1530|0.1385|0.1325,
unit_000562,Vienna,7,7,159.7,3,2.8198,0.0,0.0,0.5,48.159863,16.294186,3|5|23|9|22,0.2022|0.1179|0.1177|0.1106|0.1057,
unit_000563,Vienna,14,14,285.8,16,2.7978,0.0,0.0,0.5,48.167631,16.300952,16|3|14|12|25,0.2245|0.1566|0.1498|0.1479|0.1436,
unit_000564,Vienna,18,18,349.4,16,2.87,0.0,0.0,0.5,48.149289,16.276799,16|19|23|3|14,0.1843|0.1472|0.1463|0.1438|0.1433,
unit_000565,Vienna,7,7,158.6,10,2.8695,0.0,0.0,0.5,48.138576,16.279691,10|3|31|23|8,0.1858|0.1651|0.1570|0.1319|0.1272,
unit_000566,Vienna,11,11,221.4,14,2.8792,0.0,0.0,0.5,48.147264,16.351184,14|19|23|3|12,0.1873|0.1630|0.1598|0.1508|0.1234,
unit_000568,Vienna,8,8,175.6,5,2.8124,0.0,0.0,0.5,48.154992,16.355728,5|8|9|27|12,0.2100|0.1656|0.1441|0.1292|0.1290,
unit_000569,Vienna,31,31,604.9,3,2.8405,0.0,0.0,0.5,48.047865,16.52193,3|5|16|23|10,0.2012|0.1510|0.1450|0.1401|0.1286,
unit_000570,Vienna,18,18,305.0,26,2.8586,0.0,0.12165,0.5304,48.14869,16.392405,26|5|9|13|12,0.1866|0.1721|0.1702|0.1585|0.1542,
unit_000571,Vienna,21,21,423.1,3,2.8047,0.0,0.0,0.5,48.111112,16.280646,3|19|13|5|16,0.2812|0.1569|0.1565|0.1475|0.1365,
unit_000572,Vienna,20,20,352.5,3,2.8472,0.0,0.0,0.5,48.210555,16.534392,3|16|12|13|8,0.1982|0.1488|0.1390|0.1352|0.1346,
unit_000573,Vienna,19,19,350.6,9,2.7837,0.0,0.0,0.5,48.216862,16.531888,9|22|3|10|17,0.1861|0.1838|0.1787|0.1148|0.1081,
unit_000574,Vienna,8,8,180.1,5,2.828,0.0,0.0,0.5,48.230407,16.448895,5|12|9|23|8,0.1759|0.1492|0.1386|0.1247|0.1242,
unit_000575,Vienna,7,7,159.9,31,2.8365,0.0,0.0,0.5,48.170603,16.309137,31|23|27|13|3,0.1949|0.1653|0.1456|0.1311|0.1305,
unit_000576,Vienna,10,10,189.1,31,2.8365,0.0,0.0,0.5,48.170487,16.308995,31|23|27|13|3,0.1949|0.1653|0.1456|0.1311|0.1305,
unit_000577,Vienna,13,13,261.3,3,2.7215,0.0,0.0,0.5,48.309339,16.304981,3|19|17|13|5,0.3177|0.1625|0.1262|0.1108|0.1038,
unit_000578,Vienna,3,3,52.4,3,2.7215,0.0,0.0,0.5,48.310071,16.305478,3|19|17|13|5,0.3177|0.1625|0.1262|0.1108|0.1038,
unit_000579,Vienna,21,21,441.3,3,2.7014,0.0,0.0,0.5,48.30602,16.299867,3|5|13|27|10,0.3043|0.1517|0.1323|0.1136|0.1012,
unit_000580,Vienna,6,6,86.8,13,2.8355,0.0,0.0,0.5,48.155283,16.36143,13|8|3|16|14,0.2036|0.1994|0.1496|0.1305|0.1266,
unit_000581,Vienna,24,24,464.5,13,2.8355,0.0,0.0,0.5,48.155715,16.361342,13|8|3|16|14,0.2036|0.1994|0.1496|0.1305|0.1266,
unit_000582,Vienna,7,7,156.2,13,2.8355,0.0,0.0,0.5,48.156511,16.361626,13|8|3|16|14,0.2036|0.1994|0.1496|0.1305|0.1266,
unit_000583,Vienna,8,8,176.8,22,2.8271,0.0,0.0,0.5,48.139549,16.344013,22|19|9|5|12,0.1783|0.1490|0.1481|0.1448|0.1393,
unit_000584,Vienna,8,8,180.5,22,2.8061,0.0,0.0,0.5,48.141825,16.332381,22|3|19|5|23,0.1732|0.1374|0.1265|0.1205|0.1197,
unit_000585,Vienna,11,11,225.8,3,2.7779,0.0,0.0,0.5,48.261676,16.426042,3|13|19|5|10,0.2914|0.1674|0.1518|0.1361|0.1143,
unit_000586,Vienna,5,5,107.3,3,2.7779,0.0,0.0,0.5,48.26235,16.426334,3|13|19|5|10,0.2914|0.1674|0.1518|0.1361|0.1143,
unit_000587,Vienna,14,14,259.8,5,2.7961,0.0,0.0,0.5,48.261832,16.384368,5|8|13|12|26,0.1611|0.1482|0.1310|0.1285|0.1261,
unit_000588,Vienna,21,21,402.6,3,2.838,0.0,0.0,0.5,48.24451,16.45112,3|13|19|5|14,0.1837|0.1619|0.1572|0.1528|0.1378,
unit_000589,Vienna,8,8,178.0,9,2.7316,0.0,0.0,0.5,48.176467,16.314934,9|23|17|20|21,0.1817|0.1384|0.1354|0.1320|0.1061,
unit_000590,Vienna,8,8,176.3,16,2.7247,0.0,0.0,0.5,48.235267,16.463802,16|13|19|25|14,0.2278|0.1583|0.1546|0.1480|0.1421,
unit_000591,Vienna,11,11,208.6,6,2.7295,0.0,0.0,0.5,48.249584,16.46959,6|9|17|20|23,0.2378|0.1813|0.1338|0.1157|0.1118,
unit_000592,Vienna,6,6,126.3,19,2.8487,0.0,0.0,0.5,48.259577,16.473104,19|31|8|10|9,0.1896|0.1573|0.1374|0.1227|0.1218,
unit_000593,Vienna,13,13,254.4,22,2.6897,0.0,0.0,0.5,48.263746,16.472815,22|19|5|9|12,0.1949|0.1592|0.1589|0.1579|0.1308,
unit_000595,Vienna,12,12,235.0,12,2.9132,0.0,0.0,0.5,48.259925,16.455039,12|14|5|13|26,0.1799|0.1569|0.1441|0.1398|0.1333,
unit_000596,Vienna,11,11,204.5,3,2.8091,0.0,0.0,0.5,48.228492,16.29502,3|17|10|13|23,0.2000|0.1628|0.1625|0.1375|0.1353,
unit_000597,Vienna,8,8,178.7,10,2.7018,0.0,0.0,0.5,48.224605,16.290872,10|3|23|14|5,0.2060|0.2012|0.1374|0.1338|0.1261,
unit_000598,Vienna,25,50,490.8,5,2.8738,0.0,0.0,0.5,48.225136,16.314113,5|26|12|27|23,0.1927|0.1836|0.1535|0.1360|0.1097,
unit_000599,Vienna,11,11,179.8,10,2.7018,0.0,0.0,0.5,48.225203,16.290707,10|3|23|14|5,0.2060|0.2012|0.1374|0.1338|0.1261,
unit_000600,Vienna,13,13,259.4,6,2.6617,0.0,0.0,0.5,48.156761,16.478586,6|22|9|20|31,0.2828|0.1356|0.1308|0.1237|0.0986,
unit_000601,Vienna,7,7,154.6,6,2.6188,0.0,0.0,0.5,48.151062,16.48979,6|13|21|9|22,0.2961|0.1422|0.1336|0.1290|0.1218,
unit_000602,Vienna,6,6,126.6,6,2.6188,0.0,0.0,0.5,48.150636,16.489592,6|13|21|9|22,0.2961|0.1422|0.1336|0.1290|0.1218,
unit_000603,Vienna,11,11,226.9,3,2.825,0.0,0.0,0.5,48.232794,16.33472,3|5|23|26|10,0.1798|0.1510|0.1425|0.1382|0.1279,
unit_000605,Vienna,21,21,394.1,25,2.8151,0.0,0.0,0.5,48.24459,16.360189,25|8|16|14|12,0.1952|0.1666|0.1563|0.1369|0.1156,
unit_000606,Vienna,14,14,290.0,14,2.8534,0.0,0.0,0.5,48.155447,16.464803,14|17|8|19|13,0.1764|0.1709|0.1625|0.1545|0.1543,
unit_000607,Vienna,9,9,200.1,14,2.8372,0.0,0.0,0.5,48.151282,16.456822,14|19|5|13|17,0.2128|0.1572|0.1509|0.1415|0.1373,
unit_000608,Vienna,10,10,180.2,14,2.8559,0.0,0.0,0.5,48.140383,16.469344,14|8|19|5|20,0.1515|0.1477|0.1441|0.1063|0.1020,
unit_000610,Vienna,8,8,175.4,21,2.0141,0.0,0.0,0.5,48.12258,16.46915,21|6|12|10|14,0.5767|0.2552|0.1895|0.0858|0.0802,
unit_000611,Vienna,16,16,297.8,3,2.7423,0.0,0.0,0.5,48.136226,16.25503,3|5|13|22|12,0.3046|0.1481|0.1236|0.1193|0.1146,
unit_000612,Vienna,13,19,269.9,16,2.8652,0.0,0.04607,0.5115,48.258212,16.365707,16|8|13|5|12,0.2049|0.1894|0.1327|0.1283|0.1264,
unit_000614,Vienna,9,9,165.9,6,2.5515,0.0,0.0,0.5,48.23656,16.360797,6|20|31|17|26,0.2462|0.1757|0.1546|0.1376|0.1208,
unit_000615,Vienna,4,4,75.7,6,2.5515,0.0,0.0,0.5,48.236109,16.36115,6|20|31|17|26,0.2462|0.1757|0.1546|0.1376|0.1208,
unit_000616,Vienna,8,8,178.7,3,2.5932,0.0,0.0,0.5,48.247915,16.421327,3|10|14|31|6,0.2416|0.1372|0.1340|0.1160|0.0913,
unit_000617,Vienna,25,25,482.5,25,2.7933,0.0,0.0,0.5,48.18089,16.346014,25|23|12|26|31,0.2022|0.1382|0.1334|0.1317|0.1266,
unit_000618,Vienna,18,18,378.3,5,2.78,0.0,0.0,0.5,48.171755,16.386363,5|8|16|26|17,0.1820|0.1768|0.1713|0.1497|0.1307,
unit_000619,Vienna,4,4,76.5,6,2.5776,0.0,0.0,0.5,48.230595,16.452625,6|20|23|17|21,0.2095|0.1424|0.1192|0.1178|0.0928,
unit_000620,Vienna,7,7,152.0,6,2.7989,0.0,0.0,0.5,48.237069,16.457959,6|9|20|19|23,0.2081|0.1624|0.1456|0.1442|0.1355,
unit_000621,Vienna,8,8,177.3,6,2.5776,0.0,0.0,0.5,48.231014,16.453123,6|20|23|17|21,0.2095|0.1424|0.1192|0.1178|0.0928,
unit_000622,Vienna,10,10,180.8,5,2.8131,0.0,0.0,0.5,48.237482,16.463684,5|22|12|14|3,0.1785|0.1714|0.1537|0.1329|0.1170,
unit_000623,Vienna,7,7,152.5,6,2.5913,0.0,0.0,0.5,48.195347,16.418619,6|31|17|20|19,0.2421|0.1739|0.1468|0.1247|0.1033,
unit_000624,Vienna,13,13,237.6,14,2.8264,0.0,0.0,0.5,48.223143,16.305666,14|12|3|17|5,0.1701|0.1438|0.1375|0.1373|0.1316,
unit_000625,Vienna,3,3,51.5,19,2.8478,0.0,0.0,0.5,48.082279,16.294084,19|14|3|16|27,0.1867|0.1718|0.1543|0.1348|0.1157,
unit_000626,Vienna,7,7,155.8,19,2.8478,0.0,0.0,0.5,48.082617,16.294855,19|14|3|16|27,0.1867|0.1718|0.1543|0.1348|0.1157,
unit_000627,Vienna,7,7,155.3,23,2.8585,0.0,0.0,0.5,48.171769,16.425053,23|5|3|14|31,0.1759|0.1327|0.1262|0.1204|0.1185,
unit_000628,Vienna,20,20,352.4,3,2.8237,0.0,0.0,0.5,48.173602,16.42681,3|5|13|9|22,0.1743|0.1625|0.1590|0.1510|0.1489,
unit_000629,Vienna,8,8,175.1,3,2.7115,0.0,0.0,0.5,48.147089,16.43076,3|9|22|6|10,0.2079|0.1409|0.1243|0.1228|0.1195,
unit_000630,Vienna,10,10,182.8,3,2.9108,0.0,0.0,0.5,48.162631,16.421306,3|19|5|23|12,0.1856|0.1796|0.1545|0.1534|0.1240,
unit_000631,Vienna,8,8,180.1,9,2.6749,0.0,0.0,0.5,48.084082,16.359221,9|10|22|3|26,0.2238|0.1699|0.1611|0.1243|0.0892,
unit_000632,Vienna,12,12,210.7,3,2.7803,0.0,0.0,0.5,48.080336,16.303012,3|14|20|19|12,0.1441|0.1427|0.1240|0.1218|0.1049,
unit_000633,Vienna,20,20,394.8,3,2.7191,0.0,0.0,0.5,48.052288,16.321422,3|13|5|19|14,0.2724|0.1421|0.1224|0.0988|0.0908,
unit_000634,Vienna,10,10,228.9,3,2.698,0.0,0.0,0.5,48.111848,16.38332,3|14|6|22|31,0.2139|0.1539|0.1081|0.1007|0.0997,
unit_000635,Vienna,7,7,152.1,6,2.5351,0.0,0.0,0.5,48.186215,16.406051,6|20|17|22|19,0.2179|0.1529|0.1452|0.1270|0.1264,
unit_000636,Vienna,14,14,256.7,19,2.7709,0.0,0.0,0.5,48.108151,16.396257,19|16|13|20|3,0.2117|0.2040|0.1502|0.1247|0.1184,
unit_000637,Vienna,8,8,177.8,6,2.5351,0.0,0.0,0.5,48.186056,16.406194,6|20|17|22|19,0.2179|0.1529|0.1452|0.1270|0.1264,
unit_000638,Vienna,8,8,176.0,6,2.5351,0.0,0.0,0.5,48.18602,16.406365,6|20|17|22|19,0.2179|0.1529|0.1452|0.1270|0.1264,
unit_000639,Vienna,17,17,359.4,3,2.6736,0.0,0.0,0.5,48.226938,16.521173,3|13|22|27|5,0.3132|0.1552|0.1462|0.1206|0.1189,
unit_000640,Vienna,14,14,288.5,3,2.6129,0.0,0.0,0.5,48.242291,16.529279,3|10|14|6|27,0.2658|0.1597|0.1294|0.1066|0.0841,
unit_000641,Vienna,8,8,177.7,9,2.5529,0.0,0.0,0.5,48.226855,16.545248,9|22|3|10|14,0.1840|0.1694|0.1589|0.1388|0.1003,
unit_000642,Vienna,4,4,58.9,16,2.8341,0.0,0.0,0.5,48.192192,16.404374,16|8|26|20|12,0.1550|0.1477|0.1413|0.1262|0.1260,
unit_000643,Vienna,4,4,84.0,6,2.5351,0.0,0.0,0.5,48.186396,16.405948,6|20|17|22|19,0.2179|0.1529|0.1452|0.1270|0.1264,
unit_000644,Vienna,8,8,179.3,3,2.7916,0.0,0.0,0.5,48.081563,16.385429,3|19|14|8|16,0.2063|0.1524|0.1238|0.1098|0.1070,
unit_000645,Vienna,12,12,246.9,9,2.6707,0.0,0.0,0.5,48.046558,16.382045,9|6|22|10|3,0.2034|0.1578|0.1470|0.1268|0.1120,
unit_000646,Vienna,13,13,265.4,5,2.8633,0.0,0.0,0.5,48.195111,16.405752,5|16|8|27|23,0.1612|0.1530|0.1516|0.1256|0.1189,
unit_000647,Vienna,8,8,179.2,5,2.8645,0.0,0.0,0.5,48.153464,16.452777,5|8|13|10|19,0.1610|0.1601|0.1489|0.1322|0.1137,
unit_000649,Vienna,28,28,555.0,25,2.8119,0.0,0.0,0.5,48.180751,16.378111,25|13|12|14|17,0.2057|0.1944|0.1871|0.1533|0.1394,
unit_000650,Vienna,12,12,237.4,5,2.864,0.0,0.0,0.5,48.143412,16.475599,5|9|3|12|22,0.1959|0.1376|0.1243|0.1214|0.1190,
unit_000651,Vienna,7,7,158.7,3,2.8631,0.0,0.0,0.5,48.164243,16.417394,3|5|9|13|23,0.1478|0.1462|0.1362|0.1312|0.1265,
unit_000652,Vienna,12,13,233.1,5,2.8271,0.0,0.12165,0.5304,48.149965,16.391529,5|3|31|12|14,0.1828|0.1799|0.1495|0.1413|0.1386,
unit_000653,Vienna,8,8,182.3,9,2.8211,0.0,0.0,0.5,48.147404,16.397188,9|5|22|23|26,0.1720|0.1661|0.1555|0.1216|0.1147,
unit_000654,Vienna,13,13,263.7,3,2.7892,0.0,0.0,0.5,48.115588,16.466461,3|5|19|22|9,0.2030|0.1592|0.1525|0.1461|0.1295,
unit_000655,Vienna,8,8,129.9,3,2.5821,0.0,0.0,0.5,48.100778,16.455779,3|5|13|19|22,0.3006|0.1711|0.1434|0.1303|0.1274,
unit_000656,Vienna,13,13,273.2,3,2.5821,0.0,0.0,0.5,48.100068,16.45522,3|5|13|19|22,0.3006|0.1711|0.1434|0.1303|0.1274,
unit_000657,Vienna,8,8,133.8,3,2.5821,0.0,0.0,0.5,48.099868,16.45595,3|5|13|19|22,0.3006|0.1711|0.1434|0.1303|0.1274,
unit_000658,Vienna,16,16,319.3,3,2.8204,0.0,0.0,0.5,48.117112,16.274135,3|13|22|5|27,0.2146|0.1786|0.1537|0.1503|0.1285,
unit_000659,Vienna,16,16,307.5,3,2.728,0.0,0.0,0.5,48.209805,16.541888,3|22|9|6|27,0.1997|0.1886|0.1710|0.1092|0.1076,
unit_000660,Vienna,14,14,295.5,3,2.73,0.0,0.0,0.5,48.219248,16.542515,3|13|22|5|19,0.2738|0.1605|0.1537|0.1272|0.1236,
unit_000661,Vienna,12,12,252.0,9,2.6911,0.0,0.0,0.5,48.216112,16.545756,9|3|22|10|6,0.2129|0.2072|0.1650|0.1112|0.0993,
unit_000663,Vienna,14,14,302.9,3,2.8149,0.0,0.0,0.5,48.192912,16.548007,3|13|22|9|19,0.2186|0.1647|0.1590|0.1576|0.1407,
unit_000664,Vienna,8,8,175.2,9,2.5622,0.0,0.0,0.5,48.212321,16.547477,9|22|31|14|3,0.1848|0.1826|0.1554|0.1449|0.1388,
unit_000665,Vienna,18,18,372.8,5,2.8022,0.0,0.0,0.5,48.156209,16.305655,5|3|9|22|13,0.1706|0.1589|0.1476|0.1218|0.1198,
unit_000666,Vienna,6,6,127.1,8,2.7603,0.0,0.0,0.5,48.170265,16.291976,8|25|13|19|23,0.2262|0.1518|0.1498|0.1474|0.1446,
unit_000667,Vienna,8,8,176.2,3,2.8283,0.0,0.0,0.5,48.13906,16.38052,3|13|16|14|19,0.2414|0.1722|0.1580|0.1517|0.1466,
unit_000669,Vienna,8,8,176.9,10,2.8144,0.0,0.0,0.5,48.0932,16.276764,10|3|31|14|9,0.2173|0.2172|0.1264|0.1166|0.1136,
unit_000670,Vienna,8,8,177.2,16,2.8442,0.0,0.0,0.5,48.09029,16.283509,16|22|12|3|26,0.1596|0.1562|0.1402|0.1386|0.1380,
unit_000671,Vienna,7,7,163.0,6,2.6689,0.0,0.0,0.5,48.100754,16.25025,6|21|10|22|31,0.1946|0.1923|0.1728|0.1554|0.1201,
unit_000672,Vienna,13,13,224.6,3,2.7743,0.0,0.0,0.5,48.085832,16.248739,3|19|13|17|10,0.2743|0.1754|0.1246|0.1109|0.0987,
unit_000673,Vienna,3,3,51.8,3,2.711,0.0,0.0,0.5,48.278557,16.375555,3|5|13|27|23,0.2907|0.1400|0.1250|0.0994|0.0933,
unit_000674,Vienna,6,6,125.4,3,2.8052,0.0,0.0,0.5,48.315502,16.299102,3|10|31|14|19,0.1734|0.1518|0.1517|0.1404|0.1338,
unit_000675,Vienna,9,9,129.6,3,2.7215,0.0,0.0,0.5,48.30869,16.305267,3|19|17|13|5,0.3177|0.1625|0.1262|0.1108|0.1038,
unit_000677,Vienna,6,6,127.9,9,2.6642,0.0,0.0,0.5,48.162646,16.384673,9|6|20|23|5,0.1851|0.1748|0.1590|0.1336|0.1328,
unit_000678,Vienna,17,17,341.8,10,2.8477,0.0,0.0,0.5,48.165539,16.382088,10|14|12|25|13,0.1674|0.1598|0.1589|0.1562|0.1375,
unit_000679,Vienna,8,8,176.4,6,2.7494,0.0,0.0,0.5,48.132125,16.34462,6|31|21|10|17,0.2258|0.2247|0.1753|0.1077|0.1054,
unit_000680,Vienna,5,5,100.2,31,2.7574,0.0,0.0,0.5,48.131723,16.338691,31|17|6|21|13,0.2238|0.2231|0.1835|0.1665|0.1281,
unit_000681,Vienna,5,5,103.3,31,2.7574,0.0,0.0,0.5,48.132019,16.339424,31|17|6|21|13,0.2238|0.2231|0.1835|0.1665|0.1281,
unit_000682,Vienna,16,16,264.0,9,2.7663,0.0,0.0,0.5,48.104884,16.414782,9|22|3|20|19,0.1974|0.1734|0.1468|0.1396|0.1329,
unit_000683,Vienna,8,8,181.3,5,2.8099,0.0,0.0,0.5,48.180814,16.392896,5|12|14|27|20,0.1552|0.1353|0.1325|0.1195|0.1146,
unit_000684,Vienna,8,8,176.0,22,2.5107,0.0,0.0,0.5,48.087851,16.407067,22|6|9|14|10,0.1789|0.1691|0.1662|0.1202|0.1010,
unit_000685,Vienna,9,9,187.9,20,2.7387,0.0,0.0,0.5,48.09286,16.290799,20|3|23|6|9,0.1695|0.1389|0.1364|0.1137|0.0979,
unit_000687,Vienna,4,4,77.7,31,2.8079,0.0,0.0,0.5,48.275801,16.474553,31|10|3|17|20,0.1954|0.1460|0.1304|0.1264|0.1120,
unit_000688,Vienna,3,3,52.2,22,2.8061,0.0,0.0,0.5,48.142366,16.331713,22|3|19|5|23,0.1732|0.1374|0.1265|0.1205|0.1197,
unit_000689,Vienna,5,5,112.2,3,2.7426,0.0,0.0,0.5,48.214115,16.532448,3|19|13|5|27,0.3009|0.1645|0.1021|0.0972|0.0964,
unit_000690,Vienna,3,3,57.6,3,2.7426,0.0,0.0,0.5,48.214867,16.532519,3|19|13|5|27,0.3009|0.1645|0.1021|0.0972|0.0964,
unit_000691,Vienna,5,5,52.0,6,2.7653,0.0,0.0,0.5,48.098177,16.241114,6|21|31|17|10,0.2735|0.1542|0.1522|0.1210|0.0979,
unit_000692,Vienna,7,7,150.9,6,2.6689,0.0,0.0,0.5,48.101512,16.250062,6|21|10|22|31,0.1946|0.1923|0.1728|0.1554|0.1201,
unit_000693,Vienna,7,7,150.4,6,2.6689,0.0,0.0,0.5,48.101382,16.250118,6|21|10|22|31,0.1946|0.1923|0.1728|0.1554|0.1201,
unit_000694,Vienna,7,7,150.4,6,2.7653,0.0,0.0,0.5,48.097662,16.241391,6|21|31|17|10,0.2735|0.1542|0.1522|0.1210|0.0979,
unit_000695,Vienna,7,7,150.4,6,2.6822,0.0,0.0,0.5,48.09034,16.234795,6|22|9|5|10,0.2577|0.1365|0.1174|0.1159|0.1092,
unit_000696,Vienna,13,13,257.0,13,2.775,0.0,0.0,0.5,48.228174,16.300463,13|3|14|12|31,0.1699|0.1587|0.1477|0.1366|0.1317,
unit_000697,Vienna,8,8,175.7,10,2.6156,0.0,0.0,0.5,48.277598,16.20946,10|3|31|14|9,0.1769|0.1418|0.1191|0.0909|0.0781,
unit_000698,Vienna,8,8,175.2,10,2.6043,0.0,0.0,0.5,48.273463,16.221328,10|31|3|9|14,0.2185|0.1789|0.1537|0.1022|0.0990,
unit_000699,Vienna,10,10,225.3,3,2.6887,0.0,0.0,0.5,48.273625,16.212039,3|10|9|6|26,0.1727|0.1689|0.1307|0.1138|0.0733,
unit_000700,Vienna,7,7,150.8,3,2.7731,0.0,0.0,0.5,48.21077,16.217998,3|14|27|8|10,0.1924|0.1466|0.1425|0.1261|0.1120,
unit_000701,Vienna,5,5,52.0,31,2.8298,0.0,0.0,0.5,48.158624,16.320813,31|21|19|12|6,0.1999|0.1404|0.1319|0.1306|0.1282,
unit_000702,Vienna,8,8,160.8,3,2.8149,0.0,0.0,0.5,48.193324,16.547638,3|13|22|9|19,0.2186|0.1647|0.1590|0.1576|0.1407,
unit_000703,Vienna,6,6,135.1,31,2.8365,0.0,0.0,0.5,48.171113,16.308815,31|23|27|13|3,0.1949|0.1653|0.1456|0.1311|0.1305,
unit_000704,Vienna,8,8,177.5,10,2.6901,0.0,0.0,0.5,48.137052,16.221814,10|31|3|9|14,0.2045|0.1699|0.1571|0.1193|0.1047,
unit_000705,Vienna,8,8,179.3,21,2.6122,0.0,0.0,0.5,48.27087,16.420922,21|20|6|17|8,0.3103|0.1896|0.1856|0.1562|0.0886,
unit_000706,Vienna,8,8,146.7,3,2.8198,0.0,0.0,0.5,48.269698,16.378401,3|16|10|31|27,0.2000|0.1585|0.1479|0.1127|0.1079,
unit_000708,Vienna,19,19,333.1,3,2.8127,0.0,0.0,0.5,48.221043,16.484459,3|19|5|17|31,0.2236|0.2049|0.1364|0.1352|0.1178,
unit_000709,Vienna,23,23,456.1,23,2.8013,0.0,0.0,0.5,48.217842,16.483613,23|26|9|27|8,0.1718|0.1633|0.1318|0.1295|0.1291,
unit_000710,Vienna,6,7,125.7,6,2.6119,0.0,0.04842,0.5121,48.238883,16.404297,6|9|20|21|31,0.2799|0.1511|0.1356|0.1301|0.1252,
unit_000711,Vienna,6,6,125.7,6,2.7609,0.0,0.04842,0.5121,48.237896,16.405222,6|9|31|23|21,0.2353|0.2036|0.1601|0.1403|0.1179,
unit_000712,Vienna,13,13,260.5,12,2.8362,0.0,0.0,0.5,48.146268,16.359371,12|14|19|3|5,0.1501|0.1490|0.1437|0.1361|0.1217,
unit_000713,Vienna,9,9,202.6,3,2.8229,0.0,0.0,0.5,48.155021,16.343365,3|5|13|19|22,0.1991|0.1499|0.1458|0.1297|0.1212,
unit_000717,Vienna,6,12,129.4,6,2.7496,0.0,0.01044,0.5026,48.180979,16.402949,6|21|20|22|14,0.2383|0.1758|0.1564|0.1203|0.1183,
unit_000719,Vienna,3,3,59.5,3,2.7232,0.0,0.0,0.5,48.207183,16.455061,3|13|19|5|14,0.3106|0.1761|0.1341|0.1168|0.0946,
unit_000720,Vienna,5,5,101.9,3,2.7731,0.0,0.0,0.5,48.211708,16.21778,3|14|27|8|10,0.1924|0.1466|0.1425|0.1261|0.1120,
unit_000721,Vienna,8,8,179.6,3,2.7731,0.0,0.0,0.5,48.211118,16.217922,3|14|27|8|10,0.1924|0.1466|0.1425|0.1261|0.1120,
unit_000722,Vienna,16,16,298.2,21,2.5275,0.0,0.0,0.5,48.142394,16.519029,21|6|20|31|17,0.2792|0.2625|0.1298|0.1076|0.0888,
unit_000723,Vienna,8,8,177.1,10,2.5182,0.0,0.0,0.5,48.143318,16.516072,10|3|20|19|9,0.1720|0.1700|0.1145|0.1040|0.0975,
unit_000724,Vienna,8,8,176.7,9,2.8575,0.0,0.0,0.5,48.288563,16.382255,9|22|23|5|3,0.2158|0.1695|0.1496|0.1152|0.1150,
unit_000725,Vienna,8,8,178.5,19,2.8487,0.0,0.0,0.5,48.259708,16.473509,19|31|8|10|9,0.1896|0.1573|0.1374|0.1227|0.1218,
unit_000726,Vienna,8,8,177.1,19,2.8487,0.0,0.0,0.5,48.259798,16.473549,19|31|8|10|9,0.1896|0.1573|0.1374|0.1227|0.1218,
unit_000727,Vienna,6,6,127.8,31,2.7769,0.0,0.0,0.5,48.077666,16.320718,31|19|22|14|6,0.2040|0.1857|0.1722|0.1399|0.1132,
unit_000728,Vienna,19,19,350.5,3,2.8689,0.0,0.0,0.5,48.136632,16.274872,3|27|26|8|23,0.1632|0.1557|0.1415|0.1412|0.1407,
unit_000729,Vienna,5,5,103.6,26,2.8305,0.0,0.0,0.5,48.181164,16.318908,26|5|23|20|22,0.1926|0.1427|0.1367|0.1254|0.1097,
unit_000730,Vienna,15,30,265.8,22,2.8269,0.0,0.0,0.5,48.116774,16.353269,22|9|19|5|3,0.2033|0.1840|0.1733|0.1296|0.1220,
unit_000732,Vienna,15,15,301.7,23,2.8761,0.0,0.0,0.5,48.239217,16.438292,23|14|22|5|9,0.1877|0.1779|0.1499|0.1494|0.1446,
unit_000733,Vienna,7,14,160.0,3,2.8763,0.0,0.0,0.5,48.079656,16.281393,3|13|5|16|17,0.2128|0.1506|0.1411|0.1314|0.1244,
unit_000734,Vienna,18,18,378.3,3,2.7794,0.0,0.0,0.5,48.103472,16.235694,3|5|13|10|17,0.2486|0.1491|0.1342|0.1302|0.1037,
unit_000735,Vienna,17,17,357.3,19,2.8448,0.0,0.0,0.5,48.17669,16.45583,19|31|14|10|23,0.1769|0.1358|0.1260|0.1255|0.1210,
unit_000737,Vienna,12,12,233.3,3,2.7363,0.0,0.0,0.5,48.174173,16.448357,3|13|14|5|22,0.2410|0.1511|0.1293|0.1163|0.0988,
unit_000738,Vienna,8,8,175.1,31,2.7574,0.0,0.0,0.5,48.132223,16.338992,31|17|6|21|13,0.2238|0.2231|0.1835|0.1665|0.1281,
unit_000740,Vienna,8,8,175.8,9,2.6339,0.0,0.0,0.5,48.061223,16.352973,9|10|3|5|20,0.2008|0.1713|0.1503|0.1145|0.1006,
unit_000741,Vienna,6,6,129.0,25,2.8161,0.0,0.0,0.5,48.231118,16.351314,25|26|23|14|17,0.1843|0.1812|0.1794|0.1446|0.1345,
unit_000742,Vienna,8,8,175.9,6,2.637,0.0,0.0,0.5,48.267663,16.489449,6|21|17|20|31,0.2355|0.1882|0.1700|0.1473|0.1148,
unit_000743,Vienna,8,8,175.9,6,2.6373,0.0,0.0,0.5,48.276921,16.508839,6|9|22|20|21,0.2664|0.1757|0.1297|0.1206|0.1111,
unit_000744,Vienna,8,8,175.2,6,2.6373,0.0,0.0,0.5,48.277161,16.508766,6|9|22|20|21,0.2664|0.1757|0.1297|0.1206|0.1111,
unit_000745,Vienna,8,8,175.2,6,2.637,0.0,0.0,0.5,48.267762,16.489561,6|21|17|20|31,0.2355|0.1882|0.1700|0.1473|0.1148,
unit_000747,Vienna,7,14,159.9,3,2.7526,0.0,0.0,0.5,48.275774,16.422967,3|14|5|31|10,0.1597|0.1502|0.1412|0.1393|0.1128,
unit_000748,Vienna,11,16,258.8,6,2.7659,0.00011,0.0,0.5,48.125599,16.451431,6|31|9|21|22,0.2887|0.1723|0.1375|0.1241|0.1173,
unit_000750,Vienna,5,5,104.2,6,2.7222,0.0,0.0,0.5,48.124882,16.450976,6|9|31|21|22,0.2820|0.1778|0.1532|0.1401|0.1265,
unit_000751,Vienna,4,4,77.8,6,2.7222,0.0,0.0,0.5,48.124776,16.451083,6|9|31|21|22,0.2820|0.1778|0.1532|0.1401|0.1265,
unit_000752,Vienna,25,25,447.1,23,2.6986,0.0,0.0,0.5,48.171603,16.324986,23|31|20|8|26,0.2096|0.1755|0.1674|0.1183|0.1099,
unit_000753,Vienna,7,7,157.5,31,2.7769,0.0,0.0,0.5,48.077016,16.320747,31|19|22|14|6,0.2040|0.1857|0.1722|0.1399|0.1132,
unit_000754,Vienna,8,8,176.5,6,2.7197,0.0,0.0,0.5,48.285824,16.513945,6|9|22|17|19,0.2734|0.1648|0.1197|0.1023|0.1001,
unit_000755,Vienna,8,8,175.5,6,2.7197,0.0,0.0,0.5,48.285769,16.514111,6|9|22|17|19,0.2734|0.1648|0.1197|0.1023|0.1001,
unit_000757,Vienna,8,8,180.9,23,2.781,0.0,0.0,0.5,48.150629,16.289796,23|22|9|12|5,0.1705|0.1606|0.1384|0.1220|0.1057,
unit_000758,Vienna,9,9,155.7,10,2.8595,0.0,0.0,0.5,48.240273,16.278525,10|31|23|3|26,0.1930|0.1610|0.1609|0.1222|0.1077,
unit_000759,Vienna,7,7,152.0,10,2.69,0.0,0.0,0.5,48.251147,16.287402,10|31|3|9|17,0.2644|0.1755|0.1366|0.1122|0.0993,
unit_000760,Vienna,6,6,130.7,10,2.69,0.0,0.0,0.5,48.250346,16.287631,10|31|3|9|17,0.2644|0.1755|0.1366|0.1122|0.0993,
unit_000762,Vienna,3,3,50.9,3,2.7269,0.0,0.0,0.5,48.222988,16.291131,3|23|17|13|19,0.2638|0.1679|0.1596|0.1498|0.1416,
unit_000763,Vienna,8,8,177.6,3,2.7269,0.0,0.0,0.5,48.223602,16.291524,3|23|17|13|19,0.2638|0.1679|0.1596|0.1498|0.1416,
unit_000765,Vienna,4,4,77.8,3,2.8176,0.0,0.0,0.5,48.130655,16.249911,3|10|31|17|21,0.1887|0.1751|0.1444|0.1136|0.1120,
unit_000766,Vienna,6,6,129.1,17,2.8251,0.0,0.0,0.5,48.181123,16.357366,17|23|14|12|22,0.2517|0.1706|0.1533|0.1509|0.1113,
unit_000767,Vienna,7,7,151.0,23,2.8249,0.0,0.0,0.5,48.267612,16.364021,23|9|6|17|26,0.1896|0.1570|0.1460|0.1114|0.1064,
unit_000768,Vienna,8,8,176.1,22,2.7353,0.0,0.0,0.5,48.154689,16.319687,22|9|23|19|12,0.2118|0.2025|0.1467|0.1230|0.1164,
unit_000769,Vienna,4,4,75.6,6,2.5784,0.0,0.0,0.5,48.192545,16.418497,6|20|23|22|9,0.2906|0.1585|0.1310|0.1197|0.1030,
unit_000770,Vienna,8,8,176.5,6,2.6238,0.0,0.0,0.5,48.193322,16.416917,6|31|23|20|19,0.2846|0.1670|0.1184|0.1174|0.0907,
unit_000771,Vienna,4,4,76.3,6,2.5784,0.0,0.0,0.5,48.192188,16.41868,6|20|23|22|9,0.2906|0.1585|0.1310|0.1197|0.1030,
unit_000772,Vienna,8,8,178.0,6,2.6238,0.0,0.0,0.5,48.193229,16.4169,6|31|23|20|19,0.2846|0.1670|0.1184|0.1174|0.0907,
unit_000773,Vienna,8,8,175.1,10,2.7199,0.0,0.0,0.5,48.131337,16.415764,10|31|3|9|17,0.2335|0.1519|0.1513|0.1254|0.1205,
unit_000775,Vienna,8,8,175.4,21,2.0141,0.0,0.0,0.5,48.122485,16.469131,21|6|12|10|14,0.5767|0.2552|0.1895|0.0858|0.0802,
unit_000777,Vienna,13,20,310.3,6,2.7633,0.00011,0.02557,0.5064,48.125397,16.451596,6|31|9|21|22,0.2901|0.1718|0.1424|0.1264|0.1190,
unit_000778,Vienna,10,10,219.4,19,2.7877,0.0,0.0,0.5,48.176681,16.399216,19|14|13|20|22,0.2060|0.1431|0.1344|0.1255|0.1156,
unit_000779,Vienna,3,3,50.9,31,2.7408,0.0,0.0,0.5,48.119255,16.323383,31|6|17|9|20,0.2392|0.1927|0.1582|0.1505|0.1252,
unit_000780,Vienna,8,8,180.4,6,2.6188,0.0,0.0,0.5,48.150863,16.489633,6|13|21|9|22,0.2961|0.1422|0.1336|0.1290|0.1218,
unit_000782,Vienna,8,8,113.3,5,2.7828,0.0,0.0,0.5,48.174495,16.412388,5|14|26|19|8,0.2069|0.1485|0.1430|0.1325|0.1167,
unit_000785,Vienna,4,4,78.3,6,2.7172,0.0,0.0,0.5,48.160095,16.477862,6|20|17|9|13,0.2396|0.1607|0.1366|0.1339|0.1244,
unit_000786,Vienna,8,8,181.9,3,2.7854,0.0,0.0,0.5,48.291186,16.316358,3|10|19|17|23,0.2419|0.1599|0.1548|0.1409|0.1363,
unit_000787,Vienna,8,8,181.8,3,2.7854,0.0,0.0,0.5,48.291532,16.316659,3|10|19|17|23,0.2419|0.1599|0.1548|0.1409|0.1363,
unit_000788,Vienna,8,8,177.9,21,1.9729,0.0,0.0,0.5,48.225325,16.41993,21|6|12|25|9,0.3939|0.2608|0.1477|0.0829|0.0794,
unit_000789,Vienna,8,8,178.4,21,1.9729,0.0,0.0,0.5,48.225399,16.420056,21|6|12|25|9,0.3939|0.2608|0.1477|0.0829|0.0794,
unit_000791,Vienna,3,3,55.0,3,2.7426,0.0,0.0,0.5,48.213436,16.53209,3|19|13|5|27,0.3009|0.1645|0.1021|0.0972|0.0964,
unit_000792,Vienna,7,7,155.0,23,2.8165,0.0,0.0,0.5,48.232504,16.360387,23|17|26|9|21,0.2041|0.1869|0.1613|0.1588|0.1359,
unit_000793,Vienna,8,8,178.9,10,2.7844,0.0,0.0,0.5,48.134653,16.471671,10|31|3|23|26,0.1580|0.1401|0.1302|0.1286|0.1044,
unit_000794,Vienna,4,4,75.8,16,2.7567,0.0,0.0,0.5,48.057913,16.551397,16|3|14|20|13,0.1777|0.1745|0.1641|0.1342|0.1309,
unit_000795,Vienna,13,13,263.0,3,2.7505,0.0,0.0,0.5,48.127054,16.257198,3|5|13|22|27,0.2412|0.1751|0.1562|0.1315|0.1108,
unit_000798,Vienna,15,15,289.6,21,2.0141,0.0,0.0,0.5,48.122814,16.469184,21|6|12|10|14,0.5767|0.2552|0.1895|0.0858|0.0802,
unit_000800,Vienna,3,3,58.3,21,2.0141,0.0,0.0,0.5,48.122236,16.468754,21|6|12|10|14,0.5767|0.2552|0.1895|0.0858|0.0802,
unit_000801,Vienna,7,7,155.2,23,2.8249,0.0,0.0,0.5,48.26744,16.363595,23|9|6|17|26,0.1896|0.1570|0.1460|0.1114|0.1064,
unit_000802,Vienna,6,6,136.3,6,2.7336,0.0,0.0,0.5,48.24866,16.392612,6|23|9|31|20,0.2829|0.1530|0.1475|0.1440|0.1393,
unit_000803,Vienna,10,10,183.5,6,2.6982,0.0,0.0,0.5,48.096397,16.400642,6|21|20|23|9,0.2454|0.2024|0.1790|0.1048|0.0939,
unit_000804,Vienna,12,12,228.4,6,2.7295,0.0,0.0,0.5,48.249492,16.469699,6|9|17|20|23,0.2378|0.1813|0.1338|0.1157|0.1118,
unit_000806,Vienna,7,7,156.6,6,2.7653,0.0,0.0,0.5,48.097337,16.241572,6|21|31|17|10,0.2735|0.1542|0.1522|0.1210|0.0979,
unit_000807,Vienna,8,8,176.5,21,2.6696,0.0,0.0,0.5,48.160002,16.380586,21|6|20|17|31,0.2488|0.2361|0.1571|0.1507|0.1092,
unit_000808,Vienna,5,5,100.9,9,2.8105,0.0,0.0,0.5,48.160595,16.382891,9|23|31|19|17,0.1887|0.1730|0.1617|0.1583|0.1315,
unit_000809,Vienna,8,8,176.5,9,2.6642,0.0,0.0,0.5,48.162218,16.385157,9|6|20|23|5,0.1851|0.1748|0.1590|0.1336|0.1328,
unit_000810,Vienna,3,3,52.1,6,2.639,0.0,0.0,0.5,48.081602,16.333419,6|31|17|19|20,0.3189|0.1600|0.1236|0.0921|0.0880,
unit_000811,Vienna,3,3,50.6,3,2.8838,0.0,0.0,0.5,48.171123,16.318306,3|19|31|5|10,0.1590|0.1506|0.1502|0.1369|0.1337,
unit_000813,Vienna,10,10,195.1,31,2.8621,0.0,0.15376,0.5384,48.149186,16.338187,31|14|23|19|21,0.2159|0.1621|0.1448|0.1271|0.1223,
unit_000814,Vienna,7,7,150.5,10,2.5182,0.0,0.0,0.5,48.14299,16.515977,10|3|20|19|9,0.1720|0.1700|0.1145|0.1040|0.0975,
unit_000815,Vienna,8,8,175.5,21,2.5275,0.0,0.0,0.5,48.141771,16.519017,21|6|20|31|17,0.2792|0.2625|0.1298|0.1076|0.0888,
unit_000816,Vienna,8,16,175.5,6,2.7775,0.0,0.0,0.5,48.13754,16.526206,6|21|9|31|22,0.2520|0.1400|0.1368|0.1364|0.1232,
unit_000817,Vienna,7,7,150.5,6,2.5967,0.0,0.02617,0.5065,48.133196,16.535228,6|21|31|20|17,0.2687|0.2364|0.1592|0.1121|0.1102,
unit_000818,Vienna,8,17,175.5,6,2.72,0.0,0.02617,0.5065,48.132662,16.536836,6|31|21|10|13,0.2890|0.2151|0.1997|0.1140|0.1014,
unit_000819,Vienna,8,8,144.0,25,2.7078,0.0,0.0,0.5,48.220056,16.396642,25|26|10|19|27,0.1873|0.1593|0.1583|0.1465|0.1284,
unit_000820,Vienna,8,8,175.9,31,2.7769,0.0,0.0,0.5,48.077124,16.320736,31|19|22|14|6,0.2040|0.1857|0.1722|0.1399|0.1132,
unit_000821,Vienna,8,8,175.5,10,2.6153,0.0,0.0,0.5,48.083984,16.514376,10|31|14|6|3,0.1684|0.1582|0.1332|0.1132|0.1065,
unit_000822,Vienna,8,8,182.6,31,2.6693,0.0,0.0,0.5,48.22387,16.390496,31|12|8|23|25,0.1649|0.1451|0.1415|0.1351|0.1181,
unit_000823,Vienna,7,7,159.0,31,2.6694,0.0,0.0,0.5,48.223735,16.390556,31|12|8|23|25,0.1649|0.1451|0.1415|0.1351|0.1181,
unit_000826,Vienna,10,10,226.1,3,2.7513,0.0,0.0,0.5,48.097836,16.262463,3|5|13|19|16,0.2218|0.1500|0.1494|0.1214|0.1128,
unit_000827,Vienna,7,7,152.2,22,2.7346,0.0,0.0,0.5,48.27218,16.390338,22|23|20|12|5,0.2042|0.1679|0.1485|0.1474|0.1199,
unit_000829,Vienna,5,6,108.1,8,2.6997,0.0,0.01689,0.5042,48.222401,16.389725,8|26|22|25|20,0.1875|0.1566|0.1519|0.1399|0.1308,
unit_000830,Vienna,7,7,153.6,6,2.5784,0.0,0.0,0.5,48.192826,16.418998,6|20|23|22|9,0.2906|0.1585|0.1310|0.1197|0.1030,
unit_000831,Vienna,3,3,51.2,6,2.5913,0.0,0.0,0.5,48.194613,16.419287,6|31|17|20|19,0.2421|0.1739|0.1468|0.1247|0.1033,
unit_000832,Vienna,8,8,188.6,25,2.4579,0.0,0.0,0.5,48.215194,16.349134,25|8|23|22|31,0.2495|0.2004|0.1529|0.0943|0.0810,
unit_000834,Vienna,9,9,204.8,9,2.7663,0.0,0.0,0.5,48.105388,16.415105,9|22|3|20|19,0.1974|0.1734|0.1468|0.1396|0.1329,
unit_000836,Vienna,8,8,178.2,10,2.8313,0.0,0.0,0.5,48.188511,16.397573,10|8|5|14|9,0.1772|0.1644|0.1190|0.1185|0.1162,
unit_000837,Vienna,8,8,181.1,23,2.6986,0.0,0.0,0.5,48.171734,16.324741,23|31|20|8|26,0.2096|0.1755|0.1674|0.1183|0.1099,
unit_000839,Vienna,8,8,175.3,9,2.6793,0.0,0.0,0.5,48.277177,16.319941,9|10|3|31|20,0.1856|0.1840|0.1438|0.1236|0.1226,
unit_000840,Vienna,8,8,178.2,17,2.8251,0.0,0.0,0.5,48.180595,16.35755,17|23|14|12|22,0.2517|0.1706|0.1533|0.1509|0.1113,
