city,archetype_id,image_count,city_image_count,city_prevalence
Argentina/BuenosAires,A01,2169,12797,0.1694928498866922
Argentina/BuenosAires,A02,1736,12797,0.13565679456122529
Argentina/BuenosAires,A03,1885,12797,0.1473001484722982
Argentina/BuenosAires,A04,1293,12797,0.10103930608736422
Argentina/BuenosAires,A05,974,12797,0.07611158865359069
Argentina/BuenosAires,A06,2051,12797,0.16027193873564116
Argentina/BuenosAires,A07,1582,12797,0.1236227240759553
Argentina/BuenosAires,A08,1107,12797,0.08650464952723294
Australia/Sydney,A01,2138,12737,0.16785742325508363
Australia/Sydney,A02,2452,12737,0.19251001020648503
Australia/Sydney,A03,2643,12737,0.20750569207819738
Australia/Sydney,A04,1286,12737,0.10096569050796891
Australia/Sydney,A05,380,12737,0.029834340896600454
Australia/Sydney,A06,1700,12737,0.133469419800581
Australia/Sydney,A07,1620,12737,0.12718850592761247
Australia/Sydney,A08,518,12737,0.040668917327471146
Austria/Vienna,A01,1886,12625,0.14938613861386138
Austria/Vienna,A02,1003,12625,0.07944554455445545
Austria/Vienna,A03,1463,12625,0.11588118811881189
Austria/Vienna,A04,1637,12625,0.12966336633663367
Austria/Vienna,A05,1821,12625,0.14423762376237623
Austria/Vienna,A06,1070,12625,0.08475247524752476
Austria/Vienna,A07,2259,12625,0.17893069306930692
Austria/Vienna,A08,1486,12625,0.1177029702970297
Bangladesh/Dhaka,A01,1014,12696,0.07986767485822306
Bangladesh/Dhaka,A02,1060,12696,0.08349086326402017
Bangladesh/Dhaka,A03,1040,12696,0.08191556395715185
Bangladesh/Dhaka,A04,2657,12696,0.2092785129174543
Bangladesh/Dhaka,A05,3855,12696,0.30363894139886577
Bangladesh/Dhaka,A06,1731,12696,0.1363421550094518
Bangladesh/Dhaka,A07,256,12696,0.020163831127914304
Bangladesh/Dhaka,A08,1083,12696,0.08530245746691871
Brazil/SaoPaulo,A01,2772,12782,0.21686746987951808
Brazil/SaoPaulo,A02,1694,12782,0.13253012048192772
Brazil/SaoPaulo,A03,1492,12782,0.11672664684712877
Brazil/SaoPaulo,A04,909,12782,0.07111563135659521
Brazil/SaoPaulo,A05,1510,12782,0.11813487717102175
Brazil/SaoPaulo,A06,1290,12782,0.10092317321232984
Brazil/SaoPaulo,A07,1620,12782,0.12674072915036771
Brazil/SaoPaulo,A08,1495,12782,0.11696135190111094
Canada/Toronto,A01,2087,12732,0.16391768771599122
Canada/Toronto,A02,2217,12732,0.1741281809613572
Canada/Toronto,A03,2669,12732,0.20962928055293747
Canada/Toronto,A04,1426,12732,0.11200125667609173
Canada/Toronto,A05,252,12732,0.019792648444863337
Canada/Toronto,A06,2035,12732,0.1598334904178448
Canada/Toronto,A07,1435,12732,0.112708136977694
Canada/Toronto,A08,611,12732,0.04798931825322023
China/HongKong,A01,805,12697,0.06340080333937151
China/HongKong,A02,1736,12697,0.13672521067968813
China/HongKong,A03,1969,12697,0.15507600220524534
China/HongKong,A04,2166,12697,0.17059147830196109
China/HongKong,A05,1447,12697,0.11396392848704419
China/HongKong,A06,1590,12697,0.12522643144049775
China/HongKong,A07,2112,12697,0.1663385051586989
China/HongKong,A08,872,12697,0.0686776403874931
Colombia/Bogota,A01,2613,12770,0.20462020360219263
Colombia/Bogota,A02,2053,12770,0.16076742364917776
Colombia/Bogota,A03,915,12770,0.07165231010180109
Colombia/Bogota,A04,716,12770,0.056068911511354735
Colombia/Bogota,A05,2251,12770,0.17627251370399374
Colombia/Bogota,A06,637,12770,0.04988253719655442
Colombia/Bogota,A07,1963,12770,0.15371965544244323
Colombia/Bogota,A08,1622,12770,0.1270164447924824
France/Paris,A01,2453,12570,0.19514717581543356
France/Paris,A02,1093,12570,0.08695306284805092
France/Paris,A03,1794,12570,0.14272076372315035
France/Paris,A04,1560,12570,0.12410501193317422
France/Paris,A05,1450,12570,0.11535401750198886
France/Paris,A06,1192,12570,0.09482895783611774
France/Paris,A07,1617,12570,0.1286396181384248
France/Paris,A08,1411,12570,0.11225139220365951
India/Mumbai,A01,773,11415,0.06771791502409111
India/Mumbai,A02,1165,11415,0.1020586946999562
India/Mumbai,A03,909,11415,0.07963206307490145
India/Mumbai,A04,1032,11415,0.09040735873850198
India/Mumbai,A05,2445,11415,0.21419185282522996
India/Mumbai,A06,2833,11415,0.24818221638195356
India/Mumbai,A07,812,11415,0.07113447218572054
India/Mumbai,A08,1446,11415,0.1266754270696452
India/NewDelhi,A01,1130,11876,0.09514988211519029
India/NewDelhi,A02,1353,11876,0.11392724823172785
India/NewDelhi,A03,733,11876,0.06172111822162344
India/NewDelhi,A04,1278,11876,0.10761199056921522
India/NewDelhi,A05,3244,11876,0.2731559447625463
India/NewDelhi,A06,1844,11876,0.15527113506231055
India/NewDelhi,A07,725,11876,0.0610474907376221
India/NewDelhi,A08,1569,11876,0.13211519029976423
Indonesia/Jakarta,A01,1831,12767,0.14341662097595362
Indonesia/Jakarta,A02,1078,12767,0.0844364376909219
Indonesia/Jakarta,A03,882,12767,0.0690843581107543
Indonesia/Jakarta,A04,1885,12767,0.14764627555416307
Indonesia/Jakarta,A05,3385,12767,0.26513668050442546
Indonesia/Jakarta,A06,1681,12767,0.1316675804809274
Indonesia/Jakarta,A07,365,12767,0.028589331871230517
Indonesia/Jakarta,A08,1660,12767,0.13002271481162372
Japan/Osaka,A01,1482,12754,0.11619883957973969
Japan/Osaka,A02,1260,12754,0.09879253567508232
Japan/Osaka,A03,1759,12754,0.13791751607338873
Japan/Osaka,A04,2194,12754,0.17202446291359574
Japan/Osaka,A05,1730,12754,0.13564371961737495
Japan/Osaka,A06,864,12754,0.06774345303434216
Japan/Osaka,A07,1908,12754,0.14960012545083895
Japan/Osaka,A08,1557,12754,0.12207934765563745
Malaysia/KualaLumpur,A01,3017,12757,0.23649760915575763
Malaysia/KualaLumpur,A02,2183,12757,0.17112173708552167
Malaysia/KualaLumpur,A03,1942,12757,0.1522301481539547
Malaysia/KualaLumpur,A04,1769,12757,0.1386689660578506
Malaysia/KualaLumpur,A05,800,12757,0.0627106686525045
Malaysia/KualaLumpur,A06,1587,12757,0.12440228893940582
Malaysia/KualaLumpur,A07,577,12757,0.04523006976561888
Malaysia/KualaLumpur,A08,882,12757,0.06913851218938621
Mexico/MexicoCity,A01,2464,12760,0.19310344827586207
Mexico/MexicoCity,A02,1709,12760,0.13393416927899687
Mexico/MexicoCity,A03,1092,12760,0.08557993730407523
Mexico/MexicoCity,A04,946,12760,0.07413793103448275
Mexico/MexicoCity,A05,1678,12760,0.13150470219435736
Mexico/MexicoCity,A06,1008,12760,0.07899686520376176
Mexico/MexicoCity,A07,2078,12760,0.1628526645768025
Mexico/MexicoCity,A08,1785,12760,0.13989028213166144
Netherlands/Amsterdam,A01,2369,12639,0.18743571485085844
Netherlands/Amsterdam,A02,1310,12639,0.10364744046206187
Netherlands/Amsterdam,A03,2160,12639,0.17089959648706385
Netherlands/Amsterdam,A04,2382,12639,0.1884642772371232
Netherlands/Amsterdam,A05,1744,12639,0.1379856001265923
Netherlands/Amsterdam,A06,961,12639,0.07603449640003165
Netherlands/Amsterdam,A07,588,12639,0.046522667932589606
Netherlands/Amsterdam,A08,1125,12639,0.08901020650367909
Nigeria/Lagos,A01,5599,12736,0.4396199748743719
Nigeria/Lagos,A02,2888,12736,0.22675879396984924
Nigeria/Lagos,A03,291,12736,0.02284861809045226
Nigeria/Lagos,A04,1301,12736,0.10215138190954774
Nigeria/Lagos,A05,802,12736,0.0629711055276382
Nigeria/Lagos,A06,820,12736,0.06438442211055276
Nigeria/Lagos,A07,380,12736,0.029836683417085428
Nigeria/Lagos,A08,655,12736,0.051429020100502515
Peru/Lima,A01,2228,12687,0.17561283203278946
Peru/Lima,A02,2371,12687,0.1868842121857019
Peru/Lima,A03,1050,12687,0.0827618822416647
Peru/Lima,A04,870,12687,0.06857413100023646
Peru/Lima,A05,1799,12687,0.14179869157405217
Peru/Lima,A06,1197,12687,0.09434854575549775
Peru/Lima,A07,2007,12687,0.1581934263419248
Peru/Lima,A08,1165,12687,0.09182627886813273
Philippines/Manila,A01,2068,12767,0.1619801049580951
Philippines/Manila,A02,1404,12767,0.1099710190334456
Philippines/Manila,A03,1438,12767,0.11263413487898488
Philippines/Manila,A04,1277,12767,0.10002349808099005
Philippines/Manila,A05,2556,12767,0.20020365003524712
Philippines/Manila,A06,1277,12767,0.10002349808099005
Philippines/Manila,A07,848,12767,0.06642124226521501
Philippines/Manila,A08,1899,12767,0.1487428526670322
Russia/Moscow,A01,2354,12743,0.18472887075257005
Russia/Moscow,A02,2086,12743,0.16369771639331399
Russia/Moscow,A03,2115,12743,0.16597347563368123
Russia/Moscow,A04,1977,12743,0.15514400062779565
Russia/Moscow,A05,940,12743,0.073765989170525
Russia/Moscow,A06,1080,12743,0.08475241308953936
Russia/Moscow,A07,1337,12743,0.10492034842658715
Russia/Moscow,A08,854,12743,0.0670171859059876
Singapore/Singapore,A01,1335,12681,0.10527560917908682
Singapore/Singapore,A02,1986,12681,0.15661225455405725
Singapore/Singapore,A03,3610,12681,0.28467786452172544
Singapore/Singapore,A04,2137,12681,0.16851983282075547
Singapore/Singapore,A05,469,12681,0.03698446494755934
Singapore/Singapore,A06,1770,12681,0.13957889756328365
Singapore/Singapore,A07,735,12681,0.05796072864916016
Singapore/Singapore,A08,639,12681,0.050390347764371894
SouthAfrica/CapeTown,A01,2156,12762,0.16893903776837485
SouthAfrica/CapeTown,A02,3675,12762,0.28796426892336624
SouthAfrica/CapeTown,A03,1856,12762,0.14543175050932455
SouthAfrica/CapeTown,A04,1298,12762,0.10170819620749098
SouthAfrica/CapeTown,A05,334,12762,0.026171446481742675
SouthAfrica/CapeTown,A06,1288,12762,0.10092461996552264
SouthAfrica/CapeTown,A07,1728,12762,0.13540197461212977
SouthAfrica/CapeTown,A08,427,12762,0.033458705532048265
SouthAfrica/Johannesburg,A01,2512,12582,0.19965029407089493
SouthAfrica/Johannesburg,A02,3703,12582,0.2943093307900175
SouthAfrica/Johannesburg,A03,1754,12582,0.13940549992052137
SouthAfrica/Johannesburg,A04,1555,12582,0.12358925449054205
SouthAfrica/Johannesburg,A05,237,12582,0.018836432999523128
SouthAfrica/Johannesburg,A06,1573,12582,0.1250198696550628
SouthAfrica/Johannesburg,A07,927,12582,0.0736766809728183
SouthAfrica/Johannesburg,A08,321,12582,0.025512637100619934
SouthKorea/Seoul,A01,1267,12670,0.1
SouthKorea/Seoul,A02,1363,12670,0.10757695343330702
SouthKorea/Seoul,A03,1703,12670,0.13441199684293606
SouthKorea/Seoul,A04,2035,12670,0.1606156274664562
SouthKorea/Seoul,A05,2006,12670,0.15832675611681138
SouthKorea/Seoul,A06,1208,12670,0.09534333070244673
SouthKorea/Seoul,A07,1702,12670,0.13433307024467245
SouthKorea/Seoul,A08,1386,12670,0.10939226519337017
Taiwan/Taipei,A01,1371,12672,0.10819128787878787
Taiwan/Taipei,A02,2043,12672,0.1612215909090909
Taiwan/Taipei,A03,1890,12672,0.14914772727272727
Taiwan/Taipei,A04,1808,12672,0.14267676767676768
Taiwan/Taipei,A05,1790,12672,0.14125631313131312
Taiwan/Taipei,A06,1255,12672,0.09903724747474747
Taiwan/Taipei,A07,1140,12672,0.08996212121212122
Taiwan/Taipei,A08,1375,12672,0.10850694444444445
Thailand/Bangkok,A01,1773,12782,0.13871068690345797
Thailand/Bangkok,A02,1942,12782,0.15193240494445315
Thailand/Bangkok,A03,1318,12782,0.10311375371616335
Thailand/Bangkok,A04,1965,12782,0.15373181035831637
Thailand/Bangkok,A05,2123,12782,0.16609294320137694
Thailand/Bangkok,A06,1226,12782,0.09591613206071037
Thailand/Bangkok,A07,988,12782,0.07729619777812549
Thailand/Bangkok,A08,1447,12782,0.11320607103739634
Turkey/Istanbul,A01,1701,12704,0.1338948362720403
Turkey/Istanbul,A02,1193,12704,0.0939074307304786
Turkey/Istanbul,A03,1275,12704,0.10036209068010075
Turkey/Istanbul,A04,929,12704,0.07312657430730479
Turkey/Istanbul,A05,2554,12704,0.2010390428211587
Turkey/Istanbul,A06,944,12704,0.0743073047858942
Turkey/Istanbul,A07,1657,12704,0.13043136020151133
Turkey/Istanbul,A08,2451,12704,0.19293136020151133
UnitedKingdom/London,A01,4191,12605,0.332487108290361
UnitedKingdom/London,A02,970,12605,0.07695358984529949
UnitedKingdom/London,A03,1795,12605,0.14240380801269337
UnitedKingdom/London,A04,1459,12605,0.11574771915906386
UnitedKingdom/London,A05,1064,12605,0.08441094803649346
UnitedKingdom/London,A06,1010,12605,0.08012693375644586
UnitedKingdom/London,A07,954,12605,0.07568425228084094
UnitedKingdom/London,A08,1162,12605,0.09218564061880206
UnitedStates/LosAngeles,A01,1733,12703,0.13642446666141855
UnitedStates/LosAngeles,A02,2873,12703,0.22616704715421554
UnitedStates/LosAngeles,A03,2192,12703,0.17255766354404473
UnitedStates/LosAngeles,A04,1193,12703,0.09391482327009368
UnitedStates/LosAngeles,A05,204,12703,0.016059198614500513
UnitedStates/LosAngeles,A06,1854,12703,0.14594977564354877
UnitedStates/LosAngeles,A07,2377,12703,0.1871211524836653
UnitedStates/LosAngeles,A08,277,12703,0.02180587262851295
UnitedStates/NewYorkCity,A01,1839,12350,0.1489068825910931
UnitedStates/NewYorkCity,A02,1362,12350,0.1102834008097166
UnitedStates/NewYorkCity,A03,2160,12350,0.1748987854251012
UnitedStates/NewYorkCity,A04,1704,12350,0.13797570850202429
UnitedStates/NewYorkCity,A05,601,12350,0.04866396761133603
UnitedStates/NewYorkCity,A06,2322,12350,0.1880161943319838
UnitedStates/NewYorkCity,A07,1582,12350,0.12809716599190282
UnitedStates/NewYorkCity,A08,780,12350,0.06315789473684211
