cityname,countryname,lon,lat,metadata_status,success,failed,status
Singapore,Singapore,103.81917931993215,1.3362862753765192,>0,1,0,research
Paris,France,2.367987557249957,48.82054765367776,>0,1,0,research
Amsterdam,Netherlands,4.85276802015887,52.35436657868384,>0,1,0,research
SaoPaulo,Brazil,-46.59777372716653,-23.57640760944693,>0,1,0,research
MexicoCity,Mexico,-99.105827337073,19.46063074859181,>0,1,0,research
Sydney,Australia,151.0621811526022,-33.84953454947257,>0,1,0,research
CapeTown,SouthAfrica,18.58375797191506,-33.958972657940926,>0,1,0,research
Jakarta,Indonesia,106.82887530890487,-6.368845408217798,>0,1,0,research
Dhaka,Bangladesh,90.84901935526189,23.452980444799685,>0,1,0,research
NewDelhi,India,77.22737874432603,28.596939186757194,>0,1,0,research
Manila,Philippines,120.96484772735498,14.604325329557087,>0,1,0,research
Cairo,Egypt,31.275572910319372,30.071114685686243,>0,1,0,collected_other
Kolkata,India,88.26790865291608,22.52577550954854,>0,1,0,collected_other
Seoul,SouthKorea,126.93320335524537,37.47326755904677,>0,1,0,collected_other
Karachi,Pakistan,67.09502394355655,24.90008614160309,0,0,1,failed
Mumbai,India,72.91472404477022,19.131292824984644,>0,1,0,collected_other
Bangkok,Thailand,100.55406727216676,13.770940914025863,>0,1,0,collected_other
HoChiMinhCity,Vietnam,106.71304785303526,10.851945276416737,>0,1,0,collected_other
Moscow,Russia,37.66702713832736,55.75366501763476,>0,1,0,collected_other
Lahore,Pakistan,74.28129135043906,31.527297344132506,>0,1,0,collected_other
Istanbul,Turkey,29.049837815703203,40.98549284489771,>0,1,0,collected_other
NewYorkCity,UnitedStates,-73.93943152800274,40.73149428304786,>0,1,0,collected_other
BuenosAires,Argentina,-58.56083136101984,-34.64522248903503,>0,1,0,collected_other
LosAngeles,UnitedStates,-118.00289442856575,33.98571208664144,>0,1,0,collected_other
Kinshasa,DemocraticRepublicOfTheCongo,15.336281539070262,-4.397145263660835,0,0,1,failed
Lagos,Nigeria,3.311992093921498,6.58008481262983,>0,1,0,collected_other
Osaka,Japan,135.43490768522628,34.70423613474369,>0,1,0,collected_other
Luanda,Angola,13.29932705397705,-8.915014223114197,0,0,1,failed
Lima,Peru,-77.00025438959032,-12.028013987393186,>0,1,0,collected_other
Bogota,Colombia,-74.13079896107082,4.649518303099183,>0,1,0,collected_other
London,UnitedKingdom,-0.13358494180290253,51.50496499986922,>0,1,0,collected_other
RioDeJaneiro,Brazil,-43.392610025322924,-22.838861580100847,>0,1,0,collected_other
Taipei,Taiwan,121.42134328399412,25.014997498228116,>0,1,0,collected_other
Tehran,Iran,51.34475149853258,35.6804473792779,0,0,1,failed
DarEsSalaam,Tanzania,39.18858975983509,-6.81572170270924,0,0,1,failed
Bandung,Indonesia,107.64293751579207,-6.942242584719834,>0,1,0,collected_other
Johannesburg,SouthAfrica,28.05592469470919,-26.173748456865965,>0,1,0,collected_other
KualaLumpur,Malaysia,101.61215364583268,3.0867657969116467,>0,1,0,collected_other
Riyadh,SaudiArabia,46.733671592530605,24.682712899720304,0,0,1,failed
Nagoya,Japan,136.88133568780552,35.120187393035046,>0,1,0,collected_other
AddisAbaba,Ethiopia,38.75857686988304,8.992193031102518,0,0,1,failed
Khartoum,Sudan,32.513874598398125,15.601341835866856,0,0,1,failed
Alexandria,Egypt,29.966676321093903,31.17827387652551,>0,1,0,collected_other
Baghdad,Iraq,44.39186431722987,33.33169953001511,>0,1,0,collected_other
Surabaya,Indonesia,112.64968314870295,-7.428235582808296,>0,1,0,collected_other
Nairobi,Kenya,36.84562274709699,-1.2435124796249015,>0,1,0,collected_other
Santiago,Chile,-70.65310537939386,-33.47699597379585,>0,1,0,collected_other
Abidjan,CoteDIvoire,-3.9968204455673275,5.350657343073181,0,0,1,failed
Amman,Jordan,35.94702882380724,31.977887603781383,>0,1,0,collected_other
Luxor,Egypt,32.635414127973455,25.683963853314456,0,0,1,failed
Kabul,Afghanistan,69.13550614653124,34.52858543472933,0,0,1,failed
Yangon,Myanmar,96.14611326371147,16.883004802174792,0,0,1,failed
Accra,Ghana,-0.20367223337959017,5.632683368651092,>0,1,0,collected_other
Onitsha,Nigeria,6.94561674570784,6.0573247014872305,>0,1,0,collected_other
Miami,UnitedStates,-80.21801452334738,26.122406785365936,>0,1,0,collected_other
Madrid,Spain,-3.73964057243615,40.4024533344255,>0,1,0,collected_other
Faisalabad,Pakistan,73.07907977487986,31.419821135474734,0,0,1,failed
Toronto,Canada,-79.51404915989689,43.71237006515081,>0,1,0,collected_other
Yaounde,Cameroon,11.518186116453206,3.8517163437381194,0,0,1,failed
Mashhad,Iran,59.52080891498616,36.344462404857744,0,0,1,failed
Kampala,Uganda,32.56923541648277,0.3097298445138336,>0,1,0,collected_other
Chattogram,Bangladesh,91.80710855590073,22.413839333892778,>0,1,0,collected_other
Kano,Nigeria,8.521562850805909,11.987960850078998,>0,1,0,collected_other
Hanoi,Vietnam,105.84519975398682,21.00585179214438,>0,1,0,collected_other
Kumasi,Ghana,-1.6128029540646434,6.695833415884553,>0,1,0,collected_other
SaintPetersburg,Russia,30.331927216462617,59.92329892121459,>0,1,0,collected_other
Jeddah,SaudiArabia,39.222743223000556,21.501831430873533,0,0,1,failed
Mogadishu,Somalia,45.30842116718798,2.060137291566369,0,0,1,failed
ColomboSriJayawardenepuraKotte,SriLanka,79.94790925601592,6.9213751773519085,>0,1,0,collected_other
SantoDomingo,DominicanRepublic,-69.89800818752605,18.493793428589356,>0,1,0,collected_other
Casablanca,Morocco,-7.536316515472108,33.59386029131478,0,0,1,failed
Dubai,UnitedArabEmirates,55.31741243884235,25.20221957829861,>0,1,0,collected_other
Douala,Cameroon,9.73680335548659,4.053167286839356,0,0,1,failed
BeloHorizonte,Brazil,-44.00978912251673,-19.900984541093447,>0,1,0,collected_other
Antananarivo,Madagascar,47.53356791800818,-18.867258875526733,>0,1,0,collected_other
Guadalajara,Mexico,-103.36049720401758,20.637720101604714,>0,1,0,collected_other
Monterrey,Mexico,-100.27481970250278,25.711315122608465,>0,1,0,collected_other
Melbourne,Australia,145.0612918382641,-37.83704178220732,>0,1,0,collected_other
Dakar,Senegal,-17.37345578929195,14.742484151402868,>0,1,0,collected_other
Bamako,Mali,-7.976569462481712,12.617862149052758,>0,1,0,collected_other
Barcelona,Spain,2.166995892743358,41.46196871613342,>0,1,0,collected_other
Tashkent,Uzbekistan,69.25736222861529,41.29095591974457,0,0,1,failed
Kathmandu,Nepal,85.34298438261543,27.69335046561001,>0,1,0,collected_other
Recife,Brazil,-34.924513572459425,-8.03774699505378,>0,1,0,collected_other
Damascus,Syria,36.31451914354079,33.49102172345281,0,0,1,failed
SanaA,Yemen,44.20637247742262,15.36809854081448,0,0,1,failed
KuwaitCity,Kuwait,48.01151181893818,29.25194313410764,0,0,1,failed
Ankara,Turkey,32.84388454559326,39.953632520790336,>0,1,0,collected_other
Savar,Bangladesh,90.2143492565925,23.941295819502532,>0,1,0,collected_other
Lusaka,Zambia,28.295964432845217,-15.399419262637164,0,0,1,failed
Ouagadougou,BurkinaFaso,-1.5312275774033342,12.367722906415942,0,0,1,failed
KasaiOriental,DemocraticRepublicOfTheCongo,23.60594019764403,-6.123462173130489,0,0,1,failed
Karaj,Iran,50.967304877921016,35.77531129220453,0,0,1,failed
Berlin,Germany,13.400544030250773,52.503150140392165,>0,1,0,collected_other
Maputo,Mozambique,32.55012420759602,-25.854950216618782,0,0,1,failed
Algiers,Algeria,3.077440731011237,36.73056001467993,0,0,1,failed
Durban,SouthAfrica,30.934312694957583,-29.852241512996525,>0,1,0,collected_other
Busan,SouthKorea,129.0574380207106,35.15606661260035,>0,1,0,collected_other
Guayaquil,Ecuador,-79.90671111931633,-2.1566727585819994,>0,1,0,collected_other
Montreal,Canada,-73.6659505171047,45.53496737152113,>0,1,0,collected_other
Medellin,Colombia,-75.58388279115685,6.242128734333825,>0,1,0,collected_other
CebuCity,Philippines,123.89610213469285,10.307299982350404,>0,1,0,collected_other
Brazzaville,RepublicOfTheCongo,15.2545620915965,-4.243927160033448,0,0,1,failed
Athens,Greece,23.73674581100481,37.99347327558508,>0,1,0,collected_other
Milan,Italy,9.186883206891142,45.54447176387791,>0,1,0,collected_other
Aleppo,Syria,37.128430562495126,36.20126674128562,0,0,1,failed
Coyah,Guinea,-13.535842774801136,9.67528023177937,0,0,1,failed
HongKong,China,114.17062385538081,22.311750052480583,>0,1,0,research
Vienna,Austria,16.3757672465971,48.19524275644841,>0,1,0,collected_other
Kyoto,Japan,135.7273637948802,35.10611536619255,>0,1,0,collected_other
