cluster_id,parent_cluster_id,member_dimensions,medoid_dimension,cluster_size,mean_split_sample_jaccard,representative_images,representative_activation_maps
F000,C000,"[0, 18, 33, 68, 93, 128, 154, 249, 464]",18,9,0.4043114483356476,"[""outputs/experiments/dinov3_multicity/feature_mae_n30x12800_qc/heatmaps/feature_018/rank_01_UnitedKingdom__London_00815.jpg"", ""outputs/experiments/dinov3_multicity/feature_mae_n30x12800_qc/heatmaps/feature_018/rank_02_Austria__Vienna_01456.jpg"", ""outputs/experiments/dinov3_multicity/feature_mae_n30x12800_qc/heatmaps/feature_018/rank_03_Austria__Vienna_10014.jpg"", ""outputs/experiments/dinov3_multicity/feature_mae_n30x12800_qc/heatmaps/feature_018/rank_04_Singapore__Singapore_02062.jpg"", ""outputs/experiments/dinov3_multicity/feature_mae_n30x12800_qc/heatmaps/feature_018/rank_05_Austria__Vienna_12250.jpg"", ""outputs/experiments/dinov3_multicity/feature_mae_n30x12800_qc/heatmaps/feature_018/rank_06_Austria__Vienna_01391.jpg"", ""outputs/experiments/dinov3_multicity/feature_mae_n30x12800_qc/heatmaps/feature_018/rank_07_France__Paris_12773.jpg"", ""outputs/experiments/dinov3_multicity/feature_mae_n30x12800_qc/heatmaps/feature_018/rank_08_Austria__Vienna_06671.jpg"", ""outputs/experiments/dinov3_multicity/feature_mae_n30x12800_qc/heatmaps/feature_018/rank_09_Austria__Vienna_10648.jpg"", ""outputs/experiments/dinov3_multicity/feature_mae_n30x12800_qc/heatmaps/feature_018/rank_10_Japan__Osaka_02359.jpg""]",outputs/experiments/dinov3_multicity/feature_mae_n30x12800_qc/heatmaps/feature_018/contact_sheet.jpg
F038,C000,"[56, 95, 129, 395, 439, 467, 468, 508]",95,8,0.53125,"[""outputs/experiments/dinov3_multicity/feature_mae_n30x12800_qc/heatmaps/feature_095/rank_01_Bangladesh__Dhaka_08990.jpg"", ""outputs/experiments/dinov3_multicity/feature_mae_n30x12800_qc/heatmaps/feature_095/rank_02_Austria__Vienna_06483.jpg"", ""outputs/experiments/dinov3_multicity/feature_mae_n30x12800_qc/heatmaps/feature_095/rank_03_Brazil__SaoPaulo_05369.jpg"", ""outputs/experiments/dinov3_multicity/feature_mae_n30x12800_qc/heatmaps/feature_095/rank_04_Singapore__Singapore_04392.jpg"", ""outputs/experiments/dinov3_multicity/feature_mae_n30x12800_qc/heatmaps/feature_095/rank_05_Colombia__Bogota_04104.jpg"", ""outputs/experiments/dinov3_multicity/feature_mae_n30x12800_qc/heatmaps/feature_095/rank_06_Singapore__Singapore_08713.jpg"", ""outputs/experiments/dinov3_multicity/feature_mae_n30x12800_qc/heatmaps/feature_095/rank_07_SouthKorea__Seoul_10280.jpg"", ""outputs/experiments/dinov3_multicity/feature_mae_n30x12800_qc/heatmaps/feature_095/rank_08_Colombia__Bogota_05984.jpg"", ""outputs/experiments/dinov3_multicity/feature_mae_n30x12800_qc/heatmaps/feature_095/rank_09_Austria__Vienna_05934.jpg"", ""outputs/experiments/dinov3_multicity/feature_mae_n30x12800_qc/heatmaps/feature_095/rank_10_Netherlands__Amsterdam_02114.jpg""]",outputs/experiments/dinov3_multicity/feature_mae_n30x12800_qc/heatmaps/feature_095/contact_sheet.jpg
F001,C001,"[1, 21, 77, 164, 231, 285, 291, 304, 313, 372]",77,10,0.36757373809814453,"[""outputs/experiments/dinov3_multicity/feature_mae_n30x12800_qc/heatmaps/feature_077/rank_01_Philippines__Manila_00084.jpg"", ""outputs/experiments/dinov3_multicity/feature_mae_n30x12800_qc/heatmaps/feature_077/rank_02_Peru__Lima_02875.jpg"", ""outputs/experiments/dinov3_multicity/feature_mae_n30x12800_qc/heatmaps/feature_077/rank_03_Nigeria__Lagos_08756.jpg"", ""outputs/experiments/dinov3_multicity/feature_mae_n30x12800_qc/heatmaps/feature_077/rank_04_Brazil__SaoPaulo_11018.jpg"", ""outputs/experiments/dinov3_multicity/feature_mae_n30x12800_qc/heatmaps/feature_077/rank_05_Argentina__BuenosAires_09883.jpg"", ""outputs/experiments/dinov3_multicity/feature_mae_n30x12800_qc/heatmaps/feature_077/rank_06_Argentina__BuenosAires_00386.jpg"", ""outputs/experiments/dinov3_multicity/feature_mae_n30x12800_qc/heatmaps/feature_077/rank_07_Netherlands__Amsterdam_07323.jpg"", ""outputs/experiments/dinov3_multicity/feature_mae_n30x12800_qc/heatmaps/feature_077/rank_08_Thailand__Bangkok_06493.jpg"", ""outputs/experiments/dinov3_multicity/feature_mae_n30x12800_qc/heatmaps/feature_077/rank_09_Indonesia__Jakarta_09741.jpg"", ""outputs/experiments/dinov3_multicity/feature_mae_n30x12800_qc/heatmaps/feature_077/rank_10_Turkey__Istanbul_07456.jpg""]",outputs/experiments/dinov3_multicity/feature_mae_n30x12800_qc/heatmaps/feature_077/contact_sheet.jpg
F031,C001,"[40, 170, 217, 238, 279, 345, 382, 428]",170,8,0.5565476417541504,"[""outputs/experiments/dinov3_multicity/feature_mae_n30x12800_qc/heatmaps/feature_170/rank_01_Netherlands__Amsterdam_08619.jpg"", ""outputs/experiments/dinov3_multicity/feature_mae_n30x12800_qc/heatmaps/feature_170/rank_02_Netherlands__Amsterdam_07025.jpg"", ""outputs/experiments/dinov3_multicity/feature_mae_n30x12800_qc/heatmaps/feature_170/rank_03_Netherlands__Amsterdam_00184.jpg"", ""outputs/experiments/dinov3_multicity/feature_mae_n30x12800_qc/heatmaps/feature_170/rank_04_France__Paris_06287.jpg"", ""outputs/experiments/dinov3_multicity/feature_mae_n30x12800_qc/heatmaps/feature_170/rank_05_Netherlands__Amsterdam_01794.jpg"", ""outputs/experiments/dinov3_multicity/feature_mae_n30x12800_qc/heatmaps/feature_170/rank_06_Netherlands__Amsterdam_06034.jpg"", ""outputs/experiments/dinov3_multicity/feature_mae_n30x12800_qc/heatmaps/feature_170/rank_07_UnitedKingdom__London_08805.jpg"", ""outputs/experiments/dinov3_multicity/feature_mae_n30x12800_qc/heatmaps/feature_170/rank_08_SouthAfrica__Johannesburg_07019.jpg"", ""outputs/experiments/dinov3_multicity/feature_mae_n30x12800_qc/heatmaps/feature_170/rank_09_Taiwan__Taipei_06220.jpg"", ""outputs/experiments/dinov3_multicity/feature_mae_n30x12800_qc/heatmaps/feature_170/rank_10_Netherlands__Amsterdam_00514.jpg""]",outputs/experiments/dinov3_multicity/feature_mae_n30x12800_qc/heatmaps/feature_170/contact_sheet.jpg
F002,C002,"[2, 49, 55, 81, 135, 149, 196, 254, 347, 354, 366, 407, 426, 457]",354,14,0.5684704184532166,"[""outputs/experiments/dinov3_multicity/feature_mae_n30x12800_qc/heatmaps/feature_354/rank_01_China__HongKong_07978.jpg"", ""outputs/experiments/dinov3_multicity/feature_mae_n30x12800_qc/heatmaps/feature_354/rank_02_China__HongKong_01122.jpg"", ""outputs/experiments/dinov3_multicity/feature_mae_n30x12800_qc/heatmaps/feature_354/rank_03_Philippines__Manila_10224.jpg"", ""outputs/experiments/dinov3_multicity/feature_mae_n30x12800_qc/heatmaps/feature_354/rank_04_China__HongKong_12538.jpg"", ""outputs/experiments/dinov3_multicity/feature_mae_n30x12800_qc/heatmaps/feature_354/rank_05_Singapore__Singapore_02297.jpg"", ""outputs/experiments/dinov3_multicity/feature_mae_n30x12800_qc/heatmaps/feature_354/rank_06_Malaysia__KualaLumpur_04557.jpg"", ""outputs/experiments/dinov3_multicity/feature_mae_n30x12800_qc/heatmaps/feature_354/rank_07_Bangladesh__Dhaka_03683.jpg"", ""outputs/experiments/dinov3_multicity/feature_mae_n30x12800_qc/heatmaps/feature_354/rank_08_China__HongKong_07142.jpg"", ""outputs/experiments/dinov3_multicity/feature_mae_n30x12800_qc/heatmaps/feature_354/rank_09_Brazil__SaoPaulo_00158.jpg"", ""outputs/experiments/dinov3_multicity/feature_mae_n30x12800_qc/heatmaps/feature_354/rank_10_China__HongKong_01952.jpg""]",outputs/experiments/dinov3_multicity/feature_mae_n30x12800_qc/heatmaps/feature_354/contact_sheet.jpg
F003,C003,"[3, 4, 12, 64, 127, 202, 264, 311]",3,8,0.630515456199646,"[""outputs/experiments/dinov3_multicity/feature_mae_n30x12800_qc/heatmaps/feature_003/rank_01_UnitedStates__NewYorkCity_07458.jpg"", ""outputs/experiments/dinov3_multicity/feature_mae_n30x12800_qc/heatmaps/feature_003/rank_02_Austria__Vienna_02816.jpg"", ""outputs/experiments/dinov3_multicity/feature_mae_n30x12800_qc/heatmaps/feature_003/rank_03_Netherlands__Amsterdam_11907.jpg"", ""outputs/experiments/dinov3_multicity/feature_mae_n30x12800_qc/heatmaps/feature_003/rank_04_Austria__Vienna_12604.jpg"", ""outputs/experiments/dinov3_multicity/feature_mae_n30x12800_qc/heatmaps/feature_003/rank_05_Austria__Vienna_09319.jpg"", ""outputs/experiments/dinov3_multicity/feature_mae_n30x12800_qc/heatmaps/feature_003/rank_06_Austria__Vienna_01672.jpg"", ""outputs/experiments/dinov3_multicity/feature_mae_n30x12800_qc/heatmaps/feature_003/rank_07_UnitedStates__NewYorkCity_02381.jpg"", ""outputs/experiments/dinov3_multicity/feature_mae_n30x12800_qc/heatmaps/feature_003/rank_08_Austria__Vienna_01020.jpg"", ""outputs/experiments/dinov3_multicity/feature_mae_n30x12800_qc/heatmaps/feature_003/rank_09_Austria__Vienna_09910.jpg"", ""outputs/experiments/dinov3_multicity/feature_mae_n30x12800_qc/heatmaps/feature_003/rank_10_Austria__Vienna_06058.jpg""]",outputs/experiments/dinov3_multicity/feature_mae_n30x12800_qc/heatmaps/feature_003/contact_sheet.jpg
F037,C003,"[50, 74, 155, 199, 201, 263, 396, 448, 481, 493, 501]",493,11,0.6591790914535522,"[""outputs/experiments/dinov3_multicity/feature_mae_n30x12800_qc/heatmaps/feature_493/rank_01_China__HongKong_11826.jpg"", ""outputs/experiments/dinov3_multicity/feature_mae_n30x12800_qc/heatmaps/feature_493/rank_02_Malaysia__KualaLumpur_06105.jpg"", ""outputs/experiments/dinov3_multicity/feature_mae_n30x12800_qc/heatmaps/feature_493/rank_03_Indonesia__Jakarta_07458.jpg"", ""outputs/experiments/dinov3_multicity/feature_mae_n30x12800_qc/heatmaps/feature_493/rank_04_Brazil__SaoPaulo_10663.jpg"", ""outputs/experiments/dinov3_multicity/feature_mae_n30x12800_qc/heatmaps/feature_493/rank_05_Thailand__Bangkok_05346.jpg"", ""outputs/experiments/dinov3_multicity/feature_mae_n30x12800_qc/heatmaps/feature_493/rank_06_Taiwan__Taipei_10052.jpg"", ""outputs/experiments/dinov3_multicity/feature_mae_n30x12800_qc/heatmaps/feature_493/rank_07_Thailand__Bangkok_11144.jpg"", ""outputs/experiments/dinov3_multicity/feature_mae_n30x12800_qc/heatmaps/feature_493/rank_08_Thailand__Bangkok_07985.jpg"", ""outputs/experiments/dinov3_multicity/feature_mae_n30x12800_qc/heatmaps/feature_493/rank_09_SouthKorea__Seoul_05325.jpg"", ""outputs/experiments/dinov3_multicity/feature_mae_n30x12800_qc/heatmaps/feature_493/rank_10_SouthKorea__Seoul_05157.jpg""]",outputs/experiments/dinov3_multicity/feature_mae_n30x12800_qc/heatmaps/feature_493/contact_sheet.jpg
F004,C004,"[5, 141, 393, 456, 483]",483,5,0.7429166436195374,"[""outputs/experiments/dinov3_multicity/feature_mae_n30x12800_qc/heatmaps/feature_483/rank_01_China__HongKong_07254.jpg"", ""outputs/experiments/dinov3_multicity/feature_mae_n30x12800_qc/heatmaps/feature_483/rank_02_Thailand__Bangkok_00198.jpg"", ""outputs/experiments/dinov3_multicity/feature_mae_n30x12800_qc/heatmaps/feature_483/rank_03_Canada__Toronto_08734.jpg"", ""outputs/experiments/dinov3_multicity/feature_mae_n30x12800_qc/heatmaps/feature_483/rank_04_Brazil__SaoPaulo_07171.jpg"", ""outputs/experiments/dinov3_multicity/feature_mae_n30x12800_qc/heatmaps/feature_483/rank_05_Malaysia__KualaLumpur_07208.jpg"", ""outputs/experiments/dinov3_multicity/feature_mae_n30x12800_qc/heatmaps/feature_483/rank_06_China__HongKong_00313.jpg"", ""outputs/experiments/dinov3_multicity/feature_mae_n30x12800_qc/heatmaps/feature_483/rank_07_China__HongKong_11291.jpg"", ""outputs/experiments/dinov3_multicity/feature_mae_n30x12800_qc/heatmaps/feature_483/rank_08_India__Mumbai_07036.jpg"", ""outputs/experiments/dinov3_multicity/feature_mae_n30x12800_qc/heatmaps/feature_483/rank_09_SouthKorea__Seoul_09894.jpg"", ""outputs/experiments/dinov3_multicity/feature_mae_n30x12800_qc/heatmaps/feature_483/rank_10_Canada__Toronto_05384.jpg""]",outputs/experiments/dinov3_multicity/feature_mae_n30x12800_qc/heatmaps/feature_483/contact_sheet.jpg
F010,C004,"[11, 121, 174, 188, 262, 307, 315, 380, 409, 418, 421]",380,11,0.6875132918357849,"[""outputs/experiments/dinov3_multicity/feature_mae_n30x12800_qc/heatmaps/feature_380/rank_01_Russia__Moscow_07994.jpg"", ""outputs/experiments/dinov3_multicity/feature_mae_n30x12800_qc/heatmaps/feature_380/rank_02_Russia__Moscow_04409.jpg"", ""outputs/experiments/dinov3_multicity/feature_mae_n30x12800_qc/heatmaps/feature_380/rank_03_Russia__Moscow_09695.jpg"", ""outputs/experiments/dinov3_multicity/feature_mae_n30x12800_qc/heatmaps/feature_380/rank_04_UnitedStates__NewYorkCity_04768.jpg"", ""outputs/experiments/dinov3_multicity/feature_mae_n30x12800_qc/heatmaps/feature_380/rank_05_Russia__Moscow_09029.jpg"", ""outputs/experiments/dinov3_multicity/feature_mae_n30x12800_qc/heatmaps/feature_380/rank_06_France__Paris_06423.jpg"", ""outputs/experiments/dinov3_multicity/feature_mae_n30x12800_qc/heatmaps/feature_380/rank_07_Indonesia__Jakarta_09126.jpg"", ""outputs/experiments/dinov3_multicity/feature_mae_n30x12800_qc/heatmaps/feature_380/rank_08_Russia__Moscow_07453.jpg"", ""outputs/experiments/dinov3_multicity/feature_mae_n30x12800_qc/heatmaps/feature_380/rank_09_Brazil__SaoPaulo_03923.jpg"", ""outputs/experiments/dinov3_multicity/feature_mae_n30x12800_qc/heatmaps/feature_380/rank_10_UnitedStates__NewYorkCity_10989.jpg""]",outputs/experiments/dinov3_multicity/feature_mae_n30x12800_qc/heatmaps/feature_380/contact_sheet.jpg
F005,C005,"[6, 100, 145, 184, 341, 381]",341,6,0.340190052986145,"[""outputs/experiments/dinov3_multicity/feature_mae_n30x12800_qc/heatmaps/feature_341/rank_01_Bangladesh__Dhaka_08652.jpg"", ""outputs/experiments/dinov3_multicity/feature_mae_n30x12800_qc/heatmaps/feature_341/rank_02_Colombia__Bogota_03764.jpg"", ""outputs/experiments/dinov3_multicity/feature_mae_n30x12800_qc/heatmaps/feature_341/rank_03_Bangladesh__Dhaka_04425.jpg"", ""outputs/experiments/dinov3_multicity/feature_mae_n30x12800_qc/heatmaps/feature_341/rank_04_Malaysia__KualaLumpur_04770.jpg"", ""outputs/experiments/dinov3_multicity/feature_mae_n30x12800_qc/heatmaps/feature_341/rank_05_UnitedKingdom__London_08344.jpg"", ""outputs/experiments/dinov3_multicity/feature_mae_n30x12800_qc/heatmaps/feature_341/rank_06_Indonesia__Jakarta_11367.jpg"", ""outputs/experiments/dinov3_multicity/feature_mae_n30x12800_qc/heatmaps/feature_341/rank_07_Bangladesh__Dhaka_02610.jpg"", ""outputs/experiments/dinov3_multicity/feature_mae_n30x12800_qc/heatmaps/feature_341/rank_08_India__NewDelhi_07897.jpg"", ""outputs/experiments/dinov3_multicity/feature_mae_n30x12800_qc/heatmaps/feature_341/rank_09_Peru__Lima_06597.jpg"", ""outputs/experiments/dinov3_multicity/feature_mae_n30x12800_qc/heatmaps/feature_341/rank_10_Thailand__Bangkok_10599.jpg""]",outputs/experiments/dinov3_multicity/feature_mae_n30x12800_qc/heatmaps/feature_341/contact_sheet.jpg
F022,C005,"[27, 138, 245, 295, 349, 356, 390, 394, 452]",27,9,0.5876411199569702,"[""outputs/experiments/dinov3_multicity/feature_mae_n30x12800_qc/heatmaps/feature_027/rank_01_Netherlands__Amsterdam_00617.jpg"", ""outputs/experiments/dinov3_multicity/feature_mae_n30x12800_qc/heatmaps/feature_027/rank_02_UnitedKingdom__London_06068.jpg"", ""outputs/experiments/dinov3_multicity/feature_mae_n30x12800_qc/heatmaps/feature_027/rank_03_Netherlands__Amsterdam_09232.jpg"", ""outputs/experiments/dinov3_multicity/feature_mae_n30x12800_qc/heatmaps/feature_027/rank_04_Netherlands__Amsterdam_09881.jpg"", ""outputs/experiments/dinov3_multicity/feature_mae_n30x12800_qc/heatmaps/feature_027/rank_05_Netherlands__Amsterdam_04653.jpg"", ""outputs/experiments/dinov3_multicity/feature_mae_n30x12800_qc/heatmaps/feature_027/rank_06_Netherlands__Amsterdam_10592.jpg"", ""outputs/experiments/dinov3_multicity/feature_mae_n30x12800_qc/heatmaps/feature_027/rank_07_UnitedKingdom__London_06230.jpg"", ""outputs/experiments/dinov3_multicity/feature_mae_n30x12800_qc/heatmaps/feature_027/rank_08_Netherlands__Amsterdam_03326.jpg"", ""outputs/experiments/dinov3_multicity/feature_mae_n30x12800_qc/heatmaps/feature_027/rank_09_Netherlands__Amsterdam_01948.jpg"", ""outputs/experiments/dinov3_multicity/feature_mae_n30x12800_qc/heatmaps/feature_027/rank_10_UnitedStates__NewYorkCity_03067.jpg""]",outputs/experiments/dinov3_multicity/feature_mae_n30x12800_qc/heatmaps/feature_027/contact_sheet.jpg
F062,C005,"[292, 434, 440, 488]",434,4,0.5,"[""outputs/experiments/dinov3_multicity/feature_mae_n30x12800_qc/heatmaps/feature_434/rank_01_Australia__Sydney_00940.jpg"", ""outputs/experiments/dinov3_multicity/feature_mae_n30x12800_qc/heatmaps/feature_434/rank_02_UnitedStates__LosAngeles_05008.jpg"", ""outputs/experiments/dinov3_multicity/feature_mae_n30x12800_qc/heatmaps/feature_434/rank_03_Singapore__Singapore_05405.jpg"", ""outputs/experiments/dinov3_multicity/feature_mae_n30x12800_qc/heatmaps/feature_434/rank_04_India__Mumbai_08019.jpg"", ""outputs/experiments/dinov3_multicity/feature_mae_n30x12800_qc/heatmaps/feature_434/rank_05_SouthAfrica__CapeTown_08635.jpg"", ""outputs/experiments/dinov3_multicity/feature_mae_n30x12800_qc/heatmaps/feature_434/rank_06_Bangladesh__Dhaka_00550.jpg"", ""outputs/experiments/dinov3_multicity/feature_mae_n30x12800_qc/heatmaps/feature_434/rank_07_Bangladesh__Dhaka_05183.jpg"", ""outputs/experiments/dinov3_multicity/feature_mae_n30x12800_qc/heatmaps/feature_434/rank_08_Malaysia__KualaLumpur_00809.jpg"", ""outputs/experiments/dinov3_multicity/feature_mae_n30x12800_qc/heatmaps/feature_434/rank_09_Bangladesh__Dhaka_02113.jpg"", ""outputs/experiments/dinov3_multicity/feature_mae_n30x12800_qc/heatmaps/feature_434/rank_10_Brazil__SaoPaulo_08123.jpg""]",outputs/experiments/dinov3_multicity/feature_mae_n30x12800_qc/heatmaps/feature_434/contact_sheet.jpg
F006,C006,"[7, 28, 115, 137, 230, 327, 459, 460, 469]",460,9,0.8267045617103577,"[""outputs/experiments/dinov3_multicity/feature_mae_n30x12800_qc/heatmaps/feature_460/rank_01_India__Mumbai_06140.jpg"", ""outputs/experiments/dinov3_multicity/feature_mae_n30x12800_qc/heatmaps/feature_460/rank_02_Thailand__Bangkok_11537.jpg"", ""outputs/experiments/dinov3_multicity/feature_mae_n30x12800_qc/heatmaps/feature_460/rank_03_India__NewDelhi_04862.jpg"", ""outputs/experiments/dinov3_multicity/feature_mae_n30x12800_qc/heatmaps/feature_460/rank_04_India__Mumbai_12500.jpg"", ""outputs/experiments/dinov3_multicity/feature_mae_n30x12800_qc/heatmaps/feature_460/rank_05_India__NewDelhi_05407.jpg"", ""outputs/experiments/dinov3_multicity/feature_mae_n30x12800_qc/heatmaps/feature_460/rank_06_India__NewDelhi_02706.jpg"", ""outputs/experiments/dinov3_multicity/feature_mae_n30x12800_qc/heatmaps/feature_460/rank_07_India__Mumbai_09871.jpg"", ""outputs/experiments/dinov3_multicity/feature_mae_n30x12800_qc/heatmaps/feature_460/rank_08_India__NewDelhi_11927.jpg"", ""outputs/experiments/dinov3_multicity/feature_mae_n30x12800_qc/heatmaps/feature_460/rank_09_Nigeria__Lagos_03841.jpg"", ""outputs/experiments/dinov3_multicity/feature_mae_n30x12800_qc/heatmaps/feature_460/rank_10_India__NewDelhi_04305.jpg""]",outputs/experiments/dinov3_multicity/feature_mae_n30x12800_qc/heatmaps/feature_460/contact_sheet.jpg
F007,C007,"[8, 89, 112, 122, 228, 269, 319, 346, 353, 379, 487]",319,11,0.7774307131767273,"[""outputs/experiments/dinov3_multicity/feature_mae_n30x12800_qc/heatmaps/feature_319/rank_01_Nigeria__Lagos_11415.jpg"", ""outputs/experiments/dinov3_multicity/feature_mae_n30x12800_qc/heatmaps/feature_319/rank_02_Indonesia__Jakarta_11621.jpg"", ""outputs/experiments/dinov3_multicity/feature_mae_n30x12800_qc/heatmaps/feature_319/rank_03_Indonesia__Jakarta_10902.jpg"", ""outputs/experiments/dinov3_multicity/feature_mae_n30x12800_qc/heatmaps/feature_319/rank_04_SouthAfrica__CapeTown_12233.jpg"", ""outputs/experiments/dinov3_multicity/feature_mae_n30x12800_qc/heatmaps/feature_319/rank_05_UnitedKingdom__London_05216.jpg"", ""outputs/experiments/dinov3_multicity/feature_mae_n30x12800_qc/heatmaps/feature_319/rank_06_Nigeria__Lagos_01730.jpg"", ""outputs/experiments/dinov3_multicity/feature_mae_n30x12800_qc/heatmaps/feature_319/rank_07_UnitedKingdom__London_11189.jpg"", ""outputs/experiments/dinov3_multicity/feature_mae_n30x12800_qc/heatmaps/feature_319/rank_08_France__Paris_12601.jpg"", ""outputs/experiments/dinov3_multicity/feature_mae_n30x12800_qc/heatmaps/feature_319/rank_09_Indonesia__Jakarta_08880.jpg"", ""outputs/experiments/dinov3_multicity/feature_mae_n30x12800_qc/heatmaps/feature_319/rank_10_Brazil__SaoPaulo_01618.jpg""]",outputs/experiments/dinov3_multicity/feature_mae_n30x12800_qc/heatmaps/feature_319/contact_sheet.jpg
F008,C008,"[9, 169, 241, 276, 297, 320, 451, 476, 479, 505]",241,10,0.4440178871154785,"[""outputs/experiments/dinov3_multicity/feature_mae_n30x12800_qc/heatmaps/feature_241/rank_01_China__HongKong_00001.jpg"", ""outputs/experiments/dinov3_multicity/feature_mae_n30x12800_qc/heatmaps/feature_241/rank_02_China__HongKong_12670.jpg"", ""outputs/experiments/dinov3_multicity/feature_mae_n30x12800_qc/heatmaps/feature_241/rank_03_Taiwan__Taipei_10526.jpg"", ""outputs/experiments/dinov3_multicity/feature_mae_n30x12800_qc/heatmaps/feature_241/rank_04_China__HongKong_07200.jpg"", ""outputs/experiments/dinov3_multicity/feature_mae_n30x12800_qc/heatmaps/feature_241/rank_05_China__HongKong_11684.jpg"", ""outputs/experiments/dinov3_multicity/feature_mae_n30x12800_qc/heatmaps/feature_241/rank_06_Indonesia__Jakarta_07266.jpg"", ""outputs/experiments/dinov3_multicity/feature_mae_n30x12800_qc/heatmaps/feature_241/rank_07_Mexico__MexicoCity_08034.jpg"", ""outputs/experiments/dinov3_multicity/feature_mae_n30x12800_qc/heatmaps/feature_241/rank_08_China__HongKong_04321.jpg"", ""outputs/experiments/dinov3_multicity/feature_mae_n30x12800_qc/heatmaps/feature_241/rank_09_China__HongKong_08179.jpg"", ""outputs/experiments/dinov3_multicity/feature_mae_n30x12800_qc/heatmaps/feature_241/rank_10_China__HongKong_07375.jpg""]",outputs/experiments/dinov3_multicity/feature_mae_n30x12800_qc/heatmaps/feature_241/contact_sheet.jpg
F047,C008,"[79, 136, 215, 413, 417, 435]",215,6,0.3610449731349945,"[""outputs/experiments/dinov3_multicity/feature_mae_n30x12800_qc/heatmaps/feature_215/rank_01_China__HongKong_11488.jpg"", ""outputs/experiments/dinov3_multicity/feature_mae_n30x12800_qc/heatmaps/feature_215/rank_02_SouthKorea__Seoul_05804.jpg"", ""outputs/experiments/dinov3_multicity/feature_mae_n30x12800_qc/heatmaps/feature_215/rank_03_Russia__Moscow_11758.jpg"", ""outputs/experiments/dinov3_multicity/feature_mae_n30x12800_qc/heatmaps/feature_215/rank_04_Taiwan__Taipei_04248.jpg"", ""outputs/experiments/dinov3_multicity/feature_mae_n30x12800_qc/heatmaps/feature_215/rank_05_UnitedKingdom__London_07172.jpg"", ""outputs/experiments/dinov3_multicity/feature_mae_n30x12800_qc/heatmaps/feature_215/rank_06_France__Paris_11673.jpg"", ""outputs/experiments/dinov3_multicity/feature_mae_n30x12800_qc/heatmaps/feature_215/rank_07_SouthKorea__Seoul_09716.jpg"", ""outputs/experiments/dinov3_multicity/feature_mae_n30x12800_qc/heatmaps/feature_215/rank_08_Malaysia__KualaLumpur_03605.jpg"", ""outputs/experiments/dinov3_multicity/feature_mae_n30x12800_qc/heatmaps/feature_215/rank_09_Thailand__Bangkok_11085.jpg"", ""outputs/experiments/dinov3_multicity/feature_mae_n30x12800_qc/heatmaps/feature_215/rank_10_Canada__Toronto_01658.jpg""]",outputs/experiments/dinov3_multicity/feature_mae_n30x12800_qc/heatmaps/feature_215/contact_sheet.jpg
F009,C009,"[10, 51, 182, 197, 240, 265, 274, 368, 392, 411, 431, 449]",182,12,1.0,"[""outputs/experiments/dinov3_multicity/feature_mae_n30x12800_qc/heatmaps/feature_182/rank_01_Russia__Moscow_02566.jpg"", ""outputs/experiments/dinov3_multicity/feature_mae_n30x12800_qc/heatmaps/feature_182/rank_02_Taiwan__Taipei_00235.jpg"", ""outputs/experiments/dinov3_multicity/feature_mae_n30x12800_qc/heatmaps/feature_182/rank_03_Malaysia__KualaLumpur_07391.jpg"", ""outputs/experiments/dinov3_multicity/feature_mae_n30x12800_qc/heatmaps/feature_182/rank_04_Singapore__Singapore_11930.jpg"", ""outputs/experiments/dinov3_multicity/feature_mae_n30x12800_qc/heatmaps/feature_182/rank_05_Colombia__Bogota_05658.jpg"", ""outputs/experiments/dinov3_multicity/feature_mae_n30x12800_qc/heatmaps/feature_182/rank_06_Singapore__Singapore_01562.jpg"", ""outputs/experiments/dinov3_multicity/feature_mae_n30x12800_qc/heatmaps/feature_182/rank_07_Singapore__Singapore_01277.jpg"", ""outputs/experiments/dinov3_multicity/feature_mae_n30x12800_qc/heatmaps/feature_182/rank_08_UnitedStates__LosAngeles_08285.jpg"", ""outputs/experiments/dinov3_multicity/feature_mae_n30x12800_qc/heatmaps/feature_182/rank_09_SouthAfrica__CapeTown_12607.jpg"", ""outputs/experiments/dinov3_multicity/feature_mae_n30x12800_qc/heatmaps/feature_182/rank_10_Singapore__Singapore_09550.jpg""]",outputs/experiments/dinov3_multicity/feature_mae_n30x12800_qc/heatmaps/feature_182/contact_sheet.jpg
F011,C010,"[13, 31, 147, 204, 205, 207, 213, 214, 220, 242, 383, 404]",383,12,0.38482144474983215,"[""outputs/experiments/dinov3_multicity/feature_mae_n30x12800_qc/heatmaps/feature_383/rank_01_UnitedStates__NewYorkCity_06416.jpg"", ""outputs/experiments/dinov3_multicity/feature_mae_n30x12800_qc/heatmaps/feature_383/rank_02_SouthAfrica__Johannesburg_04805.jpg"", ""outputs/experiments/dinov3_multicity/feature_mae_n30x12800_qc/heatmaps/feature_383/rank_03_Turkey__Istanbul_02356.jpg"", ""outputs/experiments/dinov3_multicity/feature_mae_n30x12800_qc/heatmaps/feature_383/rank_04_Russia__Moscow_08408.jpg"", ""outputs/experiments/dinov3_multicity/feature_mae_n30x12800_qc/heatmaps/feature_383/rank_05_Australia__Sydney_08784.jpg"", ""outputs/experiments/dinov3_multicity/feature_mae_n30x12800_qc/heatmaps/feature_383/rank_06_Colombia__Bogota_09459.jpg"", ""outputs/experiments/dinov3_multicity/feature_mae_n30x12800_qc/heatmaps/feature_383/rank_07_Canada__Toronto_06424.jpg"", ""outputs/experiments/dinov3_multicity/feature_mae_n30x12800_qc/heatmaps/feature_383/rank_08_Austria__Vienna_01250.jpg"", ""outputs/experiments/dinov3_multicity/feature_mae_n30x12800_qc/heatmaps/feature_383/rank_09_SouthAfrica__CapeTown_08815.jpg"", ""outputs/experiments/dinov3_multicity/feature_mae_n30x12800_qc/heatmaps/feature_383/rank_10_SouthAfrica__CapeTown_07006.jpg""]",outputs/experiments/dinov3_multicity/feature_mae_n30x12800_qc/heatmaps/feature_383/contact_sheet.jpg
F035,C010,"[47, 148, 163, 302, 415, 497, 510]",148,7,0.32127076387405396,"[""outputs/experiments/dinov3_multicity/feature_mae_n30x12800_qc/heatmaps/feature_148/rank_01_Philippines__Manila_06719.jpg"", ""outputs/experiments/dinov3_multicity/feature_mae_n30x12800_qc/heatmaps/feature_148/rank_02_Malaysia__KualaLumpur_08145.jpg"", ""outputs/experiments/dinov3_multicity/feature_mae_n30x12800_qc/heatmaps/feature_148/rank_03_Turkey__Istanbul_07044.jpg"", ""outputs/experiments/dinov3_multicity/feature_mae_n30x12800_qc/heatmaps/feature_148/rank_04_Peru__Lima_00058.jpg"", ""outputs/experiments/dinov3_multicity/feature_mae_n30x12800_qc/heatmaps/feature_148/rank_05_Indonesia__Jakarta_07753.jpg"", ""outputs/experiments/dinov3_multicity/feature_mae_n30x12800_qc/heatmaps/feature_148/rank_06_China__HongKong_08406.jpg"", ""outputs/experiments/dinov3_multicity/feature_mae_n30x12800_qc/heatmaps/feature_148/rank_07_Turkey__Istanbul_03135.jpg"", ""outputs/experiments/dinov3_multicity/feature_mae_n30x12800_qc/heatmaps/feature_148/rank_08_Mexico__MexicoCity_11636.jpg"", ""outputs/experiments/dinov3_multicity/feature_mae_n30x12800_qc/heatmaps/feature_148/rank_09_Turkey__Istanbul_02676.jpg"", ""outputs/experiments/dinov3_multicity/feature_mae_n30x12800_qc/heatmaps/feature_148/rank_10_Brazil__SaoPaulo_08175.jpg""]",outputs/experiments/dinov3_multicity/feature_mae_n30x12800_qc/heatmaps/feature_148/contact_sheet.jpg
F012,C011,"[14, 114, 151, 270, 282, 310, 433, 465]",433,8,0.27633875608444214,"[""outputs/experiments/dinov3_multicity/feature_mae_n30x12800_qc/heatmaps/feature_433/rank_01_Bangladesh__Dhaka_04313.jpg"", ""outputs/experiments/dinov3_multicity/feature_mae_n30x12800_qc/heatmaps/feature_433/rank_02_Indonesia__Jakarta_08151.jpg"", ""outputs/experiments/dinov3_multicity/feature_mae_n30x12800_qc/heatmaps/feature_433/rank_03_Bangladesh__Dhaka_09485.jpg"", ""outputs/experiments/dinov3_multicity/feature_mae_n30x12800_qc/heatmaps/feature_433/rank_04_Indonesia__Jakarta_12471.jpg"", ""outputs/experiments/dinov3_multicity/feature_mae_n30x12800_qc/heatmaps/feature_433/rank_05_Bangladesh__Dhaka_03740.jpg"", ""outputs/experiments/dinov3_multicity/feature_mae_n30x12800_qc/heatmaps/feature_433/rank_06_Indonesia__Jakarta_10237.jpg"", ""outputs/experiments/dinov3_multicity/feature_mae_n30x12800_qc/heatmaps/feature_433/rank_07_Malaysia__KualaLumpur_04602.jpg"", ""outputs/experiments/dinov3_multicity/feature_mae_n30x12800_qc/heatmaps/feature_433/rank_08_China__HongKong_05886.jpg"", ""outputs/experiments/dinov3_multicity/feature_mae_n30x12800_qc/heatmaps/feature_433/rank_09_Bangladesh__Dhaka_04182.jpg"", ""outputs/experiments/dinov3_multicity/feature_mae_n30x12800_qc/heatmaps/feature_433/rank_10_Bangladesh__Dhaka_09029.jpg""]",outputs/experiments/dinov3_multicity/feature_mae_n30x12800_qc/heatmaps/feature_433/contact_sheet.jpg
F017,C011,"[20, 60, 160, 167, 277, 290, 348, 350]",277,8,0.4373970031738281,"[""outputs/experiments/dinov3_multicity/feature_mae_n30x12800_qc/heatmaps/feature_277/rank_01_Turkey__Istanbul_02227.jpg"", ""outputs/experiments/dinov3_multicity/feature_mae_n30x12800_qc/heatmaps/feature_277/rank_02_Japan__Osaka_08852.jpg"", ""outputs/experiments/dinov3_multicity/feature_mae_n30x12800_qc/heatmaps/feature_277/rank_03_Austria__Vienna_00567.jpg"", ""outputs/experiments/dinov3_multicity/feature_mae_n30x12800_qc/heatmaps/feature_277/rank_04_Taiwan__Taipei_08360.jpg"", ""outputs/experiments/dinov3_multicity/feature_mae_n30x12800_qc/heatmaps/feature_277/rank_05_Peru__Lima_01496.jpg"", ""outputs/experiments/dinov3_multicity/feature_mae_n30x12800_qc/heatmaps/feature_277/rank_06_SouthKorea__Seoul_05778.jpg"", ""outputs/experiments/dinov3_multicity/feature_mae_n30x12800_qc/heatmaps/feature_277/rank_07_Turkey__Istanbul_11725.jpg"", ""outputs/experiments/dinov3_multicity/feature_mae_n30x12800_qc/heatmaps/feature_277/rank_08_Argentina__BuenosAires_03536.jpg"", ""outputs/experiments/dinov3_multicity/feature_mae_n30x12800_qc/heatmaps/feature_277/rank_09_China__HongKong_06224.jpg"", ""outputs/experiments/dinov3_multicity/feature_mae_n30x12800_qc/heatmaps/feature_277/rank_10_France__Paris_05979.jpg""]",outputs/experiments/dinov3_multicity/feature_mae_n30x12800_qc/heatmaps/feature_277/contact_sheet.jpg
F041,C011,"[65, 86, 118, 275, 289, 430]",430,6,0.511904776096344,"[""outputs/experiments/dinov3_multicity/feature_mae_n30x12800_qc/heatmaps/feature_430/rank_01_Malaysia__KualaLumpur_00546.jpg"", ""outputs/experiments/dinov3_multicity/feature_mae_n30x12800_qc/heatmaps/feature_430/rank_02_Taiwan__Taipei_07078.jpg"", ""outputs/experiments/dinov3_multicity/feature_mae_n30x12800_qc/heatmaps/feature_430/rank_03_UnitedStates__LosAngeles_06082.jpg"", ""outputs/experiments/dinov3_multicity/feature_mae_n30x12800_qc/heatmaps/feature_430/rank_04_Canada__Toronto_11114.jpg"", ""outputs/experiments/dinov3_multicity/feature_mae_n30x12800_qc/heatmaps/feature_430/rank_05_UnitedKingdom__London_10555.jpg"", ""outputs/experiments/dinov3_multicity/feature_mae_n30x12800_qc/heatmaps/feature_430/rank_06_Bangladesh__Dhaka_01885.jpg"", ""outputs/experiments/dinov3_multicity/feature_mae_n30x12800_qc/heatmaps/feature_430/rank_07_Nigeria__Lagos_03084.jpg"", ""outputs/experiments/dinov3_multicity/feature_mae_n30x12800_qc/heatmaps/feature_430/rank_08_Mexico__MexicoCity_06513.jpg"", ""outputs/experiments/dinov3_multicity/feature_mae_n30x12800_qc/heatmaps/feature_430/rank_09_China__HongKong_03519.jpg"", ""outputs/experiments/dinov3_multicity/feature_mae_n30x12800_qc/heatmaps/feature_430/rank_10_UnitedStates__LosAngeles_00306.jpg""]",outputs/experiments/dinov3_multicity/feature_mae_n30x12800_qc/heatmaps/feature_430/contact_sheet.jpg
F013,C012,"[15, 54, 198, 253, 261, 266, 357, 374, 408, 471, 477]",198,11,0.515392541885376,"[""outputs/experiments/dinov3_multicity/feature_mae_n30x12800_qc/heatmaps/feature_198/rank_01_France__Paris_08182.jpg"", ""outputs/experiments/dinov3_multicity/feature_mae_n30x12800_qc/heatmaps/feature_198/rank_02_France__Paris_03616.jpg"", ""outputs/experiments/dinov3_multicity/feature_mae_n30x12800_qc/heatmaps/feature_198/rank_03_France__Paris_05435.jpg"", ""outputs/experiments/dinov3_multicity/feature_mae_n30x12800_qc/heatmaps/feature_198/rank_04_France__Paris_02123.jpg"", ""outputs/experiments/dinov3_multicity/feature_mae_n30x12800_qc/heatmaps/feature_198/rank_05_Malaysia__KualaLumpur_09278.jpg"", ""outputs/experiments/dinov3_multicity/feature_mae_n30x12800_qc/heatmaps/feature_198/rank_06_France__Paris_00555.jpg"", ""outputs/experiments/dinov3_multicity/feature_mae_n30x12800_qc/heatmaps/feature_198/rank_07_Bangladesh__Dhaka_04612.jpg"", ""outputs/experiments/dinov3_multicity/feature_mae_n30x12800_qc/heatmaps/feature_198/rank_08_Peru__Lima_04619.jpg"", ""outputs/experiments/dinov3_multicity/feature_mae_n30x12800_qc/heatmaps/feature_198/rank_09_France__Paris_08760.jpg"", ""outputs/experiments/dinov3_multicity/feature_mae_n30x12800_qc/heatmaps/feature_198/rank_10_France__Paris_07839.jpg""]",outputs/experiments/dinov3_multicity/feature_mae_n30x12800_qc/heatmaps/feature_198/contact_sheet.jpg
F030,C012,"[39, 82, 132, 195, 223]",195,5,0.38914141058921814,"[""outputs/experiments/dinov3_multicity/feature_mae_n30x12800_qc/heatmaps/feature_195/rank_01_Mexico__MexicoCity_04625.jpg"", ""outputs/experiments/dinov3_multicity/feature_mae_n30x12800_qc/heatmaps/feature_195/rank_02_SouthKorea__Seoul_02672.jpg"", ""outputs/experiments/dinov3_multicity/feature_mae_n30x12800_qc/heatmaps/feature_195/rank_03_Japan__Osaka_01391.jpg"", ""outputs/experiments/dinov3_multicity/feature_mae_n30x12800_qc/heatmaps/feature_195/rank_04_Indonesia__Jakarta_09222.jpg"", ""outputs/experiments/dinov3_multicity/feature_mae_n30x12800_qc/heatmaps/feature_195/rank_05_Bangladesh__Dhaka_04227.jpg"", ""outputs/experiments/dinov3_multicity/feature_mae_n30x12800_qc/heatmaps/feature_195/rank_06_Argentina__BuenosAires_12088.jpg"", ""outputs/experiments/dinov3_multicity/feature_mae_n30x12800_qc/heatmaps/feature_195/rank_07_Turkey__Istanbul_03026.jpg"", ""outputs/experiments/dinov3_multicity/feature_mae_n30x12800_qc/heatmaps/feature_195/rank_08_Indonesia__Jakarta_10714.jpg"", ""outputs/experiments/dinov3_multicity/feature_mae_n30x12800_qc/heatmaps/feature_195/rank_09_Mexico__MexicoCity_09898.jpg"", ""outputs/experiments/dinov3_multicity/feature_mae_n30x12800_qc/heatmaps/feature_195/rank_10_Bangladesh__Dhaka_03623.jpg""]",outputs/experiments/dinov3_multicity/feature_mae_n30x12800_qc/heatmaps/feature_195/contact_sheet.jpg
F032,C012,"[41, 94, 333, 473]",333,4,0.42500001192092896,"[""outputs/experiments/dinov3_multicity/feature_mae_n30x12800_qc/heatmaps/feature_333/rank_01_Australia__Sydney_04452.jpg"", ""outputs/experiments/dinov3_multicity/feature_mae_n30x12800_qc/heatmaps/feature_333/rank_02_Mexico__MexicoCity_00029.jpg"", ""outputs/experiments/dinov3_multicity/feature_mae_n30x12800_qc/heatmaps/feature_333/rank_03_SouthKorea__Seoul_08331.jpg"", ""outputs/experiments/dinov3_multicity/feature_mae_n30x12800_qc/heatmaps/feature_333/rank_04_SouthKorea__Seoul_10560.jpg"", ""outputs/experiments/dinov3_multicity/feature_mae_n30x12800_qc/heatmaps/feature_333/rank_05_UnitedKingdom__London_02018.jpg"", ""outputs/experiments/dinov3_multicity/feature_mae_n30x12800_qc/heatmaps/feature_333/rank_06_Argentina__BuenosAires_07242.jpg"", ""outputs/experiments/dinov3_multicity/feature_mae_n30x12800_qc/heatmaps/feature_333/rank_07_France__Paris_08370.jpg"", ""outputs/experiments/dinov3_multicity/feature_mae_n30x12800_qc/heatmaps/feature_333/rank_08_Turkey__Istanbul_11536.jpg"", ""outputs/experiments/dinov3_multicity/feature_mae_n30x12800_qc/heatmaps/feature_333/rank_09_Turkey__Istanbul_00089.jpg"", ""outputs/experiments/dinov3_multicity/feature_mae_n30x12800_qc/heatmaps/feature_333/rank_10_Netherlands__Amsterdam_02847.jpg""]",outputs/experiments/dinov3_multicity/feature_mae_n30x12800_qc/heatmaps/feature_333/contact_sheet.jpg
F014,C013,"[16, 62, 226, 235, 257, 288, 323, 326, 340]",323,9,0.6375317573547363,"[""outputs/experiments/dinov3_multicity/feature_mae_n30x12800_qc/heatmaps/feature_323/rank_01_Russia__Moscow_11355.jpg"", ""outputs/experiments/dinov3_multicity/feature_mae_n30x12800_qc/heatmaps/feature_323/rank_02_UnitedKingdom__London_12662.jpg"", ""outputs/experiments/dinov3_multicity/feature_mae_n30x12800_qc/heatmaps/feature_323/rank_03_Colombia__Bogota_01878.jpg"", ""outputs/experiments/dinov3_multicity/feature_mae_n30x12800_qc/heatmaps/feature_323/rank_04_Netherlands__Amsterdam_01047.jpg"", ""outputs/experiments/dinov3_multicity/feature_mae_n30x12800_qc/heatmaps/feature_323/rank_05_Colombia__Bogota_07734.jpg"", ""outputs/experiments/dinov3_multicity/feature_mae_n30x12800_qc/heatmaps/feature_323/rank_06_Malaysia__KualaLumpur_01395.jpg"", ""outputs/experiments/dinov3_multicity/feature_mae_n30x12800_qc/heatmaps/feature_323/rank_07_UnitedKingdom__London_09157.jpg"", ""outputs/experiments/dinov3_multicity/feature_mae_n30x12800_qc/heatmaps/feature_323/rank_08_Netherlands__Amsterdam_02356.jpg"", ""outputs/experiments/dinov3_multicity/feature_mae_n30x12800_qc/heatmaps/feature_323/rank_09_Colombia__Bogota_03569.jpg"", ""outputs/experiments/dinov3_multicity/feature_mae_n30x12800_qc/heatmaps/feature_323/rank_10_Russia__Moscow_06316.jpg""]",outputs/experiments/dinov3_multicity/feature_mae_n30x12800_qc/heatmaps/feature_323/contact_sheet.jpg
F018,C013,"[22, 26, 43, 72, 200, 419]",22,6,0.2877193093299866,"[""outputs/experiments/dinov3_multicity/feature_mae_n30x12800_qc/heatmaps/feature_022/rank_01_Philippines__Manila_03813.jpg"", ""outputs/experiments/dinov3_multicity/feature_mae_n30x12800_qc/heatmaps/feature_022/rank_02_Indonesia__Jakarta_04242.jpg"", ""outputs/experiments/dinov3_multicity/feature_mae_n30x12800_qc/heatmaps/feature_022/rank_03_Philippines__Manila_01476.jpg"", ""outputs/experiments/dinov3_multicity/feature_mae_n30x12800_qc/heatmaps/feature_022/rank_04_India__NewDelhi_09486.jpg"", ""outputs/experiments/dinov3_multicity/feature_mae_n30x12800_qc/heatmaps/feature_022/rank_05_China__HongKong_02493.jpg"", ""outputs/experiments/dinov3_multicity/feature_mae_n30x12800_qc/heatmaps/feature_022/rank_06_Indonesia__Jakarta_00958.jpg"", ""outputs/experiments/dinov3_multicity/feature_mae_n30x12800_qc/heatmaps/feature_022/rank_07_Indonesia__Jakarta_04571.jpg"", ""outputs/experiments/dinov3_multicity/feature_mae_n30x12800_qc/heatmaps/feature_022/rank_08_Netherlands__Amsterdam_00215.jpg"", ""outputs/experiments/dinov3_multicity/feature_mae_n30x12800_qc/heatmaps/feature_022/rank_09_Peru__Lima_12338.jpg"", ""outputs/experiments/dinov3_multicity/feature_mae_n30x12800_qc/heatmaps/feature_022/rank_10_Thailand__Bangkok_05712.jpg""]",outputs/experiments/dinov3_multicity/feature_mae_n30x12800_qc/heatmaps/feature_022/contact_sheet.jpg
F020,C013,"[24, 66, 158, 221, 388, 389, 466]",388,7,0.6375811696052551,"[""outputs/experiments/dinov3_multicity/feature_mae_n30x12800_qc/heatmaps/feature_388/rank_01_Japan__Osaka_12488.jpg"", ""outputs/experiments/dinov3_multicity/feature_mae_n30x12800_qc/heatmaps/feature_388/rank_02_Thailand__Bangkok_11346.jpg"", ""outputs/experiments/dinov3_multicity/feature_mae_n30x12800_qc/heatmaps/feature_388/rank_03_Taiwan__Taipei_09799.jpg"", ""outputs/experiments/dinov3_multicity/feature_mae_n30x12800_qc/heatmaps/feature_388/rank_04_India__NewDelhi_10469.jpg"", ""outputs/experiments/dinov3_multicity/feature_mae_n30x12800_qc/heatmaps/feature_388/rank_05_China__HongKong_02062.jpg"", ""outputs/experiments/dinov3_multicity/feature_mae_n30x12800_qc/heatmaps/feature_388/rank_06_Japan__Osaka_09080.jpg"", ""outputs/experiments/dinov3_multicity/feature_mae_n30x12800_qc/heatmaps/feature_388/rank_07_Japan__Osaka_11150.jpg"", ""outputs/experiments/dinov3_multicity/feature_mae_n30x12800_qc/heatmaps/feature_388/rank_08_China__HongKong_09825.jpg"", ""outputs/experiments/dinov3_multicity/feature_mae_n30x12800_qc/heatmaps/feature_388/rank_09_Japan__Osaka_12703.jpg"", ""outputs/experiments/dinov3_multicity/feature_mae_n30x12800_qc/heatmaps/feature_388/rank_10_SouthKorea__Seoul_02757.jpg""]",outputs/experiments/dinov3_multicity/feature_mae_n30x12800_qc/heatmaps/feature_388/contact_sheet.jpg
F040,C013,"[63, 117, 166, 209, 252, 280, 314, 370, 403, 474, 478, 480, 491, 494, 499, 506]",280,16,0.45202022790908813,"[""outputs/experiments/dinov3_multicity/feature_mae_n30x12800_qc/heatmaps/feature_280/rank_01_France__Paris_03830.jpg"", ""outputs/experiments/dinov3_multicity/feature_mae_n30x12800_qc/heatmaps/feature_280/rank_02_Russia__Moscow_09163.jpg"", ""outputs/experiments/dinov3_multicity/feature_mae_n30x12800_qc/heatmaps/feature_280/rank_03_Argentina__BuenosAires_03254.jpg"", ""outputs/experiments/dinov3_multicity/feature_mae_n30x12800_qc/heatmaps/feature_280/rank_04_Brazil__SaoPaulo_06127.jpg"", ""outputs/experiments/dinov3_multicity/feature_mae_n30x12800_qc/heatmaps/feature_280/rank_05_Turkey__Istanbul_08490.jpg"", ""outputs/experiments/dinov3_multicity/feature_mae_n30x12800_qc/heatmaps/feature_280/rank_06_Austria__Vienna_06519.jpg"", ""outputs/experiments/dinov3_multicity/feature_mae_n30x12800_qc/heatmaps/feature_280/rank_07_Argentina__BuenosAires_00107.jpg"", ""outputs/experiments/dinov3_multicity/feature_mae_n30x12800_qc/heatmaps/feature_280/rank_08_India__NewDelhi_01638.jpg"", ""outputs/experiments/dinov3_multicity/feature_mae_n30x12800_qc/heatmaps/feature_280/rank_09_France__Paris_08462.jpg"", ""outputs/experiments/dinov3_multicity/feature_mae_n30x12800_qc/heatmaps/feature_280/rank_10_China__HongKong_09316.jpg""]",outputs/experiments/dinov3_multicity/feature_mae_n30x12800_qc/heatmaps/feature_280/contact_sheet.jpg
F063,C013,"[416, 446]",416,2,0.11488095670938492,"[""outputs/experiments/dinov3_multicity/feature_mae_n30x12800_qc/heatmaps/feature_416/rank_01_Indonesia__Jakarta_02872.jpg"", ""outputs/experiments/dinov3_multicity/feature_mae_n30x12800_qc/heatmaps/feature_416/rank_02_Austria__Vienna_02029.jpg"", ""outputs/experiments/dinov3_multicity/feature_mae_n30x12800_qc/heatmaps/feature_416/rank_03_India__NewDelhi_08571.jpg"", ""outputs/experiments/dinov3_multicity/feature_mae_n30x12800_qc/heatmaps/feature_416/rank_04_Philippines__Manila_03352.jpg"", ""outputs/experiments/dinov3_multicity/feature_mae_n30x12800_qc/heatmaps/feature_416/rank_05_Taiwan__Taipei_02242.jpg"", ""outputs/experiments/dinov3_multicity/feature_mae_n30x12800_qc/heatmaps/feature_416/rank_06_Taiwan__Taipei_10704.jpg"", ""outputs/experiments/dinov3_multicity/feature_mae_n30x12800_qc/heatmaps/feature_416/rank_07_Mexico__MexicoCity_01879.jpg"", ""outputs/experiments/dinov3_multicity/feature_mae_n30x12800_qc/heatmaps/feature_416/rank_08_Bangladesh__Dhaka_12283.jpg"", ""outputs/experiments/dinov3_multicity/feature_mae_n30x12800_qc/heatmaps/feature_416/rank_09_Turkey__Istanbul_06084.jpg"", ""outputs/experiments/dinov3_multicity/feature_mae_n30x12800_qc/heatmaps/feature_416/rank_10_Turkey__Istanbul_05510.jpg""]",outputs/experiments/dinov3_multicity/feature_mae_n30x12800_qc/heatmaps/feature_416/contact_sheet.jpg
F015,C014,"[17, 126, 176, 190, 256, 324, 334, 397, 398, 399, 401, 496]",398,12,0.8839921951293945,"[""outputs/experiments/dinov3_multicity/feature_mae_n30x12800_qc/heatmaps/feature_398/rank_01_SouthKorea__Seoul_00459.jpg"", ""outputs/experiments/dinov3_multicity/feature_mae_n30x12800_qc/heatmaps/feature_398/rank_02_China__HongKong_03241.jpg"", ""outputs/experiments/dinov3_multicity/feature_mae_n30x12800_qc/heatmaps/feature_398/rank_03_Netherlands__Amsterdam_00004.jpg"", ""outputs/experiments/dinov3_multicity/feature_mae_n30x12800_qc/heatmaps/feature_398/rank_04_Russia__Moscow_03127.jpg"", ""outputs/experiments/dinov3_multicity/feature_mae_n30x12800_qc/heatmaps/feature_398/rank_05_Russia__Moscow_03873.jpg"", ""outputs/experiments/dinov3_multicity/feature_mae_n30x12800_qc/heatmaps/feature_398/rank_06_Taiwan__Taipei_00876.jpg"", ""outputs/experiments/dinov3_multicity/feature_mae_n30x12800_qc/heatmaps/feature_398/rank_07_SouthKorea__Seoul_05651.jpg"", ""outputs/experiments/dinov3_multicity/feature_mae_n30x12800_qc/heatmaps/feature_398/rank_08_China__HongKong_01527.jpg"", ""outputs/experiments/dinov3_multicity/feature_mae_n30x12800_qc/heatmaps/feature_398/rank_09_France__Paris_07192.jpg"", ""outputs/experiments/dinov3_multicity/feature_mae_n30x12800_qc/heatmaps/feature_398/rank_10_Austria__Vienna_11656.jpg""]",outputs/experiments/dinov3_multicity/feature_mae_n30x12800_qc/heatmaps/feature_398/contact_sheet.jpg
F055,C014,"[125, 194, 328, 352, 378]",352,5,0.8571428060531616,"[""outputs/experiments/dinov3_multicity/feature_mae_n30x12800_qc/heatmaps/feature_352/rank_01_Argentina__BuenosAires_10820.jpg"", ""outputs/experiments/dinov3_multicity/feature_mae_n30x12800_qc/heatmaps/feature_352/rank_02_Argentina__BuenosAires_12031.jpg"", ""outputs/experiments/dinov3_multicity/feature_mae_n30x12800_qc/heatmaps/feature_352/rank_03_Canada__Toronto_06761.jpg"", ""outputs/experiments/dinov3_multicity/feature_mae_n30x12800_qc/heatmaps/feature_352/rank_04_UnitedStates__NewYorkCity_03693.jpg"", ""outputs/experiments/dinov3_multicity/feature_mae_n30x12800_qc/heatmaps/feature_352/rank_05_SouthKorea__Seoul_08793.jpg"", ""outputs/experiments/dinov3_multicity/feature_mae_n30x12800_qc/heatmaps/feature_352/rank_06_Brazil__SaoPaulo_00924.jpg"", ""outputs/experiments/dinov3_multicity/feature_mae_n30x12800_qc/heatmaps/feature_352/rank_07_France__Paris_11766.jpg"", ""outputs/experiments/dinov3_multicity/feature_mae_n30x12800_qc/heatmaps/feature_352/rank_08_Singapore__Singapore_07358.jpg"", ""outputs/experiments/dinov3_multicity/feature_mae_n30x12800_qc/heatmaps/feature_352/rank_09_SouthKorea__Seoul_11662.jpg"", ""outputs/experiments/dinov3_multicity/feature_mae_n30x12800_qc/heatmaps/feature_352/rank_10_Netherlands__Amsterdam_03453.jpg""]",outputs/experiments/dinov3_multicity/feature_mae_n30x12800_qc/heatmaps/feature_352/contact_sheet.jpg
F061,C014,"[273, 362, 375, 420, 432]",420,5,0.8258823156356812,"[""outputs/experiments/dinov3_multicity/feature_mae_n30x12800_qc/heatmaps/feature_420/rank_01_UnitedStates__NewYorkCity_04553.jpg"", ""outputs/experiments/dinov3_multicity/feature_mae_n30x12800_qc/heatmaps/feature_420/rank_02_UnitedStates__NewYorkCity_07574.jpg"", ""outputs/experiments/dinov3_multicity/feature_mae_n30x12800_qc/heatmaps/feature_420/rank_03_UnitedStates__NewYorkCity_02137.jpg"", ""outputs/experiments/dinov3_multicity/feature_mae_n30x12800_qc/heatmaps/feature_420/rank_04_UnitedStates__LosAngeles_04682.jpg"", ""outputs/experiments/dinov3_multicity/feature_mae_n30x12800_qc/heatmaps/feature_420/rank_05_UnitedStates__LosAngeles_02552.jpg"", ""outputs/experiments/dinov3_multicity/feature_mae_n30x12800_qc/heatmaps/feature_420/rank_06_UnitedStates__LosAngeles_03182.jpg"", ""outputs/experiments/dinov3_multicity/feature_mae_n30x12800_qc/heatmaps/feature_420/rank_07_SouthAfrica__Johannesburg_05547.jpg"", ""outputs/experiments/dinov3_multicity/feature_mae_n30x12800_qc/heatmaps/feature_420/rank_08_Netherlands__Amsterdam_00006.jpg"", ""outputs/experiments/dinov3_multicity/feature_mae_n30x12800_qc/heatmaps/feature_420/rank_09_SouthKorea__Seoul_02505.jpg"", ""outputs/experiments/dinov3_multicity/feature_mae_n30x12800_qc/heatmaps/feature_420/rank_10_UnitedStates__LosAngeles_07690.jpg""]",outputs/experiments/dinov3_multicity/feature_mae_n30x12800_qc/heatmaps/feature_420/contact_sheet.jpg
F016,C015,"[19, 140, 296, 317, 369, 422]",369,6,0.3196994364261627,"[""outputs/experiments/dinov3_multicity/feature_mae_n30x12800_qc/heatmaps/feature_369/rank_01_Japan__Osaka_11383.jpg"", ""outputs/experiments/dinov3_multicity/feature_mae_n30x12800_qc/heatmaps/feature_369/rank_02_Austria__Vienna_01282.jpg"", ""outputs/experiments/dinov3_multicity/feature_mae_n30x12800_qc/heatmaps/feature_369/rank_03_China__HongKong_01589.jpg"", ""outputs/experiments/dinov3_multicity/feature_mae_n30x12800_qc/heatmaps/feature_369/rank_04_Japan__Osaka_00777.jpg"", ""outputs/experiments/dinov3_multicity/feature_mae_n30x12800_qc/heatmaps/feature_369/rank_05_China__HongKong_05357.jpg"", ""outputs/experiments/dinov3_multicity/feature_mae_n30x12800_qc/heatmaps/feature_369/rank_06_Austria__Vienna_10846.jpg"", ""outputs/experiments/dinov3_multicity/feature_mae_n30x12800_qc/heatmaps/feature_369/rank_07_Japan__Osaka_04397.jpg"", ""outputs/experiments/dinov3_multicity/feature_mae_n30x12800_qc/heatmaps/feature_369/rank_08_China__HongKong_05137.jpg"", ""outputs/experiments/dinov3_multicity/feature_mae_n30x12800_qc/heatmaps/feature_369/rank_09_China__HongKong_09645.jpg"", ""outputs/experiments/dinov3_multicity/feature_mae_n30x12800_qc/heatmaps/feature_369/rank_10_SouthKorea__Seoul_08189.jpg""]",outputs/experiments/dinov3_multicity/feature_mae_n30x12800_qc/heatmaps/feature_369/contact_sheet.jpg
F043,C015,"[70, 76, 113, 133, 191, 376, 444, 498]",498,8,0.7320646047592163,"[""outputs/experiments/dinov3_multicity/feature_mae_n30x12800_qc/heatmaps/feature_498/rank_01_India__NewDelhi_11471.jpg"", ""outputs/experiments/dinov3_multicity/feature_mae_n30x12800_qc/heatmaps/feature_498/rank_02_France__Paris_05175.jpg"", ""outputs/experiments/dinov3_multicity/feature_mae_n30x12800_qc/heatmaps/feature_498/rank_03_India__NewDelhi_06416.jpg"", ""outputs/experiments/dinov3_multicity/feature_mae_n30x12800_qc/heatmaps/feature_498/rank_04_Austria__Vienna_05985.jpg"", ""outputs/experiments/dinov3_multicity/feature_mae_n30x12800_qc/heatmaps/feature_498/rank_05_Nigeria__Lagos_02254.jpg"", ""outputs/experiments/dinov3_multicity/feature_mae_n30x12800_qc/heatmaps/feature_498/rank_06_Indonesia__Jakarta_01748.jpg"", ""outputs/experiments/dinov3_multicity/feature_mae_n30x12800_qc/heatmaps/feature_498/rank_07_Netherlands__Amsterdam_08730.jpg"", ""outputs/experiments/dinov3_multicity/feature_mae_n30x12800_qc/heatmaps/feature_498/rank_08_Malaysia__KualaLumpur_11901.jpg"", ""outputs/experiments/dinov3_multicity/feature_mae_n30x12800_qc/heatmaps/feature_498/rank_09_India__NewDelhi_06717.jpg"", ""outputs/experiments/dinov3_multicity/feature_mae_n30x12800_qc/heatmaps/feature_498/rank_10_Turkey__Istanbul_09553.jpg""]",outputs/experiments/dinov3_multicity/feature_mae_n30x12800_qc/heatmaps/feature_498/contact_sheet.jpg
F019,C016,"[23, 57, 142, 212, 294, 509]",294,6,0.45704150199890137,"[""outputs/experiments/dinov3_multicity/feature_mae_n30x12800_qc/heatmaps/feature_294/rank_01_Singapore__Singapore_05902.jpg"", ""outputs/experiments/dinov3_multicity/feature_mae_n30x12800_qc/heatmaps/feature_294/rank_02_India__NewDelhi_07407.jpg"", ""outputs/experiments/dinov3_multicity/feature_mae_n30x12800_qc/heatmaps/feature_294/rank_03_China__HongKong_05271.jpg"", ""outputs/experiments/dinov3_multicity/feature_mae_n30x12800_qc/heatmaps/feature_294/rank_04_Indonesia__Jakarta_03712.jpg"", ""outputs/experiments/dinov3_multicity/feature_mae_n30x12800_qc/heatmaps/feature_294/rank_05_Taiwan__Taipei_00112.jpg"", ""outputs/experiments/dinov3_multicity/feature_mae_n30x12800_qc/heatmaps/feature_294/rank_06_Philippines__Manila_00468.jpg"", ""outputs/experiments/dinov3_multicity/feature_mae_n30x12800_qc/heatmaps/feature_294/rank_07_Malaysia__KualaLumpur_11179.jpg"", ""outputs/experiments/dinov3_multicity/feature_mae_n30x12800_qc/heatmaps/feature_294/rank_08_SouthAfrica__Johannesburg_08415.jpg"", ""outputs/experiments/dinov3_multicity/feature_mae_n30x12800_qc/heatmaps/feature_294/rank_09_Nigeria__Lagos_02034.jpg"", ""outputs/experiments/dinov3_multicity/feature_mae_n30x12800_qc/heatmaps/feature_294/rank_10_Bangladesh__Dhaka_03936.jpg""]",outputs/experiments/dinov3_multicity/feature_mae_n30x12800_qc/heatmaps/feature_294/contact_sheet.jpg
F026,C016,"[34, 365, 385, 489, 492]",492,5,0.736263632774353,"[""outputs/experiments/dinov3_multicity/feature_mae_n30x12800_qc/heatmaps/feature_492/rank_01_UnitedStates__LosAngeles_07672.jpg"", ""outputs/experiments/dinov3_multicity/feature_mae_n30x12800_qc/heatmaps/feature_492/rank_02_Mexico__MexicoCity_11691.jpg"", ""outputs/experiments/dinov3_multicity/feature_mae_n30x12800_qc/heatmaps/feature_492/rank_03_SouthAfrica__Johannesburg_01950.jpg"", ""outputs/experiments/dinov3_multicity/feature_mae_n30x12800_qc/heatmaps/feature_492/rank_04_UnitedStates__LosAngeles_00985.jpg"", ""outputs/experiments/dinov3_multicity/feature_mae_n30x12800_qc/heatmaps/feature_492/rank_05_UnitedStates__LosAngeles_00167.jpg"", ""outputs/experiments/dinov3_multicity/feature_mae_n30x12800_qc/heatmaps/feature_492/rank_06_UnitedStates__NewYorkCity_06661.jpg"", ""outputs/experiments/dinov3_multicity/feature_mae_n30x12800_qc/heatmaps/feature_492/rank_07_France__Paris_04457.jpg"", ""outputs/experiments/dinov3_multicity/feature_mae_n30x12800_qc/heatmaps/feature_492/rank_08_Austria__Vienna_03695.jpg"", ""outputs/experiments/dinov3_multicity/feature_mae_n30x12800_qc/heatmaps/feature_492/rank_09_Australia__Sydney_12350.jpg"", ""outputs/experiments/dinov3_multicity/feature_mae_n30x12800_qc/heatmaps/feature_492/rank_10_UnitedStates__LosAngeles_00565.jpg""]",outputs/experiments/dinov3_multicity/feature_mae_n30x12800_qc/heatmaps/feature_492/contact_sheet.jpg
F021,C017,"[25, 42, 237, 251, 286, 321, 337, 343, 450]",343,9,0.7211538553237915,"[""outputs/experiments/dinov3_multicity/feature_mae_n30x12800_qc/heatmaps/feature_343/rank_01_India__Mumbai_09443.jpg"", ""outputs/experiments/dinov3_multicity/feature_mae_n30x12800_qc/heatmaps/feature_343/rank_02_SouthAfrica__CapeTown_06996.jpg"", ""outputs/experiments/dinov3_multicity/feature_mae_n30x12800_qc/heatmaps/feature_343/rank_03_China__HongKong_04437.jpg"", ""outputs/experiments/dinov3_multicity/feature_mae_n30x12800_qc/heatmaps/feature_343/rank_04_Canada__Toronto_07788.jpg"", ""outputs/experiments/dinov3_multicity/feature_mae_n30x12800_qc/heatmaps/feature_343/rank_05_China__HongKong_06872.jpg"", ""outputs/experiments/dinov3_multicity/feature_mae_n30x12800_qc/heatmaps/feature_343/rank_06_China__HongKong_05332.jpg"", ""outputs/experiments/dinov3_multicity/feature_mae_n30x12800_qc/heatmaps/feature_343/rank_07_Japan__Osaka_10413.jpg"", ""outputs/experiments/dinov3_multicity/feature_mae_n30x12800_qc/heatmaps/feature_343/rank_08_Russia__Moscow_02757.jpg"", ""outputs/experiments/dinov3_multicity/feature_mae_n30x12800_qc/heatmaps/feature_343/rank_09_Turkey__Istanbul_11222.jpg"", ""outputs/experiments/dinov3_multicity/feature_mae_n30x12800_qc/heatmaps/feature_343/rank_10_France__Paris_10604.jpg""]",outputs/experiments/dinov3_multicity/feature_mae_n30x12800_qc/heatmaps/feature_343/contact_sheet.jpg
F039,C017,"[61, 134, 299, 484]",134,4,0.30280447006225586,"[""outputs/experiments/dinov3_multicity/feature_mae_n30x12800_qc/heatmaps/feature_134/rank_01_Mexico__MexicoCity_05452.jpg"", ""outputs/experiments/dinov3_multicity/feature_mae_n30x12800_qc/heatmaps/feature_134/rank_02_Singapore__Singapore_05008.jpg"", ""outputs/experiments/dinov3_multicity/feature_mae_n30x12800_qc/heatmaps/feature_134/rank_03_Thailand__Bangkok_04329.jpg"", ""outputs/experiments/dinov3_multicity/feature_mae_n30x12800_qc/heatmaps/feature_134/rank_04_Nigeria__Lagos_02401.jpg"", ""outputs/experiments/dinov3_multicity/feature_mae_n30x12800_qc/heatmaps/feature_134/rank_05_Philippines__Manila_12212.jpg"", ""outputs/experiments/dinov3_multicity/feature_mae_n30x12800_qc/heatmaps/feature_134/rank_06_Japan__Osaka_09365.jpg"", ""outputs/experiments/dinov3_multicity/feature_mae_n30x12800_qc/heatmaps/feature_134/rank_07_Philippines__Manila_01156.jpg"", ""outputs/experiments/dinov3_multicity/feature_mae_n30x12800_qc/heatmaps/feature_134/rank_08_Taiwan__Taipei_06181.jpg"", ""outputs/experiments/dinov3_multicity/feature_mae_n30x12800_qc/heatmaps/feature_134/rank_09_Argentina__BuenosAires_09260.jpg"", ""outputs/experiments/dinov3_multicity/feature_mae_n30x12800_qc/heatmaps/feature_134/rank_10_Colombia__Bogota_07136.jpg""]",outputs/experiments/dinov3_multicity/feature_mae_n30x12800_qc/heatmaps/feature_134/contact_sheet.jpg
F023,C018,"[29, 58, 109, 116, 177, 183, 454, 502]",116,8,0.48124998807907104,"[""outputs/experiments/dinov3_multicity/feature_mae_n30x12800_qc/heatmaps/feature_116/rank_01_SouthAfrica__CapeTown_04427.jpg"", ""outputs/experiments/dinov3_multicity/feature_mae_n30x12800_qc/heatmaps/feature_116/rank_02_France__Paris_09491.jpg"", ""outputs/experiments/dinov3_multicity/feature_mae_n30x12800_qc/heatmaps/feature_116/rank_03_Turkey__Istanbul_05077.jpg"", ""outputs/experiments/dinov3_multicity/feature_mae_n30x12800_qc/heatmaps/feature_116/rank_04_Turkey__Istanbul_04671.jpg"", ""outputs/experiments/dinov3_multicity/feature_mae_n30x12800_qc/heatmaps/feature_116/rank_05_Turkey__Istanbul_01541.jpg"", ""outputs/experiments/dinov3_multicity/feature_mae_n30x12800_qc/heatmaps/feature_116/rank_06_UnitedStates__NewYorkCity_07939.jpg"", ""outputs/experiments/dinov3_multicity/feature_mae_n30x12800_qc/heatmaps/feature_116/rank_07_Turkey__Istanbul_11947.jpg"", ""outputs/experiments/dinov3_multicity/feature_mae_n30x12800_qc/heatmaps/feature_116/rank_08_UnitedStates__LosAngeles_09011.jpg"", ""outputs/experiments/dinov3_multicity/feature_mae_n30x12800_qc/heatmaps/feature_116/rank_09_France__Paris_10414.jpg"", ""outputs/experiments/dinov3_multicity/feature_mae_n30x12800_qc/heatmaps/feature_116/rank_10_Brazil__SaoPaulo_05395.jpg""]",outputs/experiments/dinov3_multicity/feature_mae_n30x12800_qc/heatmaps/feature_116/contact_sheet.jpg
F024,C018,"[30, 37, 46, 101, 123, 475]",101,6,0.48749998211860657,"[""outputs/experiments/dinov3_multicity/feature_mae_n30x12800_qc/heatmaps/feature_101/rank_01_SouthAfrica__Johannesburg_01684.jpg"", ""outputs/experiments/dinov3_multicity/feature_mae_n30x12800_qc/heatmaps/feature_101/rank_02_SouthAfrica__CapeTown_11043.jpg"", ""outputs/experiments/dinov3_multicity/feature_mae_n30x12800_qc/heatmaps/feature_101/rank_03_France__Paris_04437.jpg"", ""outputs/experiments/dinov3_multicity/feature_mae_n30x12800_qc/heatmaps/feature_101/rank_04_Netherlands__Amsterdam_03389.jpg"", ""outputs/experiments/dinov3_multicity/feature_mae_n30x12800_qc/heatmaps/feature_101/rank_05_SouthAfrica__Johannesburg_02619.jpg"", ""outputs/experiments/dinov3_multicity/feature_mae_n30x12800_qc/heatmaps/feature_101/rank_06_China__HongKong_05802.jpg"", ""outputs/experiments/dinov3_multicity/feature_mae_n30x12800_qc/heatmaps/feature_101/rank_07_Japan__Osaka_07975.jpg"", ""outputs/experiments/dinov3_multicity/feature_mae_n30x12800_qc/heatmaps/feature_101/rank_08_Netherlands__Amsterdam_06327.jpg"", ""outputs/experiments/dinov3_multicity/feature_mae_n30x12800_qc/heatmaps/feature_101/rank_09_Japan__Osaka_10697.jpg"", ""outputs/experiments/dinov3_multicity/feature_mae_n30x12800_qc/heatmaps/feature_101/rank_10_Austria__Vienna_01618.jpg""]",outputs/experiments/dinov3_multicity/feature_mae_n30x12800_qc/heatmaps/feature_101/contact_sheet.jpg
F034,C018,"[45, 80, 110, 216, 305, 359]",359,6,0.833333432674408,"[""outputs/experiments/dinov3_multicity/feature_mae_n30x12800_qc/heatmaps/feature_359/rank_01_Peru__Lima_08521.jpg"", ""outputs/experiments/dinov3_multicity/feature_mae_n30x12800_qc/heatmaps/feature_359/rank_02_Philippines__Manila_10030.jpg"", ""outputs/experiments/dinov3_multicity/feature_mae_n30x12800_qc/heatmaps/feature_359/rank_03_Turkey__Istanbul_03320.jpg"", ""outputs/experiments/dinov3_multicity/feature_mae_n30x12800_qc/heatmaps/feature_359/rank_04_India__NewDelhi_01895.jpg"", ""outputs/experiments/dinov3_multicity/feature_mae_n30x12800_qc/heatmaps/feature_359/rank_05_SouthKorea__Seoul_05282.jpg"", ""outputs/experiments/dinov3_multicity/feature_mae_n30x12800_qc/heatmaps/feature_359/rank_06_Colombia__Bogota_09994.jpg"", ""outputs/experiments/dinov3_multicity/feature_mae_n30x12800_qc/heatmaps/feature_359/rank_07_France__Paris_08061.jpg"", ""outputs/experiments/dinov3_multicity/feature_mae_n30x12800_qc/heatmaps/feature_359/rank_08_SouthKorea__Seoul_09763.jpg"", ""outputs/experiments/dinov3_multicity/feature_mae_n30x12800_qc/heatmaps/feature_359/rank_09_France__Paris_01662.jpg"", ""outputs/experiments/dinov3_multicity/feature_mae_n30x12800_qc/heatmaps/feature_359/rank_10_SouthKorea__Seoul_09273.jpg""]",outputs/experiments/dinov3_multicity/feature_mae_n30x12800_qc/heatmaps/feature_359/contact_sheet.jpg
F025,C019,"[32, 52, 53, 165, 175, 178, 229, 308, 423, 495]",178,10,0.7079328894615173,"[""outputs/experiments/dinov3_multicity/feature_mae_n30x12800_qc/heatmaps/feature_178/rank_01_India__Mumbai_03521.jpg"", ""outputs/experiments/dinov3_multicity/feature_mae_n30x12800_qc/heatmaps/feature_178/rank_02_Philippines__Manila_08337.jpg"", ""outputs/experiments/dinov3_multicity/feature_mae_n30x12800_qc/heatmaps/feature_178/rank_03_India__Mumbai_02825.jpg"", ""outputs/experiments/dinov3_multicity/feature_mae_n30x12800_qc/heatmaps/feature_178/rank_04_India__NewDelhi_12014.jpg"", ""outputs/experiments/dinov3_multicity/feature_mae_n30x12800_qc/heatmaps/feature_178/rank_05_SouthAfrica__Johannesburg_07437.jpg"", ""outputs/experiments/dinov3_multicity/feature_mae_n30x12800_qc/heatmaps/feature_178/rank_06_India__Mumbai_04005.jpg"", ""outputs/experiments/dinov3_multicity/feature_mae_n30x12800_qc/heatmaps/feature_178/rank_07_France__Paris_11497.jpg"", ""outputs/experiments/dinov3_multicity/feature_mae_n30x12800_qc/heatmaps/feature_178/rank_08_India__NewDelhi_09580.jpg"", ""outputs/experiments/dinov3_multicity/feature_mae_n30x12800_qc/heatmaps/feature_178/rank_09_Philippines__Manila_11896.jpg"", ""outputs/experiments/dinov3_multicity/feature_mae_n30x12800_qc/heatmaps/feature_178/rank_10_India__NewDelhi_08079.jpg""]",outputs/experiments/dinov3_multicity/feature_mae_n30x12800_qc/heatmaps/feature_178/contact_sheet.jpg
F027,C020,"[35, 91, 103, 106, 224, 267, 339, 344]",267,8,0.9444444179534912,"[""outputs/experiments/dinov3_multicity/feature_mae_n30x12800_qc/heatmaps/feature_267/rank_01_Philippines__Manila_02033.jpg"", ""outputs/experiments/dinov3_multicity/feature_mae_n30x12800_qc/heatmaps/feature_267/rank_02_Nigeria__Lagos_01700.jpg"", ""outputs/experiments/dinov3_multicity/feature_mae_n30x12800_qc/heatmaps/feature_267/rank_03_Mexico__MexicoCity_05436.jpg"", ""outputs/experiments/dinov3_multicity/feature_mae_n30x12800_qc/heatmaps/feature_267/rank_04_UnitedKingdom__London_03389.jpg"", ""outputs/experiments/dinov3_multicity/feature_mae_n30x12800_qc/heatmaps/feature_267/rank_05_Nigeria__Lagos_03834.jpg"", ""outputs/experiments/dinov3_multicity/feature_mae_n30x12800_qc/heatmaps/feature_267/rank_06_Philippines__Manila_03995.jpg"", ""outputs/experiments/dinov3_multicity/feature_mae_n30x12800_qc/heatmaps/feature_267/rank_07_Malaysia__KualaLumpur_03267.jpg"", ""outputs/experiments/dinov3_multicity/feature_mae_n30x12800_qc/heatmaps/feature_267/rank_08_SouthKorea__Seoul_06732.jpg"", ""outputs/experiments/dinov3_multicity/feature_mae_n30x12800_qc/heatmaps/feature_267/rank_09_Canada__Toronto_00378.jpg"", ""outputs/experiments/dinov3_multicity/feature_mae_n30x12800_qc/heatmaps/feature_267/rank_10_Indonesia__Jakarta_09457.jpg""]",outputs/experiments/dinov3_multicity/feature_mae_n30x12800_qc/heatmaps/feature_267/contact_sheet.jpg
F051,C020,"[90, 102, 139, 143, 162, 211, 248, 287, 306, 414]",287,10,0.871515154838562,"[""outputs/experiments/dinov3_multicity/feature_mae_n30x12800_qc/heatmaps/feature_287/rank_01_Japan__Osaka_02632.jpg"", ""outputs/experiments/dinov3_multicity/feature_mae_n30x12800_qc/heatmaps/feature_287/rank_02_Japan__Osaka_06002.jpg"", ""outputs/experiments/dinov3_multicity/feature_mae_n30x12800_qc/heatmaps/feature_287/rank_03_Japan__Osaka_03524.jpg"", ""outputs/experiments/dinov3_multicity/feature_mae_n30x12800_qc/heatmaps/feature_287/rank_04_Japan__Osaka_00730.jpg"", ""outputs/experiments/dinov3_multicity/feature_mae_n30x12800_qc/heatmaps/feature_287/rank_05_China__HongKong_06511.jpg"", ""outputs/experiments/dinov3_multicity/feature_mae_n30x12800_qc/heatmaps/feature_287/rank_06_Japan__Osaka_07613.jpg"", ""outputs/experiments/dinov3_multicity/feature_mae_n30x12800_qc/heatmaps/feature_287/rank_07_Japan__Osaka_05333.jpg"", ""outputs/experiments/dinov3_multicity/feature_mae_n30x12800_qc/heatmaps/feature_287/rank_08_Japan__Osaka_02778.jpg"", ""outputs/experiments/dinov3_multicity/feature_mae_n30x12800_qc/heatmaps/feature_287/rank_09_Philippines__Manila_05273.jpg"", ""outputs/experiments/dinov3_multicity/feature_mae_n30x12800_qc/heatmaps/feature_287/rank_10_Japan__Osaka_11335.jpg""]",outputs/experiments/dinov3_multicity/feature_mae_n30x12800_qc/heatmaps/feature_287/contact_sheet.jpg
F028,C021,"[36, 59, 85, 131, 168, 189, 258, 363, 424, 453, 458, 503]",458,12,0.6187312602996826,"[""outputs/experiments/dinov3_multicity/feature_mae_n30x12800_qc/heatmaps/feature_458/rank_01_UnitedStates__LosAngeles_08586.jpg"", ""outputs/experiments/dinov3_multicity/feature_mae_n30x12800_qc/heatmaps/feature_458/rank_02_SouthAfrica__Johannesburg_02068.jpg"", ""outputs/experiments/dinov3_multicity/feature_mae_n30x12800_qc/heatmaps/feature_458/rank_03_SouthAfrica__Johannesburg_06708.jpg"", ""outputs/experiments/dinov3_multicity/feature_mae_n30x12800_qc/heatmaps/feature_458/rank_04_UnitedStates__LosAngeles_11098.jpg"", ""outputs/experiments/dinov3_multicity/feature_mae_n30x12800_qc/heatmaps/feature_458/rank_05_Australia__Sydney_02662.jpg"", ""outputs/experiments/dinov3_multicity/feature_mae_n30x12800_qc/heatmaps/feature_458/rank_06_UnitedKingdom__London_03565.jpg"", ""outputs/experiments/dinov3_multicity/feature_mae_n30x12800_qc/heatmaps/feature_458/rank_07_Argentina__BuenosAires_04435.jpg"", ""outputs/experiments/dinov3_multicity/feature_mae_n30x12800_qc/heatmaps/feature_458/rank_08_UnitedKingdom__London_05497.jpg"", ""outputs/experiments/dinov3_multicity/feature_mae_n30x12800_qc/heatmaps/feature_458/rank_09_SouthAfrica__CapeTown_05550.jpg"", ""outputs/experiments/dinov3_multicity/feature_mae_n30x12800_qc/heatmaps/feature_458/rank_10_Austria__Vienna_10126.jpg""]",outputs/experiments/dinov3_multicity/feature_mae_n30x12800_qc/heatmaps/feature_458/contact_sheet.jpg
F046,C021,"[75, 104, 107, 108, 144, 208, 219, 233, 234, 301, 342]",219,11,0.739260733127594,"[""outputs/experiments/dinov3_multicity/feature_mae_n30x12800_qc/heatmaps/feature_219/rank_01_Austria__Vienna_00661.jpg"", ""outputs/experiments/dinov3_multicity/feature_mae_n30x12800_qc/heatmaps/feature_219/rank_02_Philippines__Manila_01803.jpg"", ""outputs/experiments/dinov3_multicity/feature_mae_n30x12800_qc/heatmaps/feature_219/rank_03_Austria__Vienna_11406.jpg"", ""outputs/experiments/dinov3_multicity/feature_mae_n30x12800_qc/heatmaps/feature_219/rank_04_Colombia__Bogota_07182.jpg"", ""outputs/experiments/dinov3_multicity/feature_mae_n30x12800_qc/heatmaps/feature_219/rank_05_Turkey__Istanbul_06559.jpg"", ""outputs/experiments/dinov3_multicity/feature_mae_n30x12800_qc/heatmaps/feature_219/rank_06_France__Paris_08984.jpg"", ""outputs/experiments/dinov3_multicity/feature_mae_n30x12800_qc/heatmaps/feature_219/rank_07_Japan__Osaka_07977.jpg"", ""outputs/experiments/dinov3_multicity/feature_mae_n30x12800_qc/heatmaps/feature_219/rank_08_Mexico__MexicoCity_01196.jpg"", ""outputs/experiments/dinov3_multicity/feature_mae_n30x12800_qc/heatmaps/feature_219/rank_09_Turkey__Istanbul_03985.jpg"", ""outputs/experiments/dinov3_multicity/feature_mae_n30x12800_qc/heatmaps/feature_219/rank_10_Bangladesh__Dhaka_11324.jpg""]",outputs/experiments/dinov3_multicity/feature_mae_n30x12800_qc/heatmaps/feature_219/contact_sheet.jpg
F056,C021,"[146, 260, 293, 371, 373, 445]",293,6,0.4911375939846039,"[""outputs/experiments/dinov3_multicity/feature_mae_n30x12800_qc/heatmaps/feature_293/rank_01_SouthKorea__Seoul_00661.jpg"", ""outputs/experiments/dinov3_multicity/feature_mae_n30x12800_qc/heatmaps/feature_293/rank_02_India__Mumbai_00852.jpg"", ""outputs/experiments/dinov3_multicity/feature_mae_n30x12800_qc/heatmaps/feature_293/rank_03_Japan__Osaka_10617.jpg"", ""outputs/experiments/dinov3_multicity/feature_mae_n30x12800_qc/heatmaps/feature_293/rank_04_Taiwan__Taipei_06577.jpg"", ""outputs/experiments/dinov3_multicity/feature_mae_n30x12800_qc/heatmaps/feature_293/rank_05_Japan__Osaka_01805.jpg"", ""outputs/experiments/dinov3_multicity/feature_mae_n30x12800_qc/heatmaps/feature_293/rank_06_Japan__Osaka_12634.jpg"", ""outputs/experiments/dinov3_multicity/feature_mae_n30x12800_qc/heatmaps/feature_293/rank_07_Japan__Osaka_01391.jpg"", ""outputs/experiments/dinov3_multicity/feature_mae_n30x12800_qc/heatmaps/feature_293/rank_08_Japan__Osaka_03794.jpg"", ""outputs/experiments/dinov3_multicity/feature_mae_n30x12800_qc/heatmaps/feature_293/rank_09_Nigeria__Lagos_00480.jpg"", ""outputs/experiments/dinov3_multicity/feature_mae_n30x12800_qc/heatmaps/feature_293/rank_10_Japan__Osaka_08695.jpg""]",outputs/experiments/dinov3_multicity/feature_mae_n30x12800_qc/heatmaps/feature_293/contact_sheet.jpg
F029,C022,"[38, 96, 236, 246, 268, 335, 410, 442]",246,8,0.39830392599105835,"[""outputs/experiments/dinov3_multicity/feature_mae_n30x12800_qc/heatmaps/feature_246/rank_01_UnitedStates__NewYorkCity_12140.jpg"", ""outputs/experiments/dinov3_multicity/feature_mae_n30x12800_qc/heatmaps/feature_246/rank_02_India__Mumbai_11189.jpg"", ""outputs/experiments/dinov3_multicity/feature_mae_n30x12800_qc/heatmaps/feature_246/rank_03_Taiwan__Taipei_02730.jpg"", ""outputs/experiments/dinov3_multicity/feature_mae_n30x12800_qc/heatmaps/feature_246/rank_04_India__Mumbai_02872.jpg"", ""outputs/experiments/dinov3_multicity/feature_mae_n30x12800_qc/heatmaps/feature_246/rank_05_Taiwan__Taipei_01200.jpg"", ""outputs/experiments/dinov3_multicity/feature_mae_n30x12800_qc/heatmaps/feature_246/rank_06_India__NewDelhi_10096.jpg"", ""outputs/experiments/dinov3_multicity/feature_mae_n30x12800_qc/heatmaps/feature_246/rank_07_Netherlands__Amsterdam_04494.jpg"", ""outputs/experiments/dinov3_multicity/feature_mae_n30x12800_qc/heatmaps/feature_246/rank_08_India__NewDelhi_11258.jpg"", ""outputs/experiments/dinov3_multicity/feature_mae_n30x12800_qc/heatmaps/feature_246/rank_09_Austria__Vienna_11525.jpg"", ""outputs/experiments/dinov3_multicity/feature_mae_n30x12800_qc/heatmaps/feature_246/rank_10_Taiwan__Taipei_09262.jpg""]",outputs/experiments/dinov3_multicity/feature_mae_n30x12800_qc/heatmaps/feature_246/contact_sheet.jpg
F033,C023,"[44, 171, 412, 425]",44,4,1.0,"[""outputs/experiments/dinov3_multicity/feature_mae_n30x12800_qc/heatmaps/feature_044/rank_01_Austria__Vienna_09228.jpg"", ""outputs/experiments/dinov3_multicity/feature_mae_n30x12800_qc/heatmaps/feature_044/rank_02_Russia__Moscow_12285.jpg"", ""outputs/experiments/dinov3_multicity/feature_mae_n30x12800_qc/heatmaps/feature_044/rank_03_Netherlands__Amsterdam_09485.jpg"", ""outputs/experiments/dinov3_multicity/feature_mae_n30x12800_qc/heatmaps/feature_044/rank_04_UnitedKingdom__London_11332.jpg"", ""outputs/experiments/dinov3_multicity/feature_mae_n30x12800_qc/heatmaps/feature_044/rank_05_Austria__Vienna_07678.jpg"", ""outputs/experiments/dinov3_multicity/feature_mae_n30x12800_qc/heatmaps/feature_044/rank_06_Australia__Sydney_02965.jpg"", ""outputs/experiments/dinov3_multicity/feature_mae_n30x12800_qc/heatmaps/feature_044/rank_07_Netherlands__Amsterdam_05713.jpg"", ""outputs/experiments/dinov3_multicity/feature_mae_n30x12800_qc/heatmaps/feature_044/rank_08_Netherlands__Amsterdam_08072.jpg"", ""outputs/experiments/dinov3_multicity/feature_mae_n30x12800_qc/heatmaps/feature_044/rank_09_Mexico__MexicoCity_02323.jpg"", ""outputs/experiments/dinov3_multicity/feature_mae_n30x12800_qc/heatmaps/feature_044/rank_10_Singapore__Singapore_02699.jpg""]",outputs/experiments/dinov3_multicity/feature_mae_n30x12800_qc/heatmaps/feature_044/contact_sheet.jpg
F054,C023,"[105, 222, 232, 330, 377, 436, 455, 462, 504]",330,9,0.8999999165534973,"[""outputs/experiments/dinov3_multicity/feature_mae_n30x12800_qc/heatmaps/feature_330/rank_01_Malaysia__KualaLumpur_04927.jpg"", ""outputs/experiments/dinov3_multicity/feature_mae_n30x12800_qc/heatmaps/feature_330/rank_02_Philippines__Manila_11106.jpg"", ""outputs/experiments/dinov3_multicity/feature_mae_n30x12800_qc/heatmaps/feature_330/rank_03_India__NewDelhi_03653.jpg"", ""outputs/experiments/dinov3_multicity/feature_mae_n30x12800_qc/heatmaps/feature_330/rank_04_Bangladesh__Dhaka_11960.jpg"", ""outputs/experiments/dinov3_multicity/feature_mae_n30x12800_qc/heatmaps/feature_330/rank_05_India__NewDelhi_12475.jpg"", ""outputs/experiments/dinov3_multicity/feature_mae_n30x12800_qc/heatmaps/feature_330/rank_06_SouthAfrica__CapeTown_02370.jpg"", ""outputs/experiments/dinov3_multicity/feature_mae_n30x12800_qc/heatmaps/feature_330/rank_07_Malaysia__KualaLumpur_07599.jpg"", ""outputs/experiments/dinov3_multicity/feature_mae_n30x12800_qc/heatmaps/feature_330/rank_08_India__Mumbai_11632.jpg"", ""outputs/experiments/dinov3_multicity/feature_mae_n30x12800_qc/heatmaps/feature_330/rank_09_Japan__Osaka_11125.jpg"", ""outputs/experiments/dinov3_multicity/feature_mae_n30x12800_qc/heatmaps/feature_330/rank_10_Taiwan__Taipei_01568.jpg""]",outputs/experiments/dinov3_multicity/feature_mae_n30x12800_qc/heatmaps/feature_330/contact_sheet.jpg
F036,C024,"[48, 67, 78, 83, 130, 239, 271, 272, 322, 329, 361, 367, 406, 441]",78,14,0.6076337099075317,"[""outputs/experiments/dinov3_multicity/feature_mae_n30x12800_qc/heatmaps/feature_078/rank_01_Netherlands__Amsterdam_09663.jpg"", ""outputs/experiments/dinov3_multicity/feature_mae_n30x12800_qc/heatmaps/feature_078/rank_02_SouthKorea__Seoul_03668.jpg"", ""outputs/experiments/dinov3_multicity/feature_mae_n30x12800_qc/heatmaps/feature_078/rank_03_Nigeria__Lagos_04865.jpg"", ""outputs/experiments/dinov3_multicity/feature_mae_n30x12800_qc/heatmaps/feature_078/rank_04_Bangladesh__Dhaka_10360.jpg"", ""outputs/experiments/dinov3_multicity/feature_mae_n30x12800_qc/heatmaps/feature_078/rank_05_Japan__Osaka_11229.jpg"", ""outputs/experiments/dinov3_multicity/feature_mae_n30x12800_qc/heatmaps/feature_078/rank_06_Indonesia__Jakarta_09879.jpg"", ""outputs/experiments/dinov3_multicity/feature_mae_n30x12800_qc/heatmaps/feature_078/rank_07_Indonesia__Jakarta_06420.jpg"", ""outputs/experiments/dinov3_multicity/feature_mae_n30x12800_qc/heatmaps/feature_078/rank_08_Indonesia__Jakarta_03278.jpg"", ""outputs/experiments/dinov3_multicity/feature_mae_n30x12800_qc/heatmaps/feature_078/rank_09_SouthAfrica__Johannesburg_07391.jpg"", ""outputs/experiments/dinov3_multicity/feature_mae_n30x12800_qc/heatmaps/feature_078/rank_10_Netherlands__Amsterdam_03161.jpg""]",outputs/experiments/dinov3_multicity/feature_mae_n30x12800_qc/heatmaps/feature_078/contact_sheet.jpg
F059,C024,"[159, 173, 243, 303]",173,4,0.7857142686843872,"[""outputs/experiments/dinov3_multicity/feature_mae_n30x12800_qc/heatmaps/feature_173/rank_01_Bangladesh__Dhaka_04889.jpg"", ""outputs/experiments/dinov3_multicity/feature_mae_n30x12800_qc/heatmaps/feature_173/rank_02_Philippines__Manila_12721.jpg"", ""outputs/experiments/dinov3_multicity/feature_mae_n30x12800_qc/heatmaps/feature_173/rank_03_Mexico__MexicoCity_12169.jpg"", ""outputs/experiments/dinov3_multicity/feature_mae_n30x12800_qc/heatmaps/feature_173/rank_04_Malaysia__KualaLumpur_08400.jpg"", ""outputs/experiments/dinov3_multicity/feature_mae_n30x12800_qc/heatmaps/feature_173/rank_05_Netherlands__Amsterdam_02960.jpg"", ""outputs/experiments/dinov3_multicity/feature_mae_n30x12800_qc/heatmaps/feature_173/rank_06_SouthKorea__Seoul_11345.jpg"", ""outputs/experiments/dinov3_multicity/feature_mae_n30x12800_qc/heatmaps/feature_173/rank_07_Philippines__Manila_00327.jpg"", ""outputs/experiments/dinov3_multicity/feature_mae_n30x12800_qc/heatmaps/feature_173/rank_08_Netherlands__Amsterdam_11772.jpg"", ""outputs/experiments/dinov3_multicity/feature_mae_n30x12800_qc/heatmaps/feature_173/rank_09_Malaysia__KualaLumpur_11517.jpg"", ""outputs/experiments/dinov3_multicity/feature_mae_n30x12800_qc/heatmaps/feature_173/rank_10_Bangladesh__Dhaka_05940.jpg""]",outputs/experiments/dinov3_multicity/feature_mae_n30x12800_qc/heatmaps/feature_173/contact_sheet.jpg
F042,C025,"[69, 119, 161, 172, 255, 300, 332, 364, 447, 482, 500, 511]",255,12,0.9285715222358704,"[""outputs/experiments/dinov3_multicity/feature_mae_n30x12800_qc/heatmaps/feature_255/rank_01_Singapore__Singapore_03101.jpg"", ""outputs/experiments/dinov3_multicity/feature_mae_n30x12800_qc/heatmaps/feature_255/rank_02_UnitedStates__NewYorkCity_04162.jpg"", ""outputs/experiments/dinov3_multicity/feature_mae_n30x12800_qc/heatmaps/feature_255/rank_03_Austria__Vienna_00599.jpg"", ""outputs/experiments/dinov3_multicity/feature_mae_n30x12800_qc/heatmaps/feature_255/rank_04_UnitedKingdom__London_10012.jpg"", ""outputs/experiments/dinov3_multicity/feature_mae_n30x12800_qc/heatmaps/feature_255/rank_05_France__Paris_03290.jpg"", ""outputs/experiments/dinov3_multicity/feature_mae_n30x12800_qc/heatmaps/feature_255/rank_06_Singapore__Singapore_00876.jpg"", ""outputs/experiments/dinov3_multicity/feature_mae_n30x12800_qc/heatmaps/feature_255/rank_07_Singapore__Singapore_07333.jpg"", ""outputs/experiments/dinov3_multicity/feature_mae_n30x12800_qc/heatmaps/feature_255/rank_08_China__HongKong_12608.jpg"", ""outputs/experiments/dinov3_multicity/feature_mae_n30x12800_qc/heatmaps/feature_255/rank_09_China__HongKong_01868.jpg"", ""outputs/experiments/dinov3_multicity/feature_mae_n30x12800_qc/heatmaps/feature_255/rank_10_China__HongKong_09106.jpg""]",outputs/experiments/dinov3_multicity/feature_mae_n30x12800_qc/heatmaps/feature_255/contact_sheet.jpg
F044,C026,"[71, 150, 157, 250, 309, 312, 318, 443, 507]",150,9,0.8246914148330688,"[""outputs/experiments/dinov3_multicity/feature_mae_n30x12800_qc/heatmaps/feature_150/rank_01_Japan__Osaka_08788.jpg"", ""outputs/experiments/dinov3_multicity/feature_mae_n30x12800_qc/heatmaps/feature_150/rank_02_Japan__Osaka_08455.jpg"", ""outputs/experiments/dinov3_multicity/feature_mae_n30x12800_qc/heatmaps/feature_150/rank_03_Japan__Osaka_04906.jpg"", ""outputs/experiments/dinov3_multicity/feature_mae_n30x12800_qc/heatmaps/feature_150/rank_04_France__Paris_05774.jpg"", ""outputs/experiments/dinov3_multicity/feature_mae_n30x12800_qc/heatmaps/feature_150/rank_05_China__HongKong_09399.jpg"", ""outputs/experiments/dinov3_multicity/feature_mae_n30x12800_qc/heatmaps/feature_150/rank_06_France__Paris_09431.jpg"", ""outputs/experiments/dinov3_multicity/feature_mae_n30x12800_qc/heatmaps/feature_150/rank_07_Japan__Osaka_07477.jpg"", ""outputs/experiments/dinov3_multicity/feature_mae_n30x12800_qc/heatmaps/feature_150/rank_08_UnitedStates__NewYorkCity_11916.jpg"", ""outputs/experiments/dinov3_multicity/feature_mae_n30x12800_qc/heatmaps/feature_150/rank_09_Japan__Osaka_06038.jpg"", ""outputs/experiments/dinov3_multicity/feature_mae_n30x12800_qc/heatmaps/feature_150/rank_10_Japan__Osaka_04924.jpg""]",outputs/experiments/dinov3_multicity/feature_mae_n30x12800_qc/heatmaps/feature_150/contact_sheet.jpg
F052,C026,"[98, 180, 193, 281, 283, 284, 338, 405, 429]",429,9,0.6043684482574463,"[""outputs/experiments/dinov3_multicity/feature_mae_n30x12800_qc/heatmaps/feature_429/rank_01_Taiwan__Taipei_01543.jpg"", ""outputs/experiments/dinov3_multicity/feature_mae_n30x12800_qc/heatmaps/feature_429/rank_02_Malaysia__KualaLumpur_01031.jpg"", ""outputs/experiments/dinov3_multicity/feature_mae_n30x12800_qc/heatmaps/feature_429/rank_03_Malaysia__KualaLumpur_01576.jpg"", ""outputs/experiments/dinov3_multicity/feature_mae_n30x12800_qc/heatmaps/feature_429/rank_04_SouthAfrica__Johannesburg_04870.jpg"", ""outputs/experiments/dinov3_multicity/feature_mae_n30x12800_qc/heatmaps/feature_429/rank_05_Thailand__Bangkok_06445.jpg"", ""outputs/experiments/dinov3_multicity/feature_mae_n30x12800_qc/heatmaps/feature_429/rank_06_Indonesia__Jakarta_08828.jpg"", ""outputs/experiments/dinov3_multicity/feature_mae_n30x12800_qc/heatmaps/feature_429/rank_07_Peru__Lima_12515.jpg"", ""outputs/experiments/dinov3_multicity/feature_mae_n30x12800_qc/heatmaps/feature_429/rank_08_Thailand__Bangkok_06584.jpg"", ""outputs/experiments/dinov3_multicity/feature_mae_n30x12800_qc/heatmaps/feature_429/rank_09_SouthKorea__Seoul_01576.jpg"", ""outputs/experiments/dinov3_multicity/feature_mae_n30x12800_qc/heatmaps/feature_429/rank_10_Argentina__BuenosAires_01674.jpg""]",outputs/experiments/dinov3_multicity/feature_mae_n30x12800_qc/heatmaps/feature_429/contact_sheet.jpg
F045,C027,"[73, 181, 210, 278, 298, 386, 427, 486]",73,8,0.7119318246841431,"[""outputs/experiments/dinov3_multicity/feature_mae_n30x12800_qc/heatmaps/feature_073/rank_01_Thailand__Bangkok_05282.jpg"", ""outputs/experiments/dinov3_multicity/feature_mae_n30x12800_qc/heatmaps/feature_073/rank_02_Austria__Vienna_00923.jpg"", ""outputs/experiments/dinov3_multicity/feature_mae_n30x12800_qc/heatmaps/feature_073/rank_03_Taiwan__Taipei_06662.jpg"", ""outputs/experiments/dinov3_multicity/feature_mae_n30x12800_qc/heatmaps/feature_073/rank_04_Russia__Moscow_11822.jpg"", ""outputs/experiments/dinov3_multicity/feature_mae_n30x12800_qc/heatmaps/feature_073/rank_05_China__HongKong_06029.jpg"", ""outputs/experiments/dinov3_multicity/feature_mae_n30x12800_qc/heatmaps/feature_073/rank_06_Indonesia__Jakarta_09453.jpg"", ""outputs/experiments/dinov3_multicity/feature_mae_n30x12800_qc/heatmaps/feature_073/rank_07_Turkey__Istanbul_00511.jpg"", ""outputs/experiments/dinov3_multicity/feature_mae_n30x12800_qc/heatmaps/feature_073/rank_08_Thailand__Bangkok_11102.jpg"", ""outputs/experiments/dinov3_multicity/feature_mae_n30x12800_qc/heatmaps/feature_073/rank_09_Thailand__Bangkok_03162.jpg"", ""outputs/experiments/dinov3_multicity/feature_mae_n30x12800_qc/heatmaps/feature_073/rank_10_Australia__Sydney_00906.jpg""]",outputs/experiments/dinov3_multicity/feature_mae_n30x12800_qc/heatmaps/feature_073/contact_sheet.jpg
F057,C027,"[152, 156, 259, 331, 437]",331,5,0.26428571343421936,"[""outputs/experiments/dinov3_multicity/feature_mae_n30x12800_qc/heatmaps/feature_331/rank_01_Turkey__Istanbul_10140.jpg"", ""outputs/experiments/dinov3_multicity/feature_mae_n30x12800_qc/heatmaps/feature_331/rank_02_SouthAfrica__CapeTown_00779.jpg"", ""outputs/experiments/dinov3_multicity/feature_mae_n30x12800_qc/heatmaps/feature_331/rank_03_SouthAfrica__CapeTown_03940.jpg"", ""outputs/experiments/dinov3_multicity/feature_mae_n30x12800_qc/heatmaps/feature_331/rank_04_Australia__Sydney_11857.jpg"", ""outputs/experiments/dinov3_multicity/feature_mae_n30x12800_qc/heatmaps/feature_331/rank_05_SouthAfrica__CapeTown_12422.jpg"", ""outputs/experiments/dinov3_multicity/feature_mae_n30x12800_qc/heatmaps/feature_331/rank_06_SouthAfrica__CapeTown_08019.jpg"", ""outputs/experiments/dinov3_multicity/feature_mae_n30x12800_qc/heatmaps/feature_331/rank_07_SouthAfrica__CapeTown_03171.jpg"", ""outputs/experiments/dinov3_multicity/feature_mae_n30x12800_qc/heatmaps/feature_331/rank_08_SouthAfrica__Johannesburg_11803.jpg"", ""outputs/experiments/dinov3_multicity/feature_mae_n30x12800_qc/heatmaps/feature_331/rank_09_SouthAfrica__CapeTown_09459.jpg"", ""outputs/experiments/dinov3_multicity/feature_mae_n30x12800_qc/heatmaps/feature_331/rank_10_UnitedStates__LosAngeles_05326.jpg""]",outputs/experiments/dinov3_multicity/feature_mae_n30x12800_qc/heatmaps/feature_331/contact_sheet.jpg
F048,C028,"[84, 225, 351, 360, 391, 402, 485]",84,7,0.6641156077384949,"[""outputs/experiments/dinov3_multicity/feature_mae_n30x12800_qc/heatmaps/feature_084/rank_01_Nigeria__Lagos_02012.jpg"", ""outputs/experiments/dinov3_multicity/feature_mae_n30x12800_qc/heatmaps/feature_084/rank_02_Peru__Lima_08503.jpg"", ""outputs/experiments/dinov3_multicity/feature_mae_n30x12800_qc/heatmaps/feature_084/rank_03_SouthAfrica__Johannesburg_04250.jpg"", ""outputs/experiments/dinov3_multicity/feature_mae_n30x12800_qc/heatmaps/feature_084/rank_04_Russia__Moscow_02961.jpg"", ""outputs/experiments/dinov3_multicity/feature_mae_n30x12800_qc/heatmaps/feature_084/rank_05_Brazil__SaoPaulo_10113.jpg"", ""outputs/experiments/dinov3_multicity/feature_mae_n30x12800_qc/heatmaps/feature_084/rank_06_Indonesia__Jakarta_03392.jpg"", ""outputs/experiments/dinov3_multicity/feature_mae_n30x12800_qc/heatmaps/feature_084/rank_07_Philippines__Manila_01371.jpg"", ""outputs/experiments/dinov3_multicity/feature_mae_n30x12800_qc/heatmaps/feature_084/rank_08_UnitedStates__NewYorkCity_00437.jpg"", ""outputs/experiments/dinov3_multicity/feature_mae_n30x12800_qc/heatmaps/feature_084/rank_09_Nigeria__Lagos_01897.jpg"", ""outputs/experiments/dinov3_multicity/feature_mae_n30x12800_qc/heatmaps/feature_084/rank_10_Indonesia__Jakarta_11491.jpg""]",outputs/experiments/dinov3_multicity/feature_mae_n30x12800_qc/heatmaps/feature_084/contact_sheet.jpg
F049,C029,"[87, 97, 120, 187, 218, 244, 247, 358, 387, 463, 472]",358,11,1.0,"[""outputs/experiments/dinov3_multicity/feature_mae_n30x12800_qc/heatmaps/feature_358/rank_01_Austria__Vienna_00003.jpg"", ""outputs/experiments/dinov3_multicity/feature_mae_n30x12800_qc/heatmaps/feature_358/rank_02_Austria__Vienna_00943.jpg"", ""outputs/experiments/dinov3_multicity/feature_mae_n30x12800_qc/heatmaps/feature_358/rank_03_Turkey__Istanbul_02030.jpg"", ""outputs/experiments/dinov3_multicity/feature_mae_n30x12800_qc/heatmaps/feature_358/rank_04_Singapore__Singapore_02557.jpg"", ""outputs/experiments/dinov3_multicity/feature_mae_n30x12800_qc/heatmaps/feature_358/rank_05_Peru__Lima_12102.jpg"", ""outputs/experiments/dinov3_multicity/feature_mae_n30x12800_qc/heatmaps/feature_358/rank_06_Austria__Vienna_08764.jpg"", ""outputs/experiments/dinov3_multicity/feature_mae_n30x12800_qc/heatmaps/feature_358/rank_07_Mexico__MexicoCity_01999.jpg"", ""outputs/experiments/dinov3_multicity/feature_mae_n30x12800_qc/heatmaps/feature_358/rank_08_Indonesia__Jakarta_05451.jpg"", ""outputs/experiments/dinov3_multicity/feature_mae_n30x12800_qc/heatmaps/feature_358/rank_09_France__Paris_00393.jpg"", ""outputs/experiments/dinov3_multicity/feature_mae_n30x12800_qc/heatmaps/feature_358/rank_10_Mexico__MexicoCity_06595.jpg""]",outputs/experiments/dinov3_multicity/feature_mae_n30x12800_qc/heatmaps/feature_358/contact_sheet.jpg
F050,C030,"[88, 92, 111, 203, 355, 470]",203,6,0.6881313323974609,"[""outputs/experiments/dinov3_multicity/feature_mae_n30x12800_qc/heatmaps/feature_203/rank_01_Philippines__Manila_06754.jpg"", ""outputs/experiments/dinov3_multicity/feature_mae_n30x12800_qc/heatmaps/feature_203/rank_02_Philippines__Manila_06287.jpg"", ""outputs/experiments/dinov3_multicity/feature_mae_n30x12800_qc/heatmaps/feature_203/rank_03_Turkey__Istanbul_11964.jpg"", ""outputs/experiments/dinov3_multicity/feature_mae_n30x12800_qc/heatmaps/feature_203/rank_04_Philippines__Manila_08059.jpg"", ""outputs/experiments/dinov3_multicity/feature_mae_n30x12800_qc/heatmaps/feature_203/rank_05_India__NewDelhi_03836.jpg"", ""outputs/experiments/dinov3_multicity/feature_mae_n30x12800_qc/heatmaps/feature_203/rank_06_Colombia__Bogota_06839.jpg"", ""outputs/experiments/dinov3_multicity/feature_mae_n30x12800_qc/heatmaps/feature_203/rank_07_Colombia__Bogota_07027.jpg"", ""outputs/experiments/dinov3_multicity/feature_mae_n30x12800_qc/heatmaps/feature_203/rank_08_India__Mumbai_10295.jpg"", ""outputs/experiments/dinov3_multicity/feature_mae_n30x12800_qc/heatmaps/feature_203/rank_09_India__Mumbai_09287.jpg"", ""outputs/experiments/dinov3_multicity/feature_mae_n30x12800_qc/heatmaps/feature_203/rank_10_SouthAfrica__Johannesburg_04130.jpg""]",outputs/experiments/dinov3_multicity/feature_mae_n30x12800_qc/heatmaps/feature_203/contact_sheet.jpg
F053,C030,"[99, 124, 186, 206, 316]",186,5,0.5154761672019958,"[""outputs/experiments/dinov3_multicity/feature_mae_n30x12800_qc/heatmaps/feature_186/rank_01_UnitedStates__NewYorkCity_03677.jpg"", ""outputs/experiments/dinov3_multicity/feature_mae_n30x12800_qc/heatmaps/feature_186/rank_02_Taiwan__Taipei_12086.jpg"", ""outputs/experiments/dinov3_multicity/feature_mae_n30x12800_qc/heatmaps/feature_186/rank_03_SouthKorea__Seoul_06128.jpg"", ""outputs/experiments/dinov3_multicity/feature_mae_n30x12800_qc/heatmaps/feature_186/rank_04_Philippines__Manila_00450.jpg"", ""outputs/experiments/dinov3_multicity/feature_mae_n30x12800_qc/heatmaps/feature_186/rank_05_UnitedStates__NewYorkCity_09581.jpg"", ""outputs/experiments/dinov3_multicity/feature_mae_n30x12800_qc/heatmaps/feature_186/rank_06_UnitedStates__NewYorkCity_02003.jpg"", ""outputs/experiments/dinov3_multicity/feature_mae_n30x12800_qc/heatmaps/feature_186/rank_07_UnitedStates__NewYorkCity_02911.jpg"", ""outputs/experiments/dinov3_multicity/feature_mae_n30x12800_qc/heatmaps/feature_186/rank_08_UnitedStates__LosAngeles_01589.jpg"", ""outputs/experiments/dinov3_multicity/feature_mae_n30x12800_qc/heatmaps/feature_186/rank_09_Thailand__Bangkok_02345.jpg"", ""outputs/experiments/dinov3_multicity/feature_mae_n30x12800_qc/heatmaps/feature_186/rank_10_UnitedStates__NewYorkCity_06672.jpg""]",outputs/experiments/dinov3_multicity/feature_mae_n30x12800_qc/heatmaps/feature_186/contact_sheet.jpg
F058,C031,"[153, 185, 192, 336, 438, 490]",153,6,0.875,"[""outputs/experiments/dinov3_multicity/feature_mae_n30x12800_qc/heatmaps/feature_153/rank_01_Bangladesh__Dhaka_05265.jpg"", ""outputs/experiments/dinov3_multicity/feature_mae_n30x12800_qc/heatmaps/feature_153/rank_02_Turkey__Istanbul_02133.jpg"", ""outputs/experiments/dinov3_multicity/feature_mae_n30x12800_qc/heatmaps/feature_153/rank_03_Bangladesh__Dhaka_07784.jpg"", ""outputs/experiments/dinov3_multicity/feature_mae_n30x12800_qc/heatmaps/feature_153/rank_04_Bangladesh__Dhaka_08663.jpg"", ""outputs/experiments/dinov3_multicity/feature_mae_n30x12800_qc/heatmaps/feature_153/rank_05_Bangladesh__Dhaka_10854.jpg"", ""outputs/experiments/dinov3_multicity/feature_mae_n30x12800_qc/heatmaps/feature_153/rank_06_Philippines__Manila_04358.jpg"", ""outputs/experiments/dinov3_multicity/feature_mae_n30x12800_qc/heatmaps/feature_153/rank_07_Taiwan__Taipei_03427.jpg"", ""outputs/experiments/dinov3_multicity/feature_mae_n30x12800_qc/heatmaps/feature_153/rank_08_India__Mumbai_00273.jpg"", ""outputs/experiments/dinov3_multicity/feature_mae_n30x12800_qc/heatmaps/feature_153/rank_09_Thailand__Bangkok_09433.jpg"", ""outputs/experiments/dinov3_multicity/feature_mae_n30x12800_qc/heatmaps/feature_153/rank_10_Nigeria__Lagos_11147.jpg""]",outputs/experiments/dinov3_multicity/feature_mae_n30x12800_qc/heatmaps/feature_153/contact_sheet.jpg
F060,C031,"[179, 227, 325, 384, 400, 461]",325,6,0.38804712891578674,"[""outputs/experiments/dinov3_multicity/feature_mae_n30x12800_qc/heatmaps/feature_325/rank_01_SouthKorea__Seoul_06048.jpg"", ""outputs/experiments/dinov3_multicity/feature_mae_n30x12800_qc/heatmaps/feature_325/rank_02_Turkey__Istanbul_04260.jpg"", ""outputs/experiments/dinov3_multicity/feature_mae_n30x12800_qc/heatmaps/feature_325/rank_03_SouthKorea__Seoul_12370.jpg"", ""outputs/experiments/dinov3_multicity/feature_mae_n30x12800_qc/heatmaps/feature_325/rank_04_India__Mumbai_06618.jpg"", ""outputs/experiments/dinov3_multicity/feature_mae_n30x12800_qc/heatmaps/feature_325/rank_05_SouthKorea__Seoul_09377.jpg"", ""outputs/experiments/dinov3_multicity/feature_mae_n30x12800_qc/heatmaps/feature_325/rank_06_China__HongKong_06896.jpg"", ""outputs/experiments/dinov3_multicity/feature_mae_n30x12800_qc/heatmaps/feature_325/rank_07_China__HongKong_09279.jpg"", ""outputs/experiments/dinov3_multicity/feature_mae_n30x12800_qc/heatmaps/feature_325/rank_08_Taiwan__Taipei_03074.jpg"", ""outputs/experiments/dinov3_multicity/feature_mae_n30x12800_qc/heatmaps/feature_325/rank_09_Bangladesh__Dhaka_11420.jpg"", ""outputs/experiments/dinov3_multicity/feature_mae_n30x12800_qc/heatmaps/feature_325/rank_10_Mexico__MexicoCity_03077.jpg""]",outputs/experiments/dinov3_multicity/feature_mae_n30x12800_qc/heatmaps/feature_325/contact_sheet.jpg
