,F000,F001,F002,F003,F004,F005,F006,F007,F008,F009,F010,F011,F012,F013,F014,F015,F016,F017,F018,F019,F020,F021,F022,F023,F024,F025,F026,F027,F028,F029,F030,F031,F032,F033,F034,F035,F036,F037,F038,F039,F040,F041,F042,F043,F044,F045,F046,F047,F048,F049,F050,F051,F052,F053,F054,F055,F056,F057,F058,F059,F060,F061,F062,F063
F000,0.0,0.0,0.0,0.0,0.0,0.0,0.0,0.0,0.0,0.0,0.2574156491884832,0.0,0.0,0.0,0.0,0.0,0.0,0.0,0.0,0.0,0.0,0.0,0.20257203266445573,0.0,0.0,0.0,0.0,0.010605441697632667,0.0,0.3187693078676455,0.0,0.0,0.0,0.0,0.0,0.3248572143524592,0.0,0.0,0.0,0.0,0.0,0.0,0.25662686202521534,0.0,0.0,0.0,0.0,0.0,0.0,0.0,0.0,0.0,0.0,0.10369757484217693,0.04645261407339979,0.0,0.0,0.0,0.0,0.0,0.0,0.0,0.0,0.0
F001,0.0,0.0,0.0,0.0,0.0,0.0,0.0,0.26881472181967203,0.06585135543911688,0.2128724627614948,0.0,0.3077560763386739,0.0,0.0,0.0,0.0,0.0,0.0,0.0,0.0,0.0,0.0,0.0,0.0,0.0,0.0,0.0,0.0,0.0,0.0,0.438371276456513,0.0,0.0,0.0,0.5127182135906339,0.0,0.008673689870947372,0.0,0.0,0.0,0.0,0.0,0.0,0.34803038275842396,0.0,0.0,0.15379960047804475,0.0,0.0,0.0,0.0,0.08596681187645809,0.04916751343654484,0.0,0.0,0.0,0.0,0.18342166932850001,0.0,0.0,0.0,0.0,0.0,0.0
F002,0.0,0.0,0.0,0.0,0.0,0.0,0.0,0.0,0.0,0.0,0.18806940729307953,0.0,0.0,0.0,0.0,0.0,0.0,0.0,0.0,0.0,0.0,0.17780897136534235,0.0,0.0,0.0,0.0,0.0,0.0,0.0,0.0,0.0,0.0,0.0,0.11084501992031709,0.0,0.10965938714173326,0.0,0.0,0.0,0.0,0.0,0.0,0.0,0.0,0.0,0.0,0.0,0.0,0.0,0.0,0.0,0.0,0.02750639871354632,0.0,0.0,0.0,0.0,0.0,0.0,0.0,0.5260421441462523,0.0,0.0,0.0
F003,0.0,0.0,0.0,0.0,0.0,0.0,0.0,0.0,0.0,0.0,0.0,0.0,0.0,0.0,0.0,0.0,0.0,0.0,0.0,0.0,0.0,0.0,0.0,0.0,0.0,0.0,0.0,0.0,0.0,0.0,0.0,0.0,0.0,0.0,0.0,0.0,0.0,0.0,0.0,0.0,0.0,0.0,0.0,0.0,0.0,0.0,0.0,0.0,0.0,0.0,0.0,0.0,0.0,0.0,0.0,0.0,0.0,0.0,0.0,0.0,0.0,0.0,0.0,0.0
F004,0.0,0.0,0.0,0.0,0.0,0.0,0.0,0.0,1.146201658289578,0.0,0.0,0.0,0.0,0.09626872236317761,0.0,0.0,0.0,0.0,0.0,0.0,0.0,0.0,0.0,0.0,0.0,0.0,0.0,0.0,0.0,0.22338734569523164,0.0,0.0,0.0,0.0,0.0,0.0,0.1635591026082551,0.0,0.0,0.0,0.12127467231555372,0.0,0.0,0.0,0.0,0.0,0.0,0.0,0.0,0.0,0.0,0.8773042884020379,0.0803312744434827,0.150511974627254,0.0,0.0,0.0,0.0,0.0,0.0,0.0,0.0,0.0,0.0
F005,0.0,0.0,0.0,0.0,0.0,0.0,0.0,0.0,0.0,0.0,0.0,0.0,0.0,0.0,0.0,0.0,0.0,0.0,0.0,0.0,0.0,0.0,0.0,0.0,0.0,0.0,0.0,0.0,0.0,0.0,0.0,0.0,0.0,0.0,0.0,0.0,0.0,0.0,0.0,0.0,0.0,0.0,0.0,0.0,0.0,0.0,0.0,0.0,0.0,0.0,0.0,0.0,0.0,0.0,0.0,0.0,0.0,0.0,0.0,0.0,0.0,0.0,0.0,0.0
F006,0.0,0.0,0.0,0.0,0.0,0.0,0.0,0.0,0.0,0.0,0.0,0.0,0.0,0.0,0.0,0.0,0.0,0.0,0.0,0.0,0.0,0.0,0.0,0.0,0.0,0.0,0.0,0.0,0.0,0.0,0.0,0.0,0.0,0.0,0.0,0.0,0.46061380905712074,0.0,0.0,0.0,0.0,0.0,0.0,0.0,0.0,0.0,0.0,0.0,0.0,0.0,0.0,0.0,0.0,0.0,0.0,0.0,0.0,0.0,0.0,0.0,0.0,0.0,0.0,0.0
F007,0.0,0.26881472181967203,0.0,0.0,0.0,0.0,0.0,0.0,0.059769786167475615,0.2247298387808869,0.0,0.25932293805127526,0.0,0.0,0.0,0.0,0.0,0.19156613005554968,0.19558612914779328,0.0,0.14436421590313833,0.0,0.0,0.5302635832109356,0.0,0.0,0.0,0.026410922902594083,0.0,0.0,0.0,0.0,0.0,0.0,0.2718790161643468,0.0,0.1072218149730169,0.0,0.0,0.0,0.0,0.0,0.0,0.0,0.0,0.0,0.16996149491683848,0.0,0.0,0.0,0.0,0.23076312347443645,0.00484063499179641,0.0,0.0,0.0,0.0,0.22399358627028298,0.19486503632045152,0.0,0.0,0.0,0.0,0.0
F008,0.0,0.06585135543911688,0.0,0.0,1.146201658289578,0.0,0.0,0.059769786167475615,0.0,0.00693738878686041,0.0,0.0,0.0,0.10814665139007915,0.0,0.0,0.0,0.0,0.0,0.0,0.0,0.0,0.0,0.0,0.0,0.0,0.0,0.027194704983824397,0.0,0.0,0.0,0.0,0.0,0.0,0.0,0.0,0.14937950437693842,0.0,0.0,0.0,0.0,0.0,0.0,0.0,0.0,0.0,0.0,0.0,0.0,0.0,0.0,0.0,0.028439374694355535,0.09062973652148018,0.0,0.0,0.0,0.0,0.05951043374037928,0.0,0.0,0.0,0.0,0.0
F009,0.0,0.2128724627614948,0.0,0.0,0.0,0.0,0.0,0.2247298387808869,0.00693738878686041,0.0,0.0,0.22315607879329669,0.0,0.04170360268998273,0.0,0.0,0.0,0.2634385383260545,0.18184935750855177,0.06562711699122975,0.4977157403641961,0.0,0.0,0.0,0.0,0.0,0.0,0.0,0.0,0.0,0.0,0.0,0.0,0.0,0.0,0.0,0.0,0.0,0.0,0.0,0.0,0.0,0.0,0.0,0.0,0.11152091332926865,0.15634222366300898,0.0,0.0,0.0,0.0,0.0,0.1914045228701718,0.0,0.0,0.0,0.0,0.0,0.24931307749188292,0.0,0.0,0.0,0.0,0.0
F010,0.2574156491884832,0.0,0.18806940729307953,0.0,0.0,0.0,0.0,0.0,0.0,0.0,0.0,0.0,0.05140790019050085,0.0,0.0,0.0,0.0,0.0,0.0,0.14246949860851832,0.0,0.21603157977030896,0.28079917280248723,0.0,0.0,0.0,0.0,0.0,0.16363502205359348,0.0,0.4503224976921904,0.0,0.0,0.12444617570222204,0.0,0.45365572365841417,0.0,0.0,0.4190139729300413,0.0,0.014192591019138362,0.5791566894177329,0.30432023302808764,0.01867263928822283,0.05582726090733939,0.0,0.0,0.0,0.0,0.0,0.0,0.0,0.0,0.0,0.046459388829691944,0.0,0.0,0.0,0.0,0.0,0.27486760817796857,0.0,0.4991051352899063,0.0
F011,0.0,0.3077560763386739,0.0,0.0,0.0,0.0,0.0,0.25932293805127526,0.0,0.22315607879329669,0.0,0.0,0.20390763110355237,0.025916955780887034,0.0,0.0,0.0,0.0,0.0,0.0,0.0,0.0,0.0,0.0,0.0,0.0,0.0,0.0,0.0,0.0,0.0,0.0,0.0,0.0,0.31249730538397663,0.0,0.0655004653663254,0.0,0.0,0.0,0.0,0.0,0.0,0.0,0.0,0.0623268760700776,0.06018289846604967,0.0,0.0,0.0,0.0,0.0,0.0,0.0,0.0,0.0,0.0,0.21044005358231962,0.2815225641366005,0.0,0.0,0.0,0.0,0.0
F012,0.0,0.0,0.0,0.0,0.0,0.0,0.0,0.0,0.0,0.0,0.05140790019050085,0.20390763110355237,0.0,0.0,0.0,0.0,0.0,0.0,0.0,0.08877145906570852,0.0,0.0,0.0,0.0,0.0,0.0,0.0,0.16273170542688276,0.0,0.0,0.0,0.0,0.0,0.0,0.0,0.0,0.0,0.0,0.0,0.0,0.0,0.0,0.0,0.0,0.0,0.0,0.0,0.0,0.0,0.0,0.0,0.0,0.0,0.0,0.0,0.0,0.0,0.0,0.04072201475534786,0.0,0.0,0.0,0.0,0.0
F013,0.0,0.0,0.0,0.0,0.09626872236317761,0.0,0.0,0.0,0.10814665139007915,0.04170360268998273,0.0,0.025916955780887034,0.0,0.0,0.0,0.0684296730197313,0.0,0.17148911546406423,0.0,0.0,0.24670115323655584,0.0,0.0,0.10435115386857041,0.0,0.0,0.0,0.0,0.0,0.09705228220277086,0.0,0.0,0.0,0.0,0.0,0.0,0.0004610494718104372,0.0,0.0,0.0,0.0,0.0,0.0,0.0,0.0,0.06377149370976655,0.016286859297993592,0.0,0.0,0.0,0.0,0.06724766857720366,0.0,0.0,0.0,0.0,0.0,0.04232488629876537,0.0011069722636559297,0.0,0.0,0.07522727794040444,0.0,0.0
F014,0.0,0.0,0.0,0.0,0.0,0.0,0.0,0.0,0.0,0.0,0.0,0.0,0.0,0.0,0.0,0.0,0.0,0.0,0.0,0.0,0.0,0.0,0.0,0.0,0.0,0.0,0.0,0.0,0.0,0.0,0.0,0.0,0.0,0.0,0.0,0.0,0.0,0.0,0.0,0.0,0.0,0.0,0.0,0.0,0.0,0.0,0.0,0.0,0.0,0.0,0.0,0.0,0.0,0.0,0.0,0.0,0.0,0.0,0.0,0.0,0.0,0.0,0.0,0.0
F015,0.0,0.0,0.0,0.0,0.0,0.0,0.0,0.0,0.0,0.0,0.0,0.0,0.0,0.0684296730197313,0.0,0.0,0.0,0.0,0.0,0.0,0.0,0.0,0.0,0.0,0.0,0.0,0.0,0.0,0.0,0.07841002040954888,0.0,0.0,0.0,0.0,0.0,0.0,0.01944517286783609,0.0,0.0,0.0,0.0,0.0,0.0,0.0,0.0,0.13110606602139896,0.3556479657058169,0.0,0.0,0.0,0.0,0.0,0.0,0.0,0.0,0.0,0.0,0.0,0.0,0.0,0.0,0.0,0.0,0.0
F016,0.0,0.0,0.0,0.0,0.0,0.0,0.0,0.0,0.0,0.0,0.0,0.0,0.0,0.0,0.0,0.0,0.0,0.0,0.0,0.0,0.0,0.0,0.0,0.0,0.0,0.0,0.0,0.0,0.0,0.0,0.0,0.0,0.0,0.0,0.0,0.0,0.0,0.0,0.0,0.0,0.0,0.0,0.0,0.0,0.0,0.0,0.0,0.0,0.0,0.0,0.0,0.0,0.0,0.0,0.0,0.0,0.0,0.0,0.0,0.0,0.0,0.0,0.0,0.0
F017,0.0,0.0,0.0,0.0,0.0,0.0,0.0,0.19156613005554968,0.0,0.2634385383260545,0.0,0.0,0.0,0.17148911546406423,0.0,0.0,0.0,0.0,0.0,0.0,0.0,0.0,0.0,0.0,0.0,0.0,0.0,0.0756482474231353,0.0,0.11612516834533272,0.0,0.0,0.0,0.0,0.0,0.0,0.34892661223035715,0.0,0.0,0.0,0.0,0.0,0.0,0.0,0.0,0.0,0.0,0.0,0.0,0.0,0.0,0.0,0.3450108417214933,0.0,0.0,0.0,0.0,0.0,0.1596606080958427,0.0,0.0,0.0,0.0,0.0
F018,0.0,0.0,0.0,0.0,0.0,0.0,0.0,0.19558612914779328,0.0,0.18184935750855177,0.0,0.0,0.0,0.0,0.0,0.0,0.0,0.0,0.0,0.0,0.0,0.0,0.03702126914590507,0.0,0.0,0.0,0.0,0.0,0.0,0.0,0.0,0.0,0.0,0.09891970324261581,0.0,0.0,0.18414372466063836,0.0,0.0,0.0,0.09627985449999145,0.0,0.0,0.0,0.0,0.0,0.0,0.0,0.0,0.0,0.0,0.0,0.0,0.0,0.0,0.0,0.0,0.05374021992416427,0.0003201012495721578,0.0,0.0,0.0,0.0,0.0
F019,0.0,0.0,0.0,0.0,0.0,0.0,0.0,0.0,0.0,0.06562711699122975,0.14246949860851832,0.0,0.08877145906570852,0.0,0.0,0.0,0.0,0.0,0.0,0.0,0.0,0.04043811357022267,0.0,0.0,0.0,0.0,0.0,0.0,0.023750252799566225,0.0,0.0,0.0,0.0,0.0,0.0,0.0,0.0,0.0,0.0,0.0,0.0,0.0,0.0,0.0,0.0,0.0,0.0,0.0,0.0,0.0,0.0,0.0,0.0,0.005140463273215323,0.03562478438152535,0.0,0.0,0.0,0.0,0.0,0.0,0.0,0.0,0.0
F020,0.0,0.0,0.0,0.0,0.0,0.0,0.0,0.14436421590313833,0.0,0.4977157403641961,0.0,0.0,0.0,0.24670115323655584,0.0,0.0,0.0,0.0,0.0,0.0,0.0,0.0,0.0,0.0,0.0,0.0,0.0,0.18522990993439026,0.0,0.0,0.0,0.0,0.0,0.0,0.0,0.0,0.1303688982260698,0.0,0.0,0.0,0.0,0.0,0.0,0.0,0.0,0.36062720541616056,0.0,0.0,0.0,0.0,0.0,0.0,0.29547501564994977,0.0,0.0,0.0,0.0,0.13103096270438203,0.0,0.0,0.0,0.0,0.0,0.0
F021,0.0,0.0,0.17780897136534235,0.0,0.0,0.0,0.0,0.0,0.0,0.0,0.21603157977030896,0.0,0.0,0.0,0.0,0.0,0.0,0.0,0.0,0.04043811357022267,0.0,0.0,0.06766051702793346,0.0,0.0,0.0,0.0,0.0,0.019035510001876064,0.0006104528074569129,0.054785868043829594,0.0,0.0,0.018518113709927096,0.0,0.10638523789675511,0.0,0.0,0.0,0.0,0.0,0.2084636001683567,0.12945586788649385,0.0,0.0,0.0,0.0,0.0,0.0,0.0,0.0,0.0,0.0,0.0,0.02044927192804171,0.0,0.0,0.0,0.0,0.0,0.03784511201424199,0.0,0.0,0.0
F022,0.20257203266445573,0.0,0.0,0.0,0.0,0.0,0.0,0.0,0.0,0.0,0.28079917280248723,0.0,0.0,0.0,0.0,0.0,0.0,0.0,0.03702126914590507,0.0,0.0,0.06766051702793346,0.0,0.0,0.0,0.0,0.0,0.0,0.08729390662588589,0.0,0.24481116385804563,0.0,0.0,0.23426744633288002,0.024222175504543177,0.3223135722405713,0.0,0.0,0.0,0.0,0.03515502535986875,0.469071304105195,0.18368488455941892,0.12966472017759897,0.0,0.0,0.0,0.03281197434436149,0.0,0.0,0.0,0.0,0.0,0.0,0.0,0.0,0.33447253499843604,0.0,0.0,0.0,0.38854288348454113,0.0,0.0,0.0
F023,0.0,0.0,0.0,0.0,0.0,0.0,0.0,0.5302635832109356,0.0,0.0,0.0,0.0,0.0,0.10435115386857041,0.0,0.0,0.0,0.0,0.0,0.0,0.0,0.0,0.0,0.0,0.0,0.0,0.0,0.0,0.0,0.0,0.0,0.0,0.0,0.0,0.0,0.0,0.0,0.0,0.0,0.0,0.0,0.0,0.0,0.0,0.0,0.0,0.0,0.0,0.0,0.0,0.0,0.0,0.0,0.0,0.0,0.0,0.0,0.0,0.0,0.0,0.0,0.0,0.0,0.0
F024,0.0,0.0,0.0,0.0,0.0,0.0,0.0,0.0,0.0,0.0,0.0,0.0,0.0,0.0,0.0,0.0,0.0,0.0,0.0,0.0,0.0,0.0,0.0,0.0,0.0,0.0,0.0,0.0,0.0,0.0,0.0,0.0,0.0,0.0,0.0,0.0,0.0,0.0,0.0,0.0,0.0,0.0,0.0,0.0,0.0,0.0,0.0,0.0,0.0,0.0,0.0,0.0,0.0,0.0,0.0,0.0,0.0,0.0,0.15158652610751494,0.0,0.0,0.0,0.0,0.0
F025,0.0,0.0,0.0,0.0,0.0,0.0,0.0,0.0,0.0,0.0,0.0,0.0,0.0,0.0,0.0,0.0,0.0,0.0,0.0,0.0,0.0,0.0,0.0,0.0,0.0,0.0,0.0,0.0,0.0,0.0,0.0,0.0,0.0,0.0,0.0,0.0,0.031180099759142967,0.0,0.0,0.0,0.0,0.0,0.0,0.0,0.0,0.0,0.0,0.0,0.0,0.0,0.0,0.0,0.0,0.0,0.0,0.0,0.0,0.0,0.0,0.0,0.0,0.0,0.0,0.0
F026,0.0,0.0,0.0,0.0,0.0,0.0,0.0,0.0,0.0,0.0,0.0,0.0,0.0,0.0,0.0,0.0,0.0,0.0,0.0,0.0,0.0,0.0,0.0,0.0,0.0,0.0,0.0,0.0,0.0,0.0,0.0,0.0,0.0,0.0,0.0,0.0,0.0,0.0,0.0,0.0,0.0,0.0,0.0,0.0,0.0,0.0,0.0,0.0,0.0,0.0,0.0,0.0,0.0,0.0,0.0,0.0,0.0,0.0,0.0,0.0,0.0,0.0,0.0,0.0
F027,0.010605441697632667,0.0,0.0,0.0,0.0,0.0,0.0,0.026410922902594083,0.027194704983824397,0.0,0.0,0.0,0.16273170542688276,0.0,0.0,0.0,0.0,0.0756482474231353,0.0,0.0,0.18522990993439026,0.0,0.0,0.0,0.0,0.0,0.0,0.0,0.0,0.36817063922913895,0.0,0.0,0.0,0.0,0.0,0.0,0.0,0.0,0.0,0.0,0.0,0.0,0.0,0.0,0.07096505772484467,0.0,0.020735966077099804,0.0,0.0,0.0,0.0,0.0,0.0,0.0,0.0,0.0,0.0,0.15589155742736738,0.2084307022885848,0.0,0.0,0.0,0.0,0.0
F028,0.0,0.0,0.0,0.0,0.0,0.0,0.0,0.0,0.0,0.0,0.16363502205359348,0.0,0.0,0.0,0.0,0.0,0.0,0.0,0.0,0.023750252799566225,0.0,0.019035510001876064,0.08729390662588589,0.0,0.0,0.0,0.0,0.0,0.0,0.0,0.1272354883220791,0.0,0.0,0.024035540918895378,0.0,0.0,0.0,0.0,0.0,0.0,0.13851249930420834,0.026372750250193294,0.09278739468341987,0.005908855671556029,0.0,0.0,0.0,0.0,0.0,0.0,0.0,0.0,0.0,0.0,0.010244891768941678,0.0,0.0,0.0,0.0,0.0,0.04787822613182148,0.0,0.031632087817119424,0.0
F029,0.3187693078676455,0.0,0.0,0.0,0.22338734569523164,0.0,0.0,0.0,0.0,0.0,0.0,0.0,0.0,0.09705228220277086,0.0,0.07841002040954888,0.0,0.11612516834533272,0.0,0.0,0.0,0.0006104528074569129,0.0,0.0,0.0,0.0,0.0,0.36817063922913895,0.0,0.0,0.0,0.0,0.0,0.0,0.0,0.0,0.0,0.0,0.0,0.0,0.0,0.0,0.0,0.0,0.05595923224520864,0.0,0.10604824302460099,0.0,0.0,0.0,0.0,0.0,0.0,0.0,0.030885957575436284,0.0,0.0,0.17243907512559928,0.10571556022882331,0.0,0.0,0.4505232026141741,0.0,0.0
F030,0.0,0.438371276456513,0.0,0.0,0.0,0.0,0.0,0.0,0.0,0.0,0.4503224976921904,0.0,0.0,0.0,0.0,0.0,0.0,0.0,0.0,0.0,0.0,0.054785868043829594,0.24481116385804563,0.0,0.0,0.0,0.0,0.0,0.1272354883220791,0.0,0.0,0.0,0.0,0.4920681215225495,0.0,0.7177185493196665,0.0,0.0,0.0,0.0,0.07927277468739247,0.0,0.0,0.0,0.0,0.0,0.0,0.0,0.0,0.0,0.0,0.0,0.0,0.0,0.0,0.0,0.0,0.0,0.0,0.0,0.0,0.0,0.0,0.0
F031,0.0,0.0,0.0,0.0,0.0,0.0,0.0,0.0,0.0,0.0,0.0,0.0,0.0,0.0,0.0,0.0,0.0,0.0,0.0,0.0,0.0,0.0,0.0,0.0,0.0,0.0,0.0,0.0,0.0,0.0,0.0,0.0,0.0,0.0,0.0,0.0,0.0,0.0,0.0,0.0,0.0,0.0,0.0,0.0,0.0,0.0,0.0,0.0,0.0,0.0,0.0,0.0,0.0,0.0,0.0,0.0,0.0,0.0,0.0,0.0,0.0,0.0,0.0,0.0
F032,0.0,0.0,0.0,0.0,0.0,0.0,0.0,0.0,0.0,0.0,0.0,0.0,0.0,0.0,0.0,0.0,0.0,0.0,0.0,0.0,0.0,0.0,0.0,0.0,0.0,0.0,0.0,0.0,0.0,0.0,0.0,0.0,0.0,0.0,0.0,0.0,0.0,0.0,0.0,0.0,0.0,0.0,0.0,0.0,0.0,0.0,0.0,0.0,0.0,0.0,0.0,0.0,0.0,0.0,0.0,0.0,0.0,0.0,0.0,0.0,0.0,0.0,0.0,0.0
F033,0.0,0.0,0.11084501992031709,0.0,0.0,0.0,0.0,0.0,0.0,0.0,0.12444617570222204,0.0,0.0,0.0,0.0,0.0,0.0,0.0,0.09891970324261581,0.0,0.0,0.018518113709927096,0.23426744633288002,0.0,0.0,0.0,0.0,0.0,0.024035540918895378,0.0,0.4920681215225495,0.0,0.0,0.0,0.0,0.30437498885059594,0.0,0.0,0.0,0.0,0.0,0.1952597055053625,0.0,0.3033171390251845,0.0,0.0,0.0,0.0,0.0,0.0,0.0,0.19239619807142844,0.0,0.14008692196218772,0.0,0.0,0.0,0.0,0.0,0.0,0.3830056243293736,0.0,0.0,0.0
F034,0.0,0.5127182135906339,0.0,0.0,0.0,0.0,0.0,0.2718790161643468,0.0,0.0,0.0,0.31249730538397663,0.0,0.0,0.0,0.0,0.0,0.0,0.0,0.0,0.0,0.0,0.024222175504543177,0.0,0.0,0.0,0.0,0.0,0.0,0.0,0.0,0.0,0.0,0.0,0.0,0.0,0.0,0.0,0.0,0.0,0.0,0.0,0.08640963218852066,0.0,0.0,0.0,0.0,0.0,0.0,0.0,0.0,0.0,0.008113970538126316,0.2340740788351585,0.0,0.0,0.0,0.0029923946956576914,0.0,0.0,0.0,0.0,0.0,0.0
F035,0.3248572143524592,0.0,0.10965938714173326,0.0,0.0,0.0,0.0,0.0,0.0,0.0,0.45365572365841417,0.0,0.0,0.0,0.0,0.0,0.0,0.0,0.0,0.0,0.0,0.10638523789675511,0.3223135722405713,0.0,0.0,0.0,0.0,0.0,0.0,0.0,0.7177185493196665,0.0,0.0,0.30437498885059594,0.0,0.0,0.0,0.0,0.0,0.0,0.0,0.4516164703705802,0.0779878263643594,0.1092222475372506,0.0,0.0,0.0,0.0,0.0,0.0,0.0,0.0373227840884748,0.0,0.0,0.0,0.0,0.0,0.0,0.0,0.0,0.21598666146933315,0.0,0.0,0.0
F036,0.0,0.008673689870947372,0.0,0.0,0.1635591026082551,0.0,0.46061380905712074,0.1072218149730169,0.14937950437693842,0.0,0.0,0.0655004653663254,0.0,0.0004610494718104372,0.0,0.01944517286783609,0.0,0.34892661223035715,0.18414372466063836,0.0,0.1303688982260698,0.0,0.0,0.0,0.0,0.031180099759142967,0.0,0.0,0.0,0.0,0.0,0.0,0.0,0.0,0.0,0.0,0.0,0.0,0.0,0.0,0.10105554800365919,0.0,0.0,0.0,0.0,0.0,0.0,0.0,0.0,0.0,0.0,0.0,0.026811027327171687,0.0,0.0,0.0,0.0,0.019055980909513364,0.09647803661433661,0.0,0.0,0.0,0.0,0.0
F037,0.0,0.0,0.0,0.0,0.0,0.0,0.0,0.0,0.0,0.0,0.0,0.0,0.0,0.0,0.0,0.0,0.0,0.0,0.0,0.0,0.0,0.0,0.0,0.0,0.0,0.0,0.0,0.0,0.0,0.0,0.0,0.0,0.0,0.0,0.0,0.0,0.0,0.0,0.0,0.0,0.0,0.0,0.0,0.0,0.0,0.0,0.0,0.0,0.0,0.0,0.0,0.0,0.0,0.0,0.0,0.0,0.0,0.0,0.0,0.0,0.0,0.0,0.0,0.0
F038,0.0,0.0,0.0,0.0,0.0,0.0,0.0,0.0,0.0,0.0,0.4190139729300413,0.0,0.0,0.0,0.0,0.0,0.0,0.0,0.0,0.0,0.0,0.0,0.0,0.0,0.0,0.0,0.0,0.0,0.0,0.0,0.0,0.0,0.0,0.0,0.0,0.0,0.0,0.0,0.0,0.0,0.0,0.0,0.0,0.0,0.0,0.0,0.0,0.0,0.0,0.0,0.0,0.0,0.0,0.0,0.0,0.0,0.0,0.0,0.0,0.0,0.0,0.0,0.0,0.0
F039,0.0,0.0,0.0,0.0,0.0,0.0,0.0,0.0,0.0,0.0,0.0,0.0,0.0,0.0,0.0,0.0,0.0,0.0,0.0,0.0,0.0,0.0,0.0,0.0,0.0,0.0,0.0,0.0,0.0,0.0,0.0,0.0,0.0,0.0,0.0,0.0,0.0,0.0,0.0,0.0,0.0,0.0,0.0,0.0,0.0,0.0,0.0,0.0,0.0,0.0,0.0,0.0,0.0,0.0,0.0,0.0,0.0,0.0,0.0,0.0,0.0,0.0,0.0,0.0
F040,0.0,0.0,0.0,0.0,0.12127467231555372,0.0,0.0,0.0,0.0,0.0,0.014192591019138362,0.0,0.0,0.0,0.0,0.0,0.0,0.0,0.09627985449999145,0.0,0.0,0.0,0.03515502535986875,0.0,0.0,0.0,0.0,0.0,0.13851249930420834,0.0,0.07927277468739247,0.0,0.0,0.0,0.0,0.0,0.10105554800365919,0.0,0.0,0.0,0.0,0.006769781085211247,0.0,0.1193190855211951,0.0,0.0,0.0,0.2921206564801006,0.0,0.0,0.0,0.0,0.0,0.01888814907726267,0.0027442748453333304,0.0,0.0,0.0,0.0,0.0,0.0,0.0,0.0,0.0
F041,0.0,0.0,0.0,0.0,0.0,0.0,0.0,0.0,0.0,0.0,0.5791566894177329,0.0,0.0,0.0,0.0,0.0,0.0,0.0,0.0,0.0,0.0,0.2084636001683567,0.469071304105195,0.0,0.0,0.0,0.0,0.0,0.026372750250193294,0.0,0.0,0.0,0.0,0.1952597055053625,0.0,0.4516164703705802,0.0,0.0,0.0,0.0,0.006769781085211247,0.0,0.25459411571578777,0.0,0.0,0.0,0.0,0.0,0.0,0.0,0.0,0.0,0.0,0.0,0.04972378723654759,0.0,0.0,0.0,0.0,0.0,0.14357252714634913,0.0,0.0,0.0
F042,0.25662686202521534,0.0,0.0,0.0,0.0,0.0,0.0,0.0,0.0,0.0,0.30432023302808764,0.0,0.0,0.0,0.0,0.0,0.0,0.0,0.0,0.0,0.0,0.12945586788649385,0.18368488455941892,0.0,0.0,0.0,0.0,0.0,0.09278739468341987,0.0,0.0,0.0,0.0,0.0,0.08640963218852066,0.0779878263643594,0.0,0.0,0.0,0.0,0.0,0.25459411571578777,0.0,0.0,0.0,0.0,0.0,0.0,0.0,0.0,0.0,0.0,0.0,0.0,0.0292285745996889,0.0,0.0,0.0,0.0,0.0,0.0,0.0,0.0,0.0
F043,0.0,0.34803038275842396,0.0,0.0,0.0,0.0,0.0,0.0,0.0,0.0,0.01867263928822283,0.0,0.0,0.0,0.0,0.0,0.0,0.0,0.0,0.0,0.0,0.0,0.12966472017759897,0.0,0.0,0.0,0.0,0.0,0.005908855671556029,0.0,0.0,0.0,0.0,0.3033171390251845,0.0,0.1092222475372506,0.0,0.0,0.0,0.0,0.1193190855211951,0.0,0.0,0.0,0.0,0.0,0.0,0.0,0.0,0.0,0.0,0.0,0.0,0.07625896590637012,0.0,0.0,0.0,0.0,0.0,0.0,0.0,0.0,0.0,0.0
F044,0.0,0.0,0.0,0.0,0.0,0.0,0.0,0.0,0.0,0.0,0.05582726090733939,0.0,0.0,0.0,0.0,0.0,0.0,0.0,0.0,0.0,0.0,0.0,0.0,0.0,0.0,0.0,0.0,0.07096505772484467,0.0,0.05595923224520864,0.0,0.0,0.0,0.0,0.0,0.0,0.0,0.0,0.0,0.0,0.0,0.0,0.0,0.0,0.0,0.0,0.0,0.0,0.0,0.0,0.0,0.0,0.0,0.0,0.0,0.0,0.0,0.0,0.0,0.0,0.0,0.0,0.0,0.0
F045,0.0,0.0,0.0,0.0,0.0,0.0,0.0,0.0,0.0,0.11152091332926865,0.0,0.0623268760700776,0.0,0.06377149370976655,0.0,0.13110606602139896,0.0,0.0,0.0,0.0,0.36062720541616056,0.0,0.0,0.0,0.0,0.0,0.0,0.0,0.0,0.0,0.0,0.0,0.0,0.0,0.0,0.0,0.0,0.0,0.0,0.0,0.0,0.0,0.0,0.0,0.0,0.0,0.1221734605936628,0.0,0.0,0.0,0.0,0.13528425857438275,0.07023013366088687,0.0,0.0,0.0,0.0,0.0,0.021989755479391672,0.0,0.2550795555317151,0.0,0.0,0.0
F046,0.0,0.15379960047804475,0.0,0.0,0.0,0.0,0.0,0.16996149491683848,0.0,0.15634222366300898,0.0,0.06018289846604967,0.0,0.016286859297993592,0.0,0.3556479657058169,0.0,0.0,0.0,0.0,0.0,0.0,0.0,0.0,0.0,0.0,0.0,0.020735966077099804,0.0,0.10604824302460099,0.0,0.0,0.0,0.0,0.0,0.0,0.0,0.0,0.0,0.0,0.0,0.0,0.0,0.0,0.0,0.1221734605936628,0.0,0.0,0.0,0.0,0.0,0.0,0.01094862596231435,0.0,0.0,0.0,0.0,0.048497868691975164,0.047073433718163964,0.0,0.0,0.0,0.0,0.0
F047,0.0,0.0,0.0,0.0,0.0,0.0,0.0,0.0,0.0,0.0,0.0,0.0,0.0,0.0,0.0,0.0,0.0,0.0,0.0,0.0,0.0,0.0,0.03281197434436149,0.0,0.0,0.0,0.0,0.0,0.0,0.0,0.0,0.0,0.0,0.0,0.0,0.0,0.0,0.0,0.0,0.0,0.2921206564801006,0.0,0.0,0.0,0.0,0.0,0.0,0.0,0.0,0.0,0.0,0.0,0.12944337770077569,0.2743616491966269,0.0,0.0,0.0,0.0,0.0,0.0,0.0,0.0,0.0,0.0
F048,0.0,0.0,0.0,0.0,0.0,0.0,0.0,0.0,0.0,0.0,0.0,0.0,0.0,0.0,0.0,0.0,0.0,0.0,0.0,0.0,0.0,0.0,0.0,0.0,0.0,0.0,0.0,0.0,0.0,0.0,0.0,0.0,0.0,0.0,0.0,0.0,0.0,0.0,0.0,0.0,0.0,0.0,0.0,0.0,0.0,0.0,0.0,0.0,0.0,0.0,0.0,0.0,0.0,0.0,0.0,0.0,0.0,0.0,0.0,0.0,0.0,0.0,0.0,0.0
F049,0.0,0.0,0.0,0.0,0.0,0.0,0.0,0.0,0.0,0.0,0.0,0.0,0.0,0.0,0.0,0.0,0.0,0.0,0.0,0.0,0.0,0.0,0.0,0.0,0.0,0.0,0.0,0.0,0.0,0.0,0.0,0.0,0.0,0.0,0.0,0.0,0.0,0.0,0.0,0.0,0.0,0.0,0.0,0.0,0.0,0.0,0.0,0.0,0.0,0.0,0.0,0.0,0.0,0.0,0.0,0.0,0.0,0.0,0.0,0.0,0.0,0.0,0.0,0.0
F050,0.0,0.0,0.0,0.0,0.0,0.0,0.0,0.0,0.0,0.0,0.0,0.0,0.0,0.0,0.0,0.0,0.0,0.0,0.0,0.0,0.0,0.0,0.0,0.0,0.0,0.0,0.0,0.0,0.0,0.0,0.0,0.0,0.0,0.0,0.0,0.0,0.0,0.0,0.0,0.0,0.0,0.0,0.0,0.0,0.0,0.0,0.0,0.0,0.0,0.0,0.0,0.0,0.0,0.0,0.0,0.0,0.0,0.0,0.0,0.0,0.0,0.0,0.0,0.0
F051,0.0,0.08596681187645809,0.0,0.0,0.8773042884020379,0.0,0.0,0.23076312347443645,0.0,0.0,0.0,0.0,0.0,0.06724766857720366,0.0,0.0,0.0,0.0,0.0,0.0,0.0,0.0,0.0,0.0,0.0,0.0,0.0,0.0,0.0,0.0,0.0,0.0,0.0,0.19239619807142844,0.0,0.0373227840884748,0.0,0.0,0.0,0.0,0.0,0.0,0.0,0.0,0.0,0.13528425857438275,0.0,0.0,0.0,0.0,0.0,0.0,0.0761235586856084,0.11322615185153415,0.0,0.0,0.0,0.0,0.0,0.0,0.600088665222802,0.0,0.0,0.0
F052,0.0,0.04916751343654484,0.02750639871354632,0.0,0.0803312744434827,0.0,0.0,0.00484063499179641,0.028439374694355535,0.1914045228701718,0.0,0.0,0.0,0.0,0.0,0.0,0.0,0.3450108417214933,0.0,0.0,0.29547501564994977,0.0,0.0,0.0,0.0,0.0,0.0,0.0,0.0,0.0,0.0,0.0,0.0,0.0,0.008113970538126316,0.0,0.026811027327171687,0.0,0.0,0.0,0.0,0.0,0.0,0.0,0.0,0.07023013366088687,0.01094862596231435,0.12944337770077569,0.0,0.0,0.0,0.0761235586856084,0.0,0.0,0.0,0.0,0.0,0.0,0.0,0.0,0.11010675103262198,0.0,0.0,0.0
F053,0.10369757484217693,0.0,0.0,0.0,0.150511974627254,0.0,0.0,0.0,0.09062973652148018,0.0,0.0,0.0,0.0,0.0,0.0,0.0,0.0,0.0,0.0,0.005140463273215323,0.0,0.0,0.0,0.0,0.0,0.0,0.0,0.0,0.0,0.0,0.0,0.0,0.0,0.14008692196218772,0.2340740788351585,0.0,0.0,0.0,0.0,0.0,0.01888814907726267,0.0,0.0,0.07625896590637012,0.0,0.0,0.0,0.2743616491966269,0.0,0.0,0.0,0.11322615185153415,0.0,0.0,0.0,0.0,0.0,0.0,0.0,0.0,0.0,0.0,0.0,0.0
F054,0.04645261407339979,0.0,0.0,0.0,0.0,0.0,0.0,0.0,0.0,0.0,0.046459388829691944,0.0,0.0,0.0,0.0,0.0,0.0,0.0,0.0,0.03562478438152535,0.0,0.02044927192804171,0.0,0.0,0.0,0.0,0.0,0.0,0.010244891768941678,0.030885957575436284,0.0,0.0,0.0,0.0,0.0,0.0,0.0,0.0,0.0,0.0,0.0027442748453333304,0.04972378723654759,0.0292285745996889,0.0,0.0,0.0,0.0,0.0,0.0,0.0,0.0,0.0,0.0,0.0,0.0,0.0,0.0,0.008382647504915304,0.005926241926028954,0.0,0.0,0.060250745826614036,0.0,0.0
F055,0.0,0.0,0.0,0.0,0.0,0.0,0.0,0.0,0.0,0.0,0.0,0.0,0.0,0.0,0.0,0.0,0.0,0.0,0.0,0.0,0.0,0.0,0.0,0.0,0.0,0.0,0.0,0.0,0.0,0.0,0.0,0.0,0.0,0.0,0.0,0.0,0.0,0.0,0.0,0.0,0.0,0.0,0.0,0.0,0.0,0.0,0.0,0.0,0.0,0.0,0.0,0.0,0.0,0.0,0.0,0.0,0.0,0.0,0.0,0.0,0.0,0.0,0.0,0.0
F056,0.0,0.0,0.0,0.0,0.0,0.0,0.0,0.0,0.0,0.0,0.0,0.0,0.0,0.0,0.0,0.0,0.0,0.0,0.0,0.0,0.0,0.0,0.33447253499843604,0.0,0.0,0.0,0.0,0.0,0.0,0.0,0.0,0.0,0.0,0.0,0.0,0.0,0.0,0.0,0.0,0.0,0.0,0.0,0.0,0.0,0.0,0.0,0.0,0.0,0.0,0.0,0.0,0.0,0.0,0.0,0.0,0.0,0.0,0.0,0.0,0.0,0.0,0.0,0.0,0.0
F057,0.0,0.18342166932850001,0.0,0.0,0.0,0.0,0.0,0.22399358627028298,0.0,0.0,0.0,0.21044005358231962,0.0,0.04232488629876537,0.0,0.0,0.0,0.0,0.05374021992416427,0.0,0.13103096270438203,0.0,0.0,0.0,0.0,0.0,0.0,0.15589155742736738,0.0,0.17243907512559928,0.0,0.0,0.0,0.0,0.0029923946956576914,0.0,0.019055980909513364,0.0,0.0,0.0,0.0,0.0,0.0,0.0,0.0,0.0,0.048497868691975164,0.0,0.0,0.0,0.0,0.0,0.0,0.0,0.008382647504915304,0.0,0.0,0.0,0.21891241095525965,0.0,0.0,0.0,0.0,0.0
F058,0.0,0.0,0.0,0.0,0.0,0.0,0.0,0.19486503632045152,0.05951043374037928,0.24931307749188292,0.0,0.2815225641366005,0.04072201475534786,0.0011069722636559297,0.0,0.0,0.0,0.1596606080958427,0.0003201012495721578,0.0,0.0,0.0,0.0,0.0,0.15158652610751494,0.0,0.0,0.2084307022885848,0.0,0.10571556022882331,0.0,0.0,0.0,0.0,0.0,0.0,0.09647803661433661,0.0,0.0,0.0,0.0,0.0,0.0,0.0,0.0,0.021989755479391672,0.047073433718163964,0.0,0.0,0.0,0.0,0.0,0.0,0.0,0.005926241926028954,0.0,0.0,0.21891241095525965,0.0,0.0,0.0,0.10760221918868647,0.0,0.0
F059,0.0,0.0,0.0,0.0,0.0,0.0,0.0,0.0,0.0,0.0,0.0,0.0,0.0,0.0,0.0,0.0,0.0,0.0,0.0,0.0,0.0,0.0,0.0,0.0,0.0,0.0,0.0,0.0,0.0,0.0,0.0,0.0,0.0,0.0,0.0,0.0,0.0,0.0,0.0,0.0,0.0,0.0,0.0,0.0,0.0,0.0,0.0,0.0,0.0,0.0,0.0,0.0,0.0,0.0,0.0,0.0,0.0,0.0,0.0,0.0,0.0,0.0,0.0,0.0
F060,0.0,0.0,0.5260421441462523,0.0,0.0,0.0,0.0,0.0,0.0,0.0,0.27486760817796857,0.0,0.0,0.0,0.0,0.0,0.0,0.0,0.0,0.0,0.0,0.03784511201424199,0.38854288348454113,0.0,0.0,0.0,0.0,0.0,0.04787822613182148,0.0,0.0,0.0,0.0,0.3830056243293736,0.0,0.21598666146933315,0.0,0.0,0.0,0.0,0.0,0.14357252714634913,0.0,0.0,0.0,0.2550795555317151,0.0,0.0,0.0,0.0,0.0,0.600088665222802,0.11010675103262198,0.0,0.0,0.0,0.0,0.0,0.0,0.0,0.0,0.0,0.0,0.0
F061,0.0,0.0,0.0,0.0,0.0,0.0,0.0,0.0,0.0,0.0,0.0,0.0,0.0,0.07522727794040444,0.0,0.0,0.0,0.0,0.0,0.0,0.0,0.0,0.0,0.0,0.0,0.0,0.0,0.0,0.0,0.4505232026141741,0.0,0.0,0.0,0.0,0.0,0.0,0.0,0.0,0.0,0.0,0.0,0.0,0.0,0.0,0.0,0.0,0.0,0.0,0.0,0.0,0.0,0.0,0.0,0.0,0.060250745826614036,0.0,0.0,0.0,0.10760221918868647,0.0,0.0,0.0,0.0,0.0
F062,0.0,0.0,0.0,0.0,0.0,0.0,0.0,0.0,0.0,0.0,0.4991051352899063,0.0,0.0,0.0,0.0,0.0,0.0,0.0,0.0,0.0,0.0,0.0,0.0,0.0,0.0,0.0,0.0,0.0,0.031632087817119424,0.0,0.0,0.0,0.0,0.0,0.0,0.0,0.0,0.0,0.0,0.0,0.0,0.0,0.0,0.0,0.0,0.0,0.0,0.0,0.0,0.0,0.0,0.0,0.0,0.0,0.0,0.0,0.0,0.0,0.0,0.0,0.0,0.0,0.0,0.0
F063,0.0,0.0,0.0,0.0,0.0,0.0,0.0,0.0,0.0,0.0,0.0,0.0,0.0,0.0,0.0,0.0,0.0,0.0,0.0,0.0,0.0,0.0,0.0,0.0,0.0,0.0,0.0,0.0,0.0,0.0,0.0,0.0,0.0,0.0,0.0,0.0,0.0,0.0,0.0,0.0,0.0,0.0,0.0,0.0,0.0,0.0,0.0,0.0,0.0,0.0,0.0,0.0,0.0,0.0,0.0,0.0,0.0,0.0,0.0,0.0,0.0,0.0,0.0,0.0
