element_a,element_b,name_a,name_b,parent_a,parent_b,same_coarse_family,centroid_distance_raw,visual_distance,visual_similarity,cophenetic_distance_raw,cophenetic_distance_percentile,fused_mean_similarity,fused_distance_percentile,stability_a,stability_b,pair_stability,images,support_a,support_b,observed,expected,pearson_residual,adjusted_residual,log_lift,p_value_upper,q_value_bh,passes_support,significant_positive,unexpected_score,unexpected_score_adjusted,visual_bridge_index,unexpected_score_cophenetic,visual_bridge_index_cophenetic,unexpected_score_fused,visual_bridge_index_fused
F011,F058,road_edge,shaded alley,C010,C031,False,0.07257766129986425,0.9101736972704715,0.08982630272952852,0.2774387001991272,0.45186104218362283,0.03856658935546875,0.24813895781637718,0.384821442887187,0.875,0.5802747302151703,378818,60886,169922,36598,27310.927389933953,56.19667459933433,82.60540557113706,0.2927020556406912,0.0,0.0,True,True,51.14873509438172,75.18526740320861,0.26640971218115517,25.393087951709134,0.13226065591109148,13.944584267824895,0.07263078303739236
F027,F029,car_top_heat,electric_bike_parking,C020,C022,False,0.06957906803803648,0.7429280397022332,0.2570719602977668,0.2774387001991272,0.45186104218362283,0.04002046585083008,0.21935483870967742,0.9444444179534912,0.39830395206809044,0.6133318385503258,378818,94699,125824,42705,31454.173180788664,63.43738947912743,89.63344469698919,0.3057801546484355,0.0,0.0,True,True,47.129415409555214,66.59119936049271,0.22717265087280789,28.664884923446913,0.1381701393585114,13.915298337356985,0.06707435650352779
F027,F058,car_top_heat,shaded alley,C020,C031,False,0.0746351482948661,0.9573200992555831,0.042679900744416854,0.27199676632881165,0.16997518610421836,0.03942044576009115,0.23225806451612904,0.9444444179534912,0.875,0.9090593301370955,378818,94699,169922,51949,42478.03292874151,45.952815769480324,71.45406832369048,0.20127325209829142,0.0,0.0,True,True,43.99155415351243,68.4044157798506,0.19268292967623035,7.810838412430278,0.03421145848320834,10.672912049685753,0.046747335971216074
F029,F058,electric_bike_parking,shaded alley,C022,C031,False,0.0734054572987159,0.9310173697270472,0.06898263027295282,0.2774387001991272,0.45186104218362283,0.03687477111816406,0.27890818858560795,0.39830395206809044,0.875,0.5903524015870344,378818,125824,169922,65823,56439.41345976168,39.49822848692038,65.08598452023561,0.15380032375857905,0.0,0.0,True,True,36.77353679477054,60.59618211412507,0.14319077288888055,17.847710688506705,0.06949637458173014,11.016379359627422,0.04289616970338533
F057,F058,streetlight illumination,shaded alley,C027,C031,False,0.07001280366735738,0.7722084367245657,0.22779156327543426,0.2803388833999634,0.7880893300248138,0.0256591796875,0.5533498759305211,0.2642857193946838,0.875,0.4808846061898305,378818,119269,169922,64002,53499.11307804803,45.40831626519763,73.87384268380217,0.179247723406962,0.0,0.0,True,True,35.06468491744293,57.04600457369537,0.13841660427852748,35.78580954299446,0.14126321824826582,25.12668617156097,0.09918670550807078
F033,F035,zebra_crossing,small alley entrance,C023,C010,False,0.0712110075984103,0.8446650124069479,0.1553349875930521,0.2721763849258423,0.21861042183622828,0.007450648716517857,0.9548387096774194,1.0,0.3212707968694823,0.5668075483525976,378818,44394,65633,10875,7691.586466324198,36.29820047848685,42.48796526532193,0.34632048419419004,0.0,0.0,True,True,30.659819957510976,35.88809770797912,0.2925247960786657,7.935164918497993,0.07570926714021871,34.65892690849067,0.3306802042628395
F034,F060,red_door_street,street_corner_shop,C018,C031,False,0.07271677699324601,0.913151364764268,0.08684863523573205,0.2774387001991272,0.45186104218362283,0.017189449734157987,0.7945409429280397,0.8333333730697632,0.3880471537510554,0.5686586353388894,378818,15775,35651,2766,1484.603490330449,33.2566345490573,35.692464726710924,0.6220985230714169,6.993280574165621e-231,6.129762451094736e-229,True,True,30.36834122593818,32.59262287699657,0.5680701153604998,15.02737754685691,0.28110208697594297,26.42375777322121,0.4942827471153044
F009,F058,highlighted road,shaded alley,C009,C031,False,0.07065126806893617,0.8138957816377171,0.18610421836228286,0.27199676632881165,0.16997518610421836,0.03656811184353299,0.2863523573200993,1.0,0.875,0.9354143466934853,378818,31159,169922,18066,13976.63151698177,34.590352499178316,48.62316459251789,0.2566368636555506,0.0,0.0,True,True,28.152941984442897,39.57418855172672,0.2088756607419866,5.8795016034583485,0.04362189866105513,9.905028978672899,0.07348857088300383
F002,F062,shaded patches,shaded alley,C002,C005,False,0.06910604134690447,0.7141439205955334,0.28585607940446656,0.2803388833999634,0.7880893300248138,0.03584834507533482,0.29379652605459056,0.5684704088738987,0.5,0.5331371347382861,378818,15998,6655,857,281.0497125268599,34.35527479716765,35.41695778944395,1.1137121483776025,9.940469973026248e-184,6.910340505386523e-182,True,True,24.534610636786226,25.29280509132002,0.7953507600572555,27.07502549771823,0.8777046608554008,10.093460387058684,0.3272047602181343
F051,F060,zebra_crossing,street_corner_shop,C020,C031,False,0.06781521723880911,0.6213399503722085,0.37866004962779154,0.27199676632881165,0.16997518610421836,0.043046061197916666,0.1890818858560794,0.8715151250362396,0.3880471537510554,0.5815401651832038,378818,19455,35651,3513,1830.9325454439863,39.31037943047347,42.405074471103575,0.6515142193160464,0.0,0.0,True,True,24.425109204443068,26.347966867405297,0.40481181269662037,6.681789059522165,0.11074125067778952,7.432880676431956,0.12318953725032937
F020,F034,advertising_wall,red_door_street,C013,C018,False,0.06895441570792958,0.7022332506203474,0.29776674937965264,0.2721763849258423,0.21861042183622828,0.007709503173828125,0.9533498759305211,0.6375811781202044,0.8333333730697632,0.728915409199657,378818,8894,15775,986,370.3700721718609,31.98908228753202,33.06713183101893,0.9783115339723516,7.121363421793329e-170,4.101905330952958e-168,True,True,22.46379723913539,23.220839474387983,0.6870028886207828,6.993146773031193,0.21386909712894336,30.496787629949882,0.9326731795339392
F054,F058,highlighted_lane,shaded alley,C023,C031,False,0.07924294731179117,0.9965260545905708,0.0034739454094292466,0.2774387001991272,0.45186104218362283,0.013457121672453705,0.869727047146402,0.8999999761581421,0.875,0.8874119557107478,378818,245062,169922,117225,109924.62122708002,22.0190158831333,49.90065428439916,0.06430001238577407,0.0,0.0,True,True,21.942523023985938,49.727302135520354,0.06407663765292027,9.949535464810356,0.029054670609055727,19.15053366510725,0.055923459903756356
F010,F035,green_wall,small alley entrance,C004,C010,False,0.06594821428460625,0.47692307692307695,0.523076923076923,0.2774387001991272,0.45186104218362283,0.028399182604504872,0.47245657568238214,0.6875132593241605,0.3212707968694823,0.4699765235428341,378818,122045,65633,27711,21145.192374702365,45.15255534927358,60.316650042983355,0.2704112749702284,0.0,0.0,True,True,21.534295628115093,28.76640232819206,0.12896537729349353,20.402680717376473,0.1221883205262496,21.33262168362702,0.12775758499834114
F010,F054,green_wall,highlighted_lane,C004,C023,False,0.0735582746904595,0.9364764267990074,0.06352357320099256,0.2774387001991272,0.45186104218362283,0.017005072699652776,0.8009925558312655,0.6875132593241605,0.8999999761581421,0.7866142110336878,378818,122045,245062,85147,78952.4040304315,22.046025550715644,45.06392611061736,0.07553352354013367,0.0,0.0,True,True,20.645583232853806,42.201304501605435,0.07073536422840308,9.961740081353149,0.034130656666646005,17.658702351789106,0.06050179007135272
F012,F058,bamboo,shaded alley,C011,C031,False,0.07240584885035092,0.9052109181141439,0.09478908188585611,0.2803388833999634,0.7880893300248138,0.024729410807291668,0.5821339950372209,0.27633877843618393,0.875,0.49172800523425647,378818,27187,169922,14654,12194.95750993881,22.267726950129692,31.124134328142112,0.18368390837806114,1.5284139466688062e-211,1.2838677152017973e-209,True,True,20.156989556841964,28.173906210685466,0.166272679345699,17.5489580133032,0.1447593282900055,12.962800849876988,0.10692864740817158
F045,F062,underpass glow,shaded alley,C027,C005,False,0.0731698555133848,0.9250620347394541,0.07493796526054586,0.26061704754829407,0.10198511166253102,0.03799247741699219,0.25806451612903225,0.7119318172335625,0.5,0.5966287862790239,378818,85507,6655,2264,1502.1701318311168,19.6561489413107,22.53708256155647,0.41011037049731025,1.5163540949885098e-102,5.181304839825146e-101,True,True,18.183157134790644,20.848199451484497,0.3793775337999932,2.0046345446349125,0.04182515192913015,5.072554565499535,0.10583493432188651
F041,F062,concrete_wall,shaded alley,C011,C005,False,0.07275428745003147,0.9141439205955335,0.08585607940446649,0.26061704754829407,0.10198511166253102,0.0092926025390625,0.9292803970223326,0.511904776096344,0.5,0.505917372747934,378818,8967,6655,395,157.53048957546895,18.920192273238033,19.31859703058469,0.9173628008008037,4.149740431618266e-60,8.71445490639836e-59,True,True,17.295778743079136,17.65997802994392,0.8386016273325461,1.9295779216627373,0.09355734767472217,17.58216378741351,0.8524872677416898
F045,F060,underpass glow,street_corner_shop,C027,C031,False,0.06874362739060604,0.68287841191067,0.31712158808933,0.2803388833999634,0.7880893300248138,0.044064839680989586,0.1761786600496278,0.7119318172335625,0.3880471537510554,0.5256073775569561,378818,85507,35651,10255,8047.162640106859,24.61193098140485,29.387239191926387,0.24243245303682973,1.2690324683377461e-180,8.527898187229654e-179,True,True,16.806956342636763,20.067911229821693,0.16555188852539837,19.396400197752307,0.1910584294900673,4.336097021537827,0.04271142472857298
F007,F034,roof_and_eaves,red_door_street,C007,C018,False,0.07045241917670522,0.7995037220843673,0.20049627791563274,0.2803388833999634,0.7880893300248138,0.019512176513671875,0.7270471464019851,0.7774307294325395,0.8333333730697632,0.8048968704660893,378818,116971,15775,6248,4870.986925119714,19.730113429177685,24.241348812199703,0.24894222101771063,9.72254817130231e-125,3.843266100655972e-123,True,True,15.774299123774318,19.381048603699117,0.19903023228760885,15.549091873714223,0.1961887081767367,14.344722666871121,0.1809927314098988
F010,F062,green_wall,shaded alley,C004,C005,False,0.06947078249530134,0.7364764267990075,0.2635235732009925,0.2803388833999634,0.7880893300248138,0.02992040460759943,0.43722084367245656,0.6875132593241605,0.5,0.5863076237454876,378818,122045,6655,3106,2144.062518148557,20.774382564896623,25.457566334095038,0.3705611131862232,3.684500331810893e-135,1.6147723193327742e-133,True,True,15.299843040350666,18.74889748873302,0.27290952455005224,16.372069237248553,0.29203525942417985,9.082993071798473,0.16201704253948518
F010,F041,green_wall,concrete_wall,C004,C011,False,0.06661057490967695,0.5275434243176179,0.4724565756823821,0.2803388833999634,0.7880893300248138,0.02899609190044981,0.45707196029776676,0.6875132593241605,0.511904776096344,0.5932464252548025,378818,122045,8967,4357,2888.926912131947,27.313628622769826,33.57541253741707,0.41084031625216666,2.5663250416457713e-232,2.3516869472535795e-230,True,True,14.409125174195696,17.712488102865684,0.2167361072834011,21.52557928186525,0.3237788695823527,12.484293777454596,0.18778358871873227
F035,F062,small alley entrance,shaded alley,C010,C005,False,0.07167492295770639,0.8704714640198511,0.1295285359801489,0.2803388833999634,0.7880893300248138,0.03135463169642857,0.3935483870967742,0.3212707968694823,0.5,0.4007934610678437,378818,65633,6655,1701,1153.0276148440676,16.13759524782328,17.906131872395143,0.38868547656683783,5.101572823333918e-65,1.1959035827722299e-63,True,True,14.047316161132523,15.586776825896317,0.33833961583038885,12.71786662706867,0.3063188768179347,6.35092458140142,0.15296654239082005
F010,F021,green_wall,road_and_building,C004,C017,False,0.06842057626006787,0.6605459057071961,0.33945409429280393,0.2774387001991272,0.45186104218362283,0.009594233349116162,0.9250620347394541,0.6875132593241605,0.7211538553237915,0.7041326846183494,378818,122045,169116,59359,54484.63964225565,20.882408717729046,34.09060129570653,0.08568417826887006,2.0476582635549467e-254,1.9657519330127487e-252,True,True,13.79378957980018,22.51840710897538,0.05659833313938763,9.435946966497417,0.03871734209121896,19.317523498683347,0.07926318029437907
F039,F051,red car corner,zebra_crossing,C017,C020,False,0.07228508627491413,0.896774193548387,0.10322580645161294,0.2774387001991272,0.45186104218362283,0.0271514892578125,0.5066997518610422,0.30280448123812675,0.8715151250362396,0.5137107019790221,378818,1373,19455,199,70.51332038076332,15.301095415814462,15.738344179551987,1.0329467658886784,5.5453470401429565e-39,8.342850472334478e-38,True,True,13.721627501923937,14.113740909404685,0.9263200029582341,6.9139689211409765,0.4667484021546609,7.7530612503953185,0.5233938699614594
F033,F060,zebra_crossing,street_corner_shop,C023,C031,False,0.0672045963304875,0.5766749379652606,0.4233250620347394,0.2774387001991272,0.45186104218362283,0.014984130859375,0.8409429280397023,1.0,0.3880471537510554,0.6229343093385172,378818,44394,35651,5698,4177.9706719321675,23.516315273391655,26.296492806316643,0.3102576706818106,1.1732652637702628e-140,5.3756881176382954e-139,True,True,13.561269651454642,15.16452835778657,0.17891782299367937,10.6261067277534,0.14019335441974617,19.77587902271075,0.2609089940299395
F010,F042,green_wall,Red-yellow glow street,C004,C025,False,0.06749795975337729,0.6009925558312655,0.39900744416873446,0.2774387001991272,0.45186104218362283,0.02142091230912642,0.6689826302729529,0.6875132593241605,0.9285714626312256,0.7990026237685312,378818,122045,66510,24725,21427.73825425402,22.525023754680817,30.13207634432322,0.1431255029659643,5.574059449641889e-196,4.0133228037421604e-194,True,True,13.537371596485594,18.109153574677627,0.08601736183215027,10.178180709000936,0.06467283893325583,15.068849638367118,0.09574847543331012
F006,F062,small alley entrance,shaded alley,C006,C005,False,0.06893013260604684,0.6997518610421837,0.3002481389578163,0.2803388833999634,0.7880893300248138,0.023978339301215276,0.6034739454094293,0.8267045550876193,0.5,0.6429247837374211,378818,5123,6655,272,89.99985481154539,19.184515250179746,19.48747733836517,1.1022903676910214,2.4258728849748223e-56,4.890559736109242e-55,True,True,13.424400249505432,13.636398534538408,0.7713297362006651,15.11911177036498,0.8687032773664227,11.577355108793338,0.6652035171773112
F012,F027,bamboo,car_top_heat,C011,C020,False,0.06774746156922588,0.6193548387096774,0.38064516129032255,0.2803388833999634,0.7880893300248138,0.020684242248535156,0.6903225806451613,0.27633877843618393,0.9444444179534912,0.5108684926261753,378818,27187,94699,8532,6796.355276148441,21.053426853774845,25.232432074866882,0.2274223559739229,2.0386017343732518e-134,8.74430020531165e-133,True,True,13.03954179330571,15.62782889798207,0.14085513660320387,16.591981063917842,0.17922913215215364,14.533655957121988,0.15699478767232097
F028,F062,red_car_street,shaded alley,C021,C005,False,0.06752934046669208,0.6024813895781638,0.3975186104218362,0.24508796632289886,0.05905707196029777,0.05081780751546224,0.1359801488833747,0.6187312696129084,0.5,0.5562064677855285,378818,158116,6655,3897,2777.7507404611183,21.236364929228518,28.06987521805159,0.3385138223455172,1.9070003725867362e-170,1.1307390444514296e-168,True,True,12.794514652150582,16.911577426657384,0.20394827807814286,1.2541575318005924,0.019991635165814665,2.887724064818171,0.04603115996162368
F004,F008,highlighted_buildings,stone_wall_and_retaining_wall,C004,C008,False,0.07549851899922186,0.9667493796526054,0.033250620347394566,0.2803388833999634,0.7880893300248138,0.004315185546875,0.9751861042183623,0.7429166615009308,0.44401784539222716,0.5743415842037122,378818,36706,58622,6645,5680.245215380473,12.800690548764408,14.6511369329493,0.15685750986121494,4.3105692238935664e-47,7.241756296141191e-46,True,True,12.37505964714296,14.163977541134111,0.15164190035218197,10.088087638430709,0.12361772985588551,12.483055547554372,0.15296526395895155
F020,F060,advertising_wall,street_corner_shop,C013,C031,False,0.06703480884449325,0.5632754342431762,0.43672456575682383,0.2774387001991272,0.45186104218362283,0.015072595505487351,0.8387096774193549,0.6375811781202044,0.3880471537510554,0.49740482652944773,378818,8894,35651,1464,837.0246239619025,21.671120518877242,23.041056438416703,0.5588185012552342,4.0519320810934046e-99,1.317531463787791e-97,True,True,12.206809820806784,12.978461070770699,0.31476873395766297,9.792335102946764,0.25250831036868027,18.175778499703494,0.4686864849237449
F001,F007,shaded_corner,roof_and_eaves,C001,C007,False,0.06776394923623884,0.6198511166253102,0.38014888337468977,0.2803388833999634,0.7880893300248138,0.020014537464488637,0.7121588089330024,0.3675737664103508,0.7774307294325395,0.5345681821252224,378818,77047,116971,26809,23790.486822167903,19.570026405987452,26.37296102838704,0.11944949831673475,3.928779222287297e-151,1.980104728032798e-149,True,True,12.130502720138129,16.347309342161495,0.07404090491196115,15.422928998862567,0.09413687510023562,13.93696669607543,0.0850670124488905
F013,F029,tree-lined_driveway,electric_bike_parking,C012,C022,False,0.0667504627122098,0.5379652605459057,0.46203473945409435,0.2774387001991272,0.45186104218362283,0.01561338251287287,0.826302729528536,0.5153925527225841,0.39830395206809044,0.45308154963082187,378818,210391,125824,75837,69881.14921677428,22.530134752700953,41.3459386160517,0.08178980758308044,0.0,0.0,True,True,12.120429812371132,22.242678640099275,0.04400007514643136,10.180490169892911,0.0369576276944887,18.616711842802523,0.06758314125351311
F022,F060,tree_canopy_and_road,street_corner_shop,C005,C031,False,0.06891899362307824,0.6987593052109181,0.3012406947890819,0.2803388833999634,0.7880893300248138,0.008662188494646991,0.939454094292804,0.5876411199569702,0.3880471537510554,0.4775274484533688,378818,107423,35651,11828,10109.702741158024,17.089490075984816,21.21316439924725,0.15696678731200892,2.049924802003426e-97,6.457263126310792e-96,True,True,11.94144021190403,14.822896016942993,0.1096820032433293,13.46804478444858,0.12370385024886855,16.054791421260177,0.14746309100825453
F010,F030,green_wall,stone_wall_and_shadows,C004,C012,False,0.06496671255355624,0.4,0.6,0.2571783661842346,0.07841191066997519,0.052318781072443185,0.12903225806451613,0.6875132593241605,0.38914142847061156,0.5172425850854605,378818,122045,10570,5140,3405.370520936175,29.725182974871196,36.61927099451809,0.4116497844750428,5.736927661355884e-276,5.782823082646731e-274,True,True,11.89007318994848,14.647708397807236,0.16465991379001713,2.3308083920742675,0.032278246127571596,3.835507480628541,0.053116101222586164
F030,F062,stone_wall_and_shadows,shaded alley,C012,C005,False,0.06765296571537055,0.6119106699751861,0.38808933002481394,0.2803388833999634,0.7880893300248138,0.0147491455078125,0.8466501240694789,0.38914142847061156,0.5,0.44110170509226754,378818,10570,6655,450,185.69167779778152,19.396109074850745,19.84759347518362,0.8835814081678549,2.599971001143013e-64,5.759935756378367e-63,True,True,11.868686098903705,12.14495422079474,0.5406728914496104,15.285866605887335,0.6963410799853864,16.42171815468753,0.7480843088507992
F008,F017,stone_wall_and_retaining_wall,building facade,C008,C011,False,0.0699976052347594,0.771712158808933,0.22828784119106704,0.26061704754829407,0.10198511166253102,0.020772647857666016,0.6893300248138958,0.44401784539222716,0.43739699572324753,0.4406949870625596,378818,58622,30807,5825,4767.376296796879,15.317625918165643,17.382692834181913,0.20034384771511538,1.1080913783450609e-64,2.5677151939582103e-63,True,True,11.820798165135272,13.414435412979094,0.15460778322431978,1.5621697896690023,0.020432089680127153,10.558899454259096,0.13810302951677184
F022,F033,tree_canopy_and_road,zebra_crossing,C005,C023,False,0.06585471785704393,0.47146401985111663,0.5285359801488834,0.2803388833999634,0.7880893300248138,0.020782470703125,0.6880893300248139,0.5876411199569702,1.0,0.7665775368199685,378818,107423,44394,15377,12588.991711059136,24.848408998416076,31.24488861378226,0.20004292729286535,2.2154989336758305e-207,1.7865783401161898e-205,True,True,11.715130793297902,14.730840785654166,0.09431304264427895,19.582765999744282,0.1576516965464368,17.097925099902675,0.13764740381715027
F000,F029,red brick corner,electric_bike_parking,C000,C022,False,0.06942639216863843,0.7320099255583127,0.2679900744416873,0.2803388833999634,0.7880893300248138,0.018284267849392362,0.7652605459057072,0.4043114334344864,0.39830395206809044,0.4012964512717134,378818,8223,125824,3551,2731.260795421548,15.685346628771889,19.40525104691826,0.2624236681611776,7.364131998675238e-81,2.090998606947786e-79,True,True,11.481829418083642,14.204836374295004,0.192096729795403,12.361454315875811,0.20681329282379654,12.003376923854221,0.20082247955560095
F004,F051,highlighted_buildings,zebra_crossing,C004,C020,False,0.06760262868578054,0.607940446650124,0.39205955334987597,0.27199676632881165,0.16997518610421836,0.0240301513671875,0.5995037220843672,0.7429166615009308,0.8715151250362396,0.8046509225369032,378818,36706,19455,2699,1885.1143029106327,18.745393960161703,20.25227294164047,0.35881291272862076,1.7815455869312995e-82,5.130851290362143e-81,True,True,11.396083176773242,12.31217585782113,0.21813688242806967,3.186251826975376,0.06098929161764397,11.237933451054756,0.21510967671274137
F025,F045,shaded alley,underpass glow,C019,C027,False,0.06934395639591293,0.7275434243176179,0.27245657568238213,0.27533864974975586,0.31042183622828784,0.022931289672851563,0.6337468982630273,0.7079328984022141,0.7119318172335625,0.7099295421652146,378818,17421,85507,4899,3932.2773653839045,15.416288015809693,17.93714844262778,0.21978727406451934,8.730563332119427e-69,2.2858202178639958e-67,True,True,11.216018973288838,13.050054400442841,0.15990478599433516,4.785552433691793,0.06822676919471804,9.770024712748873,0.13928950321607503
F012,F038,bamboo,red-yellow hotspot,C011,C000,False,0.06788523217069872,0.6258064516129033,0.37419354838709673,0.27533864974975586,0.31042183622828784,0.025630950927734375,0.5543424317617865,0.27633877843618393,0.5312499850988388,0.38315136946963146,378818,27187,4115,603,295.32520893938516,17.903653099671356,18.68463098232989,0.7129772709733394,6.712513371830301e-62,1.4396198891074347e-60,True,True,11.204221617213689,11.692962614748383,0.446185776028477,5.55768487039426,0.22132371364457756,9.924754596691267,0.3952335541822432
F002,F041,shaded patches,concrete_wall,C002,C011,False,0.06596245912414093,0.4794044665012407,0.5205955334987593,0.2803388833999634,0.7880893300248138,0.04282451811290923,0.19205955334987593,0.5684704088738987,0.511904776096344,0.53944667704231,378818,15998,8967,832,378.68862092086437,23.294612648380575,24.089429712060944,0.7863994600440682,3.68325326272901e-98,1.1786410440732831e-96,True,True,11.167541349049943,11.548580199429713,0.3770034135992903,18.3582356752498,0.6197530235980051,4.473952900706344,0.15103552905064735
F010,F019,green_wall,road_and_building,C004,C016,False,0.07142829544548171,0.8590570719602978,0.1409429280397022,0.2774387001991272,0.45186104218362283,0.019512060916785038,0.7275434243176179,0.6875132593241605,0.45704154421885806,0.5605551906034361,378818,122045,13367,5154,4306.488907602067,12.914682227109235,15.970720281584992,0.1796310889205031,4.7079271257982035e-56,9.397208995652651e-55,True,True,11.094449099318158,13.719760202195346,0.1543133572810873,5.835641770611891,0.08116829104819756,9.395992131484933,0.13068941754712535
F017,F020,building facade,advertising_wall,C011,C013,False,0.0648635505942838,0.3930521091811414,0.6069478908188586,0.2803388833999634,0.7880893300248138,0.030448096139090403,0.4228287841191067,0.43739699572324753,0.6375811781202044,0.5280872009805446,378818,30807,8894,1481,723.2957726401596,28.17356123949796,29.745347060703082,0.7163010964092409,1.3579909075170022e-154,7.604749082095213e-153,True,True,11.073677668328726,11.691471400534413,0.28154365675241627,22.203283001649012,0.5645092511651982,11.912592643202116,0.30287272165790236
F040,F062,cobblestone,shaded alley,C013,C005,False,0.06826645200047643,0.6521091811414392,0.34789081885856077,0.2803388833999634,0.7880893300248138,0.02315700054168701,0.6292803970223325,0.45202021673321724,0.5,0.47540520439579603,378818,77947,6655,1996,1369.3575410883327,16.93407148589619,19.17055387643995,0.37668889769493596,5.344624016141907e-75,1.496494724519734e-73,True,True,11.042863490058359,12.5012941903931,0.24564228862091605,13.345561051912233,0.29686450101218775,10.656279227849314,0.2370429390953741
F008,F051,stone_wall_and_retaining_wall,zebra_crossing,C008,C020,False,0.06523968008659711,0.41935483870967744,0.5806451612903225,0.2803388833999634,0.7880893300248138,0.037048873901367185,0.27543424317617865,0.44401784539222716,0.8715151250362396,0.622067735898052,378818,58622,19455,4454,3010.656858966575,26.305039787476442,29.376115390987383,0.39159047772980865,2.8838590881383722e-171,1.761775733844533e-169,True,True,11.031145717328831,12.319016131704387,0.16421536162862943,20.730721182388383,0.3086082772381817,7.2453087255828414,0.10785742686850809
F019,F041,road_and_building,concrete_wall,C016,C011,False,0.0695694424934682,0.7424317617866005,0.25756823821339947,0.2803388833999634,0.7880893300248138,0.012390984429253472,0.8878411910669975,0.45704154421885806,0.511904776096344,0.4836959265489858,378818,13367,8967,576,316.41022601882696,14.593596184167279,15.037110201223902,0.5983568046189308,3.664189446404355e-42,5.682312249193214e-41,True,True,10.834749325813524,11.164028218873925,0.44423909663023353,11.50105743943307,0.47155861326792164,12.956795818101867,0.5312458180959143
F035,F041,small alley entrance,concrete_wall,C010,C011,False,0.06739233953590185,0.5905707196029777,0.4094292803970223,0.2803388833999634,0.7880893300248138,0.018159412202380952,0.7697270471464019,0.3212707968694823,0.511904776096344,0.4055367496759897,378818,65633,8967,2276,1553.5985908800533,18.327750966177646,20.399772935376184,0.38174348256492724,5.531703404693674e-84,1.616219429545282e-82,True,True,10.823833076799703,12.047508582182461,0.22544652320211583,14.443904979796576,0.3008479654159327,14.107365632030534,0.2938382836020854
F000,F042,red brick corner,Red-yellow glow street,C000,C025,False,0.06946149093740844,0.7349875930521091,0.26501240694789086,0.2803388833999634,0.7880893300248138,0.018117975305627892,0.771712158808933,0.4043114334344864,0.9285714626312256,0.6127251089214383,378818,8223,66510,2000,1443.7321616185081,14.639985127686707,16.301566381000466,0.3258193450235946,3.360569592819816e-55,6.391422923702594e-54,True,True,10.760207431317127,11.981449037350714,0.2394731761687065,11.537616070851856,0.2567747493287683,11.29785452781778,0.25143875012987077
F008,F039,stone_wall_and_retaining_wall,red car corner,C008,C017,False,0.07146887322542418,0.8610421836228288,0.1389578163771712,0.2803388833999634,0.7880893300248138,0.02698040008544922,0.5141439205955335,0.44401784539222716,0.30280448123812675,0.36667505142082424,378818,58622,1373,394,212.47144011108236,12.453593379903642,13.57031490332011,0.6164610675520938,1.3988079053388048e-35,1.9999976859312273e-34,True,True,10.723069237783037,11.684613576804164,0.5307989837235151,9.814544063169718,0.48582638971351116,6.40293932584624,0.3169497101657415
F001,F054,shaded_corner,highlighted_lane,C001,C023,False,0.07187811425617949,0.8769230769230769,0.12307692307692308,0.2721763849258423,0.21861042183622828,0.021104261610243057,0.6774193548387096,0.3675737664103508,0.8999999761581421,0.5751663941901284,378818,77047,245062,52552,49842.647165657385,12.135705148901181,22.882299334577837,0.052931652066691016,1.542035687998866e-117,5.865554616991913e-116,True,True,10.642079899805651,20.066016339552874,0.04641698719694443,2.6529916218813745,0.011571410786787788,8.220961552481445,0.03585692559356488
F046,F058,window_heat_zone,shaded alley,C021,C031,False,0.07199892876576584,0.8818858560794045,0.1181141439205955,0.2803388833999634,0.7880893300248138,0.018638379646070076,0.7538461538461538,0.739260733127594,0.875,0.8042718082132712,378818,39968,169922,19543,17927.982556267125,12.06178289073756,17.17405042154419,0.0862520978456769,4.060667802498709e-66,9.98330035346024e-65,True,True,10.637115730442007,15.145552158354358,0.07606450514727933,9.505762397266125,0.0679743580044342,9.092728640709852,0.06502081222212566
F017,F058,building facade,shaded alley,C011,C031,False,0.07699585419202916,0.9826302729528535,0.017369727047146455,0.2803388833999634,0.7880893300248138,0.008844375610351562,0.9369727047146402,0.43739699572324753,0.875,0.6186455942281022,378818,30807,169922,15088,13818.738956438185,10.797339184059842,15.169987755820834,0.08787111571225004,4.91794026631172e-52,9.013243251713116e-51,True,True,10.609792349597264,14.906489209193673,0.08634481841700004,8.50926780361639,0.06925028871020003,10.116812099009916,0.08233283695520004
F021,F042,road_and_building,Red-yellow glow street,C017,C025,False,0.07031777618757107,0.7905707196029776,0.20942928039702235,0.27367761731147766,0.2682382133995037,0.01565339830186632,0.8258064516129032,0.7211538553237915,0.9285714626312256,0.8183171085955373,378818,169116,66510,31979,29692.10850593161,13.27165365900307,19.645461365533095,0.0741969295310912,6.406080785202405e-86,1.8992145386717718e-84,True,True,10.492180783519547,15.531126528681995,0.05865791997172619,3.5599646663479696,0.019902451817148777,10.959817215176729,0.06127230309664305
F001,F058,shaded_corner,shaded alley,C001,C031,False,0.07342863113101329,0.9315136476426799,0.06848635235732015,0.2774387001991272,0.45186104218362283,0.026379776000976563,0.5330024813895782,0.3675737664103508,0.875,0.5671217202762181,378818,77047,169922,36647,34560.0798642092,11.225829988623008,16.9373195500941,0.05863149090867592,1.7993463334072133e-64,4.0305357868321575e-63,True,True,10.457013840518801,15.777344315397826,0.05461603396306933,5.0725152380353595,0.02649328658677391,5.983395239593603,0.03125073014189476
F025,F060,shaded alley,street_corner_shop,C019,C031,False,0.07046048606998959,0.8009925558312655,0.1990074441687345,0.2803388833999634,0.7880893300248138,0.027217610677083334,0.5052109181141439,0.7079328984022141,0.3880471537510554,0.5241291312946784,378818,17421,35651,2166,1639.5104535687321,13.00267350278121,13.986777318071107,0.27841034625475886,2.4605169215233706e-41,3.786566499077188e-40,True,True,10.415044681632194,11.20330451184455,0.22300461481646688,10.247268249338244,0.21941222325188936,6.569092618278546,0.14065594664384343
F008,F015,stone_wall_and_retaining_wall,tree_shade_street,C008,C014,False,0.06503735172990845,0.40694789081885857,0.5930521091811414,0.2803388833999634,0.7880893300248138,0.03327611287434896,0.34838709677419355,0.44401784539222716,0.8839921777447065,0.6265048300737891,378818,58622,15105,3556,2337.495340770502,25.20297549753503,27.976571280087736,0.4194830449705298,4.0351852280433214e-154,2.198630653982523e-152,True,True,10.256297721081253,11.385006674775159,0.1707077403850295,19.86219607448418,0.3305901118675937,8.780391463657365,0.14614248018328135
F004,F028,highlighted_buildings,red_car_street,C004,C021,False,0.06826159604233518,0.6511166253101737,0.34888337468982633,0.2803388833999634,0.7880893300248138,0.018467203776041666,0.7593052109181141,0.7429166615009308,0.6187312696129084,0.6779865553143766,378818,36706,158116,17234,15320.829253097794,15.456551151730762,21.30862079384567,0.11766726239753032,3.8518617050788264e-100,1.2942255329064858e-98,True,True,10.064017424849013,13.874397261302986,0.07661511080176664,12.18114304166176,0.09273231398872364,11.736239832331545,0.08934536549291383
F014,F034,road_edge,red_door_street,C013,C018,False,0.06651806487982398,0.5186104218362283,0.4813895781637717,0.2721763849258423,0.21861042183622828,0.035039265950520836,0.3096774193548387,0.6375317871570587,0.8333333730697632,0.7288871755153784,378818,1332,15775,198,55.468061179774985,19.13774219138308,19.583543412989822,1.2660079081710287,1.6135538076440823e-53,3.040116332906981e-52,True,True,9.925032550866163,10.156229710458742,0.6565648953045782,4.183709893451239,0.2767625228532695,5.926526614105728,0.3920540618852218
F002,F060,shaded patches,street_corner_shop,C002,C031,False,0.06919162130385628,0.7205955334987593,0.27940446650124073,0.27199676632881165,0.16997518610421836,0.02252242678687686,0.6461538461538462,0.5684704088738987,0.3880471537510554,0.4696736357889541,378818,15998,35651,2033,1505.590278181079,13.592355666660664,14.592388889057736,0.3002413731127432,1.6461632616115871e-44,2.6902205660926684e-43,True,True,9.794590783122224,10.515210256531926,0.2163525924365772,2.3103631840353733,0.051033583271024585,8.782752892303813,0.19400211801131098
F030,F041,stone_wall_and_shadows,concrete_wall,C012,C011,False,0.06478256743625045,0.38858560794044666,0.6114143920595534,0.2803388833999634,0.7880893300248138,0.05012054443359375,0.13945409429280398,0.38914142847061156,0.511904776096344,0.44632203150982797,378818,10570,8967,644,250.20244550153373,24.895866112034,25.55487001748517,0.9442080625695765,4.970856423632236e-103,1.7278011293176875e-101,True,True,9.674175268348696,9.930254701583568,0.36690566401587016,19.62016644462034,0.744120299434485,3.4718304602886123,0.13167368018960346
F006,F041,small alley entrance,concrete_wall,C006,C011,False,0.07048522461098133,0.8029776674937965,0.1970223325062035,0.2803388833999634,0.7880893300248138,0.020783035843460647,0.6873449131513648,0.8267045550876193,0.511904776096344,0.6505336349259394,378818,5123,8967,253,121.26652112624004,11.962603315934867,12.189438290521077,0.7332583731391205,7.769346244310664e-27,9.728572688528136e-26,True,True,9.605703307782935,9.787846726582185,0.5887900981335469,9.427600032607726,0.5778731000222944,8.22243453725548,0.5040014128028198
F000,F015,red brick corner,tree_shade_street,C000,C014,False,0.0694692944255756,0.7359801488833747,0.2640198511166253,0.2803388833999634,0.7880893300248138,0.018050158465350116,0.7746898263027295,0.4043114334344864,0.8839921777447065,0.5978362188165214,378818,8223,15105,559,327.88414225300806,12.763492825988367,13.169533227930607,0.5328594392415293,1.433316567877368e-33,1.9928042764419128e-32,True,True,9.393677350342804,9.692515025816919,0.3921739694268923,10.05877251000969,0.41994083846925484,9.887748040381062,0.41280078642979023
F039,F053,red car corner,road_marking,C017,C030,False,0.07046304219996329,0.8014888337468983,0.19851116625310172,0.2774387001991272,0.45186104218362283,0.006475830078125,0.9627791563275434,0.30280448123812675,0.5154761910438538,0.3950803723543346,378818,1373,86968,522,315.20958349392055,11.647445885854438,13.293950209758163,0.5038022324040552,3.4074008749009324e-36,4.941956952374302e-35,True,True,9.335297819183582,10.654952649508404,0.40379186368861,5.263027036759536,0.22764860178853213,11.213918123353652,0.4850502882699092
F002,F010,shaded patches,green_wall,C002,C004,False,0.06836813623779878,0.658560794044665,0.34143920595533495,0.27199676632881165,0.16997518610421836,0.04316775829761059,0.18660049627791564,0.5684704088738987,0.6875132593241605,0.6251647331977647,378818,15998,122045,6147,5154.126546257042,13.829814678654829,17.164300414909288,0.1761508252185369,1.789832862527053e-64,4.0305357868321575e-63,True,True,9.10777373626549,11.303735310463834,0.11600602732754267,2.350725323791205,0.029941269298932448,2.5806502824685933,0.032869831405543365
F021,F029,road_and_building,electric_bike_parking,C017,C022,False,0.07170319725048714,0.8714640198511167,0.12853598014888334,0.2721763849258423,0.21861042183622828,0.028676986694335938,0.4645161290322581,0.7211538553237915,0.39830395206809044,0.535946294533889,378818,169116,125824,58614,56171.70140806403,10.304809551680883,16.94781077413184,0.04256010858842228,1.2603064909602736e-64,2.887247597472627e-63,True,True,8.980270755708005,14.769407304900996,0.037089603315766516,2.252738763034952,0.009304083291910677,4.786750243361443,0.01976985689268648
F054,F057,highlighted_lane,streetlight illumination,C023,C027,False,0.06810869160596474,0.6411910669975186,0.3588089330024814,0.2803388833999634,0.7880893300248138,0.03949330647786458,0.23126550868486354,0.8999999761581421,0.2642857193946838,0.4877059986858403,378818,245062,119269,81033,77156.5756590236,13.955481957925615,28.373215521695048,0.04901936180091121,8.293051244296723e-179,5.224622283906936e-177,True,True,8.948130367066945,18.192652334506203,0.03143077689666366,10.998166426394976,0.038631635999924065,3.227421633942103,0.0113364876422951
F007,F058,roof_and_eaves,shaded alley,C007,C031,False,0.07565991751812018,0.9682382133995037,0.03176178660049633,0.2803388833999634,0.7880893300248138,0.022237951105291195,0.6531017369727047,0.7774307294325395,0.875,0.8247738406699573,378818,116971,169922,54573,52468.32585040838,9.188323205763817,14.882552859495211,0.03932921703910722,2.5778499750043015e-50,4.558724166323397e-49,True,True,8.896485644885958,14.409856391501318,0.03808005084034649,7.241219479281856,0.0309949363067505,6.000909845550959,0.025685979962017418
F007,F039,roof_and_eaves,red car corner,C007,C017,False,0.0719698059935466,0.8803970223325062,0.11960297766749384,0.2803388833999634,0.7880893300248138,0.032537286931818184,0.36774193548387096,0.7774307294325395,0.30280448123812675,0.48519017789357466,378818,116971,1373,626,423.95341034480936,9.812788939107312,11.824202310889326,0.38934652644579953,1.8266937038096917e-30,2.4882530451894176e-29,True,True,8.63915016276743,10.409992505964102,0.3427795225383863,7.733354260695986,0.30683984317415863,3.608573996962044,0.14317904520910046
F008,F016,stone_wall_and_retaining_wall,construction scaffolding,C008,C015,False,0.06341082158102378,0.29528535980148884,0.7047146401985112,0.2803388833999634,0.7880893300248138,0.002398681640625,0.9821339950372209,0.44401784539222716,0.3196994091073672,0.3767655010812712,378818,58622,10329,2768,1598.4104187235032,29.254275032975187,32.262584764272354,0.5489832483108128,1.7231238938327265e-196,1.2865991740617692e-194,True,True,8.63835912884379,9.526668950244193,0.16210671600244844,23.054982011099053,0.4326478403561145,28.73161801005355,0.5391751108720092
F034,F051,red_door_street,zebra_crossing,C018,C020,False,0.06697621225649561,0.5578163771712159,0.4421836228287841,0.2774387001991272,0.45186104218362283,0.04124908447265625,0.20248138957816378,0.8333333730697632,0.8715151250362396,0.8522104428060983,378818,15775,19455,1249,810.1585061955873,15.417809901839014,16.169887803110143,0.4326518622783002,1.1916147591974923e-51,2.164230049137067e-50,True,True,8.60030686335834,9.01982823359593,0.24134029439246127,6.966707650433957,0.195498521391758,3.1218195731763365,0.08760395027769056
F009,F052,highlighted road,palm_tree_street,C009,C026,False,0.06590393669648659,0.47344913151364765,0.5265508684863524,0.2774387001991272,0.45186104218362283,0.02957548918547454,0.4456575682382134,1.0,0.6043684764040841,0.7774113945679495,378818,31159,90021,8961,7404.517047764361,18.088227002303565,21.624842656947404,0.19077987377600036,5.717669939464803e-100,1.8896430488460726e-98,True,True,8.563855364862333,10.238262975051029,0.0903245655495307,8.173365104514836,0.08620599259208354,8.061155259587395,0.08502249461580562
F031,F060,road_edge,street_corner_shop,C001,C031,False,0.06989180506641719,0.7657568238213399,0.23424317617866008,0.2774387001991272,0.45186104218362283,0.023830731709798176,0.6089330024813896,0.5565476566553116,0.3880471537510554,0.46472221174795736,378818,2681,35651,427,252.31200998896568,10.997502924358471,11.595736355431798,0.5253081193648316,9.179998788614463e-27,1.1423998492497998e-25,True,True,8.42141290932264,8.879514241405094,0.4022582770123747,4.969343132818059,0.23736627428371174,6.696742475527467,0.31987745035267906
F007,F033,roof_and_eaves,zebra_crossing,C007,C023,False,0.06495813425043856,0.3990074441687345,0.6009925558312654,0.2803388833999634,0.7880893300248138,0.019130880182439632,0.7389578163771712,0.7774307294325395,1.0,0.8817203238173313,378818,116971,44394,16150,13707.92986077747,20.857977586850524,26.701134244214686,0.16394004703342768,2.1410476598517834e-153,1.1358821269108409e-151,True,True,8.322488327457977,10.653951331190376,0.06541329916371011,16.437949582093612,0.1291994018308105,15.413165571623042,0.12114477917259246
F025,F033,shaded alley,zebra_crossing,C019,C023,False,0.06483972529634512,0.3905707196029777,0.6094292803970223,0.2803388833999634,0.7880893300248138,0.04065074920654297,0.2143920595533499,0.7079328984022141,1.0,0.8413874841012398,378818,17421,44394,3001,2041.5816407879245,21.233649730183995,23.137354062862652,0.38514246396927704,1.9371594699441217e-106,7.100569984376999e-105,True,True,8.293241854915536,9.036773026041145,0.15042536930214442,16.734012789842275,0.30352666639365355,4.552325897488579,0.08257148607182516
F010,F022,green_wall,tree_canopy_and_road,C004,C005,False,0.06345308459080871,0.29627791563275435,0.7037220843672456,0.2803388833999634,0.7880893300248138,0.04905246002505524,0.143424317617866,0.6875132593241605,0.5876411199569702,0.6356186448606715,378818,122045,107423,39748,34608.80959986062,27.624942148606337,39.64202326935275,0.13844939508691728,0.0,0.0,True,True,8.184660279264508,11.745056025708978,0.041019498196967555,21.77092214986941,0.1091104910163894,3.962088476896889,0.01985701001494744
F007,F057,roof_and_eaves,streetlight illumination,C007,C027,False,0.06333976200412388,0.2903225806451613,0.7096774193548387,0.1958921253681183,0.028535980148883373,0.053764204545454546,0.12109181141439206,0.7774307294325395,0.2642857193946838,0.45328119264713873,378818,116971,119269,42236,36827.74894276407,28.18183429021126,40.95112237928967,0.13701959110785564,0.0,0.0,True,True,8.181822858448431,11.889035529471196,0.03977988128937745,0.8041962638645893,0.003909988331861885,3.412589363181909,0.016591950486509566
F029,F056,electric_bike_parking,stone_wall_street,C022,C021,False,0.06774222180139007,0.6188585607940447,0.38114143920595533,0.2803388833999634,0.7880893300248138,0.0152891476949056,0.8337468982630273,0.39830395206809044,0.4911375728746255,0.4422917999297445,378818,125824,8534,3530,2834.5591180989286,13.062233946747014,16.166831331323426,0.21937671406702036,4.1569742533406476e-57,8.465111206802773e-56,True,True,8.083675301038971,10.004981970302884,0.13576315753924287,10.294207199719235,0.17288844761212324,10.890597037486344,0.18290465490451324
F034,F044,red_door_street,road_and_buildings,C018,C026,False,0.07261124194393405,0.9106699751861043,0.08933002481389574,0.27367761731147766,0.2682382133995037,0.019716333459924767,0.7220843672456576,0.8333333730697632,0.8246913684739007,0.829001109668663,378818,15775,21673,1169,902.5219894513988,8.870180988791962,9.331709146177799,0.2585846813518059,1.740052735707001e-19,1.938091886842715e-18,True,True,8.077807500959429,8.498107336593678,0.23548530535015574,2.379321500963799,0.06936229293828838,6.405019026646305,0.18671995601333877
F002,F030,shaded patches,stone_wall_and_shadows,C002,C012,False,0.06324236116212342,0.2863523573200993,0.7136476426799008,0.27199676632881165,0.16997518610421836,0.03464028494698661,0.3176178660049628,0.5684704088738987,0.38914142847061156,0.4703353983621279,378818,15998,10570,1027,446.385493825531,27.481019840450855,28.48046471511716,0.8325815505113285,3.3710459178473317e-134,1.4158392854958793e-132,True,True,7.869254812873521,8.155448208745709,0.23841168965014223,4.671091461714351,0.14151820399510173,8.728462877364043,0.2644427753485113
F015,F029,tree_shade_street,electric_bike_parking,C014,C022,False,0.06754719009070474,0.6049627791563276,0.39503722084367243,0.2774387001991272,0.45186104218362283,0.02750547726949056,0.4992555831265509,0.8839921777447065,0.39830395206809044,0.5933781071062485,378818,15105,125824,5935,5017.109852224551,12.95877362318465,16.18301415643553,0.16799757524620937,1.1017330012058397e-57,2.2664221739091562e-56,True,True,7.839575705539498,9.79012121920343,0.10163228001247109,5.8555649547938575,0.07591155943507376,6.469740081848019,0.08387372739339287
F001,F050,shaded_corner,greenery_and_water,C001,C030,False,0.06565777015892073,0.4511166253101737,0.5488833746898263,0.2774387001991272,0.45186104218362283,0.0360937754313151,0.28982630272952853,0.3675737664103508,0.688131312529246,0.5029304309059784,378818,77047,1487,597,302.43781710478385,16.93787572856873,19.014678269970748,0.6792267234342599,2.6039843009340234e-68,6.730297885491015e-67,True,True,7.640957338595026,8.577837492507896,0.30641046729615,7.653566179087757,0.30691609512997203,4.909041898503294,0.19685776996804358
F006,F052,small alley entrance,palm_tree_street,C006,C026,False,0.06744036632404245,0.5965260545905707,0.40347394540942927,0.27367761731147766,0.2682382133995037,0.024870695891203703,0.5766749379652606,0.8267045550876193,0.6043684764040841,0.7068480546727286,378818,5123,90021,1649,1217.4120105169236,12.36945483941987,14.263483717186496,0.303334285963204,2.0182152596651363e-43,3.229144415464218e-42,True,True,7.378702092795376,8.508539666530108,0.18094680482767803,3.3179604668518308,0.081365846929584,7.133154602186546,0.17492528054056727
F030,F051,stone_wall_and_shadows,zebra_crossing,C012,C020,False,0.06814208349104618,0.6436724565756824,0.3563275434243176,0.27199676632881165,0.16997518610421836,0.0174114990234375,0.7900744416873449,0.38914142847061156,0.8715151250362396,0.5823595458909778,378818,10570,19455,808,542.8447169881051,11.380529705615443,11.851017293918352,0.3974367225920931,6.511638428017957e-29,8.636488862423816e-28,True,True,7.3253335127460195,7.628173414497321,0.2558190715642406,1.9344076546765703,0.06755438088724164,8.991465653270364,0.31400459670799613
F008,F020,stone_wall_and_retaining_wall,advertising_wall,C008,C013,False,0.06579130002653699,0.4655086848635236,0.5344913151364764,0.2803388833999634,0.7880893300248138,0.02466583251953125,0.5846153846153846,0.44401784539222716,0.6375811781202044,0.5320690001978794,378818,58622,8894,1956,1376.344492605948,15.624509478177393,17.197773311159068,0.3513628813209374,1.437181603446347e-60,3.049850644787195e-59,True,True,7.273344858824017,8.005712836658663,0.1635624727935679,12.313509206623175,0.2769053377358057,9.134328618011399,0.20541214600300958
F017,F021,building facade,road_and_building,C011,C017,False,0.0668588477821483,0.5483870967741935,0.4516129032258065,0.2803388833999634,0.7880893300248138,0.025383419460720487,0.5622828784119107,0.43739699572324753,0.7211538553237915,0.5616320234574093,378818,30807,169116,15276,13753.191801867915,12.985044919987297,18.208564883230824,0.10500841715341772,5.593497762093096e-74,1.5447248614218741e-72,True,True,7.1208310851543235,9.985342032739483,0.05758526101961616,10.233375351334901,0.08275601312140314,7.301268433918416,0.059044435054502374
F001,F044,shaded_corner,road_and_buildings,C001,C026,False,0.06977167740573278,0.753349875930521,0.24665012406947895,0.27367761731147766,0.2682382133995037,0.013508945041232638,0.8689826302729529,0.3675737664103508,0.8246913684739007,0.550576890575747,378818,77047,21673,5033,4408.026099604559,9.41325454077932,10.861974974785525,0.13257515136853884,5.8537969099521906e-27,7.422172685826174e-26,True,True,7.091474140398515,8.1828674996151,0.09987547383495879,2.5249945802934106,0.035561721744265626,8.179954690275231,0.11520550374506774
F029,F054,electric_bike_parking,highlighted_lane,C022,C023,False,0.07073603892925574,0.822332506203474,0.17766749379652602,0.2721763849258423,0.21861042183622828,0.0387672848171658,0.24416873449131513,0.39830395206809044,0.8999999761581421,0.5987266048581565,378818,125824,245062,83821,81397.0853760909,8.495968465711988,17.49569416233609,0.029343928943007754,4.1732453893879947e-69,1.1070082506587103e-67,True,True,6.986511041034622,14.387278028283326,0.024130466629560223,1.8573072501965908,0.006414888684563233,2.0744498685510164,0.007164869995017278
F006,F042,small alley entrance,Red-yellow glow street,C006,C025,False,0.06872592068011868,0.6813895781637717,0.31861042183622834,0.27367761731147766,0.2682382133995037,0.027109640615957754,0.5096774193548387,0.8267045550876193,0.9285714626312256,0.8761588085967106,378818,5123,66510,1197,899.4576023314626,9.921069909057474,11.00115656409413,0.28564367559099785,1.880007662808032e-26,2.311033809890849e-25,True,True,6.760113640265961,7.496073430521706,0.19463462361609926,2.6612100674171537,0.07662054920939669,5.056545308487357,0.1455861314302505
F002,F021,shaded patches,road_and_building,C002,C017,False,0.06671532886367434,0.5359801488833746,0.46401985111662536,0.2774387001991272,0.45186104218362283,0.01992767576187376,0.7161290322580646,0.5684704088738987,0.7211538553237915,0.6402769924000894,378818,15998,169116,8197,7141.998975761448,12.483690400283312,17.14455145538968,0.13776651801445292,9.925635709358071e-66,2.4108532036223942e-64,True,True,6.691010239357804,9.189139241598438,0.07384011883653059,5.640893354569704,0.062251322408019547,8.93993312536418,0.09865860322325339
F002,F004,shaded patches,highlighted_buildings,C002,C004,False,0.07269738248361196,0.9116625310173697,0.08833746898263029,0.27199676632881165,0.16997518610421836,0.026312255859375,0.533498759305211,0.5684704088738987,0.7429166615009308,0.6498662464866642,378818,15998,36706,1832,1550.144364840108,7.158806919317009,7.697344415735294,0.16701059098313864,3.1216170171326194e-14,2.9684810879902644e-13,True,True,6.526416035129204,7.017380492161656,0.15225729808239488,1.2168195383950748,0.02838765628373448,3.819214609561184,0.08909994308033452
F024,F044,road_edge,road_and_buildings,C018,C026,False,0.06730311590249848,0.5841191066997519,0.41588089330024813,0.27367761731147766,0.2682382133995037,0.026648627387152776,0.5275434243176179,0.4875000019868215,0.8246913684739007,0.6340639114233999,378818,9323,21673,791,533.3890654615145,11.154297895910837,11.631767222582697,0.3937418045237845,5.737950429488164e-28,7.463037461837508e-27,True,True,6.51543852282236,6.794337479394459,0.22999211112878132,2.9920089393249665,0.10561659818615658,5.884376507867604,0.20771589985547542
F002,F035,shaded patches,small alley entrance,C002,C010,False,0.06736389228916982,0.5870967741935483,0.41290322580645167,0.2774387001991272,0.45186104218362283,0.009911206303810587,0.9220843672456576,0.5684704088738987,0.3212707968694823,0.42735575491110195,378818,15998,65633,3347,2771.770966532741,10.92602342639811,12.278521493913804,0.18854697075844068,2.3340565438457555e-33,3.22291643314592e-32,True,True,6.41463310840147,7.208680360942942,0.11069531831624581,4.937044332374928,0.08519703070747406,10.074715397641533,0.17385621422788228
F002,F006,shaded patches,small alley entrance,C002,C006,False,0.06451644552700628,0.36575682382133995,0.63424317617866,0.2774387001991272,0.45186104218362283,0.019071790907118056,0.7409429280397022,0.5684704088738987,0.8267045550876193,0.6855341541080017,378818,15998,5123,474,216.35126630730323,17.51653864518038,18.0208002239999,0.7830499082315729,1.0527749303167453e-55,2.0605769509888917e-54,True,True,6.406793539204933,6.591230652649094,0.2864058473283718,7.915041407660911,0.3538297476153088,12.978755432880549,0.5801952918063218
F017,F052,building facade,palm_tree_street,C011,C026,False,0.06902153156579657,0.7076923076923077,0.29230769230769227,0.2803388833999634,0.7880893300248138,0.013290193345811632,0.8749379652605459,0.43739699572324753,0.6043684764040841,0.5141487682461009,378818,30807,90021,8093,7320.8689845783465,9.024220126386405,10.783180864240359,0.1002639401535313,7.448588160113669e-27,9.385221081743222e-26,True,True,6.386371166365764,7.6311741500777925,0.070956019185576,7.111891593400303,0.0790169414212445,7.895632795443787,0.08772472778693581
F005,F060,palm_trees_and_buildings,street_corner_shop,C005,C031,False,0.06805327268796398,0.6382133995037221,0.36178660049627787,0.2803388833999634,0.7880893300248138,0.027976142035590276,0.48635235732009924,0.3401900368432204,0.3880471537510554,0.36333149537506154,378818,1192,35651,218,112.18049828677624,9.990955619466297,10.513646247378821,0.6622296493968864,2.4741166361126396e-21,2.833988146819933e-20,True,True,6.3763617501904015,6.709949912719188,0.4226438357937449,7.873765520452842,0.5218961207157596,4.859124817407926,0.3220769510714386
F017,F053,building facade,road_marking,C011,C030,False,0.06725863586716961,0.5796526054590571,0.42034739454094294,0.2803388833999634,0.7880893300248138,0.0,0.9947890818858561,0.43739699572324753,0.5154761910438538,0.47483443149106663,378818,30807,86968,7995,7072.5867725398475,10.968225732579372,13.037372643053422,0.12258189730079178,3.7022826467450513e-38,5.4880895704691355e-37,True,True,6.357760623152708,7.557147020886549,0.07105491615251851,8.6439416691494,0.09660548531695153,10.911071206429455,0.12194313307168096
F002,F028,shaded patches,red_car_street,C002,C021,False,0.06390634708432487,0.3230769230769231,0.676923076923077,0.2803388833999634,0.7880893300248138,0.017516499473935083,0.7875930521091812,0.5684704088738987,0.6187312696129084,0.5930686451161589,378818,15998,158116,8283,6677.453996378208,19.647952591682316,26.30259460340994,0.2154539317309743,1.8554489964000038e-150,9.12337847985953e-149,True,True,6.3478000680819795,8.497761333409366,0.06960819332846863,15.48434179433822,0.16979694470907553,15.474590949379571,0.1696900196809212
F033,F041,zebra_crossing,concrete_wall,C023,C011,False,0.06543276512231025,0.43622828784119105,0.563771712158809,0.2803388833999634,0.7880893300248138,0.007794698079427083,0.9513647642679901,1.0,0.511904776096344,0.7154752099802928,378818,44394,8967,1521,1050.8502711064416,14.503264577394331,15.621893982157475,0.36962137985754523,9.657234965320686e-50,1.6783608353522848e-48,True,True,6.326734274704524,6.814712064673161,0.16123930168475545,11.429868063971313,0.29129466561478007,13.797894885789049,0.35164475691658276
