gene_id,evidence_status,reliability,structure,nuisance_risk,specificity,stability_percentile,support_percentile,equivalent_group,canonical_gene
0,weak_evidence,0.150463,0.265396,0.000896,0.998821,0.593842,0.038123,,0
1,robust_specific,0.721577,0.859563,2e-05,0.940118,0.980938,0.530792,,1
2,unstable_evidence,0.235482,0.592864,0.999981,0.082602,0.076246,0.727273,,2
3,unstable_evidence,0.255109,0.554904,0.999985,0.025613,0.071359,0.912023,E029,328
4,weak_evidence,0.425978,0.577876,0.001016,0.705781,0.58651,0.309384,,4
5,weak_evidence,0.237997,0.721896,0.031666,0.967326,0.418377,0.135386,,5
6,redundant_variant,0.682782,0.285109,4.2e-05,0.109339,0.687195,0.678397,E009,586
7,supported_mixed,0.576275,0.244705,0.020225,0.063706,0.434995,0.763441,,7
8,unstable_evidence,0.478169,0.5826,0.865935,0.087076,0.318671,0.717498,,8
9,weak_evidence,0.195105,0.296351,0.0,0.997543,0.794721,0.047898,,9
10,unstable_evidence,0.133673,0.362007,1.0,0.117637,0.026882,0.664712,E030,10
11,weak_evidence,0.20399,0.399316,0.16429,0.978735,0.373412,0.111437,,11
12,weak_evidence,0.317193,0.628706,0.004504,0.916584,0.493646,0.203812,,12
13,weak_evidence,0.338172,0.243891,0.009891,0.861146,0.47654,0.23998,,13
14,supported_mixed,0.505812,0.565494,0.0,0.743045,0.872434,0.293255,,14
15,robust_structured,0.605537,0.693874,0.0,0.347598,0.794721,0.461388,E031,15
16,unstable_evidence,0.194391,0.300912,0.995995,0.947666,0.228739,0.1652,,16
17,unstable_evidence,0.159617,0.282014,0.973007,0.990027,0.286413,0.088954,,17
18,unstable_evidence,0.351031,0.392473,0.998619,0.150413,0.201369,0.611926,,18
19,robust_structured,0.717464,0.864614,0.0,0.140556,0.817693,0.629521,,19
20,unstable_evidence,0.089302,0.74666,0.999996,0.954455,0.052297,0.152493,,20
21,unstable_evidence,0.460392,0.402085,0.997158,0.013202,0.215543,0.983382,E010,21
22,unstable_evidence,0.275254,0.328283,0.999967,0.03412,0.087977,0.861193,,22
23,unstable_evidence,0.444055,0.255947,0.980239,0.084695,0.273705,0.72043,E032,794
24,unstable_evidence,0.363447,0.129684,0.998014,0.142058,0.211144,0.625611,,24
25,unstable_evidence,0.055641,0.3739,0.994629,0.999999,0.234604,0.013196,,25
26,unstable_evidence,0.258884,0.378299,0.999734,0.36579,0.147605,0.454057,,26
27,unstable_evidence,0.02823,0.276963,1.0,0.048175,0.000978,0.815249,,27
28,robust_structured,0.751807,0.757576,0.0,0.075332,0.766862,0.737048,,28
29,supported_mixed,0.515564,0.230205,0.061969,0.1225,0.402248,0.660802,,29
30,weak_evidence,0.273214,0.667155,0.16429,0.920707,0.373412,0.199902,,30
31,redundant_variant,0.535461,0.57755,0.026045,0.112911,0.425709,0.673509,E000,252
32,supported_mixed,0.758755,0.529977,0.0,0.069049,0.766862,0.750733,,32
33,supported_mixed,0.663164,0.534702,0.0,0.264204,0.855327,0.514174,,33
34,unstable_evidence,0.473798,0.418866,0.994132,0.022568,0.240469,0.933529,,34
35,weak_evidence,0.391204,0.083089,0.0,0.92938,0.794721,0.192571,,35
36,weak_evidence,0.249252,0.697296,0.061969,0.953861,0.402248,0.154448,,36
37,unstable_evidence,0.443629,0.411861,0.963062,0.107053,0.288856,0.681329,,37
38,supported_mixed,0.569362,0.485337,0.705007,0.026371,0.34653,0.935484,,38
39,supported_mixed,0.460341,0.899153,0.0,0.991712,0.980938,0.216031,,39
40,supported_mixed,0.799677,0.56305,1.1e-05,0.027296,0.707234,0.904203,E033,40
41,supported_mixed,0.664384,0.413978,0.003957,0.029673,0.499511,0.883675,,41
42,supported_mixed,0.701703,0.404855,0.0,0.277095,0.980938,0.501955,,42
43,unstable_evidence,0.470992,0.44754,0.807601,0.109484,0.327468,0.677419,E034,43
44,supported_mixed,0.575201,0.399316,0.000276,0.795393,0.618768,0.534702,,44
45,supported_mixed,0.649686,0.208863,0.003743,0.045469,0.512219,0.824047,,45
46,robust_structured,0.695563,0.6406,1e-05,0.113833,0.72043,0.671554,,46
47,redundant_variant,0.531602,0.477191,0.0,0.651773,0.855327,0.330401,E035,161
48,supported_mixed,0.625535,0.538775,1.1e-05,0.217139,0.707234,0.553275,,48
49,unstable_evidence,0.126192,0.142555,0.999999,0.56163,0.0435,0.36608,,49
50,unstable_evidence,0.079774,0.667318,1.0,0.410855,0.014663,0.434018,E011,980
51,unstable_evidence,0.121133,0.102639,1.0,0.106773,0.021505,0.682307,,51
52,weak_evidence,0.409788,0.365754,0.068104,0.423511,0.394917,0.42522,,52
53,robust_structured,0.860687,0.783806,0.0,0.033375,0.855327,0.86608,E036,53
54,weak_evidence,0.250364,0.858423,0.02184,0.994392,0.872434,0.071848,E037,54
55,unstable_evidence,0.269943,0.202998,0.999734,0.555091,0.151515,0.480938,,55
56,supported_mixed,0.504284,0.717498,0.004504,0.331651,0.493646,0.515152,,56
57,unstable_evidence,0.198859,0.216846,0.999887,0.718671,0.130499,0.30303,,57
58,weak_evidence,0.178468,0.802053,0.0,1.0,0.794721,0.040078,E038,58
59,unstable_evidence,0.172099,0.390355,0.999961,0.673556,0.092375,0.320626,,59
60,unstable_evidence,0.455792,0.777941,0.997158,0.016267,0.215543,0.963832,E010,21
61,redundant_variant,0.607016,0.733627,0.125745,0.018532,0.386608,0.953079,E012,218
62,supported_mixed,0.45282,0.791137,0.000276,0.999761,0.618768,0.331378,,62
63,redundant_variant,0.533706,0.6942,0.0,0.662002,0.872434,0.326491,E013,362
64,weak_evidence,0.446106,0.42636,0.001202,0.976485,0.576735,0.345064,,64
65,weak_evidence,0.230871,0.773542,0.0,0.995356,0.872434,0.061095,,65
66,unstable_evidence,0.440699,0.292278,0.998268,0.023204,0.2087,0.930596,E039,66
67,supported_mixed,0.574403,0.765722,0.003258,0.153652,0.524927,0.628543,,67
68,unstable_evidence,0.058521,0.545943,0.999905,0.999364,0.125122,0.02737,,68
69,weak_evidence,0.306401,0.137993,0.003743,0.934611,0.512219,0.183284,,69
70,weak_evidence,0.359917,0.387586,0.020043,0.75069,0.447703,0.289345,,70
71,weak_evidence,0.449199,0.479798,0.000112,0.719958,0.66911,0.301564,,71
72,unstable_evidence,0.193069,0.922776,0.999929,0.895173,0.114858,0.324536,,72
73,unstable_evidence,0.24842,0.52623,0.999875,0.363456,0.134897,0.457478,,73
74,weak_evidence,0.242859,0.271098,0.061969,0.960682,0.402248,0.146628,,74
75,robust_structured,0.71214,0.847996,0.0,0.22575,0.930596,0.544966,,75
76,unstable_evidence,0.427124,0.178234,0.998484,0.028794,0.205767,0.886608,,76
77,weak_evidence,0.393695,0.830075,2e-06,0.967016,0.730694,0.212121,,77
78,weak_evidence,0.3173,0.433692,0.005833,0.910627,0.485826,0.207234,,78
79,unstable_evidence,0.449593,0.648257,0.8877,0.131829,0.313783,0.644184,,79
80,unstable_evidence,0.079713,0.511567,0.998888,0.999002,0.194037,0.032747,,80
81,weak_evidence,0.337931,0.420007,0.0,0.963328,0.794721,0.143695,,81
82,weak_evidence,0.307842,0.495764,0.000539,0.951439,0.602151,0.15738,,82
83,weak_evidence,0.286331,0.291789,0.009891,0.943052,0.47654,0.172043,,83
84,supported_mixed,0.468919,0.530629,0.06184,0.229584,0.407136,0.540078,,84
85,redundant_variant,0.670415,0.842131,0.000209,0.090963,0.632454,0.710655,E040,994
86,unstable_evidence,0.194496,0.249756,0.86942,0.995142,0.317204,0.119257,,86
87,weak_evidence,0.386246,0.408602,0.000896,0.839177,0.593842,0.251222,,87
88,supported_mixed,0.617154,0.336592,4.2e-05,0.216343,0.687195,0.554252,,88
89,supported_mixed,0.571158,0.501629,0.001016,0.845383,0.58651,0.556207,,89
90,unstable_evidence,0.357662,0.504725,0.983612,0.306678,0.264907,0.482893,,90
91,supported_mixed,0.532464,0.444444,0.001881,0.268412,0.556696,0.509286,,91
92,redundant_variant,0.590252,0.759857,0.000276,0.203044,0.618768,0.56305,E041,641
93,unstable_evidence,0.202986,0.589932,0.999887,0.683854,0.130499,0.315738,,93
94,weak_evidence,0.316937,0.250733,0.233607,0.774639,0.361193,0.278104,,94
95,supported_mixed,0.48303,0.364614,0.031666,0.21165,0.418377,0.557674,,95
96,robust_structured,0.797447,0.715217,1e-05,0.029689,0.72043,0.882698,,96
97,supported_mixed,0.484572,0.131802,0.001202,0.464959,0.576735,0.407136,,97
98,supported_mixed,0.664924,0.421962,0.000372,0.083165,0.609971,0.724829,,98
99,redundant_variant,0.909837,0.740143,0.0,0.028497,0.930596,0.889541,E042,826
100,robust_structured,0.941288,0.609319,2e-06,0.018793,0.930596,0.952102,,100
101,supported_mixed,0.725608,0.579016,0.0,0.143365,0.845552,0.622678,,101
102,unstable_evidence,0.119476,0.653144,0.929524,0.997854,0.307429,0.046432,,102
103,unstable_evidence,0.355303,0.71538,0.997033,0.193896,0.221896,0.568915,,103
104,supported_mixed,0.741017,0.5145,0.000147,0.605116,0.642717,0.85435,E043,104
105,weak_evidence,0.327032,0.975073,0.16429,0.759563,0.373412,0.286413,,105
106,redundant_variant,0.746078,0.714402,0.0,0.688752,0.980938,0.567449,E001,971
107,robust_structured,0.683636,0.640762,0.000539,0.059557,0.602151,0.776149,,107
108,unstable_evidence,0.243825,0.37944,0.980434,0.899003,0.272727,0.217986,,108
109,unstable_evidence,0.154939,0.704627,0.999012,0.973212,0.189638,0.126588,,109
110,weak_evidence,0.155545,0.757413,0.000276,1.0,0.618768,0.039101,,110
111,supported_mixed,0.703917,0.463832,0.0,0.131251,0.766862,0.646139,,111
112,unstable_evidence,0.048112,0.651678,1.0,0.988165,0.024927,0.092864,,112
113,unstable_evidence,0.189386,0.268003,0.99996,0.53834,0.093842,0.382209,,113
114,unstable_evidence,0.310347,0.465461,0.997797,0.36579,0.212121,0.454057,,114
115,weak_evidence,0.401765,0.404366,0.001482,0.769635,0.568426,0.283969,,115
116,redundant_variant,0.786936,0.853535,1e-06,0.997374,0.955523,0.648094,E014,171
117,weak_evidence,0.410817,0.978169,0.000105,0.94122,0.678397,0.248778,,117
118,supported_mixed,0.611513,0.587325,1e-05,0.25505,0.72043,0.519062,,118
119,supported_mixed,0.600178,0.432225,0.003258,0.541491,0.524927,0.686217,,119
120,nuisance_component,0.393427,0.25839,1.0,0.006928,0.154936,0.999022,E044,120
121,unstable_evidence,0.342953,0.393125,0.999654,0.083165,0.162268,0.724829,,121
122,redundant_variant,0.090316,0.448355,0.0,1.0,0.794721,0.010264,E038,58
123,supported_mixed,0.700506,0.375367,4.2e-05,0.087586,0.687195,0.714076,E045,123
124,supported_mixed,0.981671,0.586184,0.0,0.013205,0.980938,0.982405,E046,124
125,supported_mixed,0.953929,0.489899,0.0,0.023678,0.980938,0.927664,,125
126,unstable_evidence,0.065238,0.428641,0.999999,0.972786,0.033236,0.128055,,126
127,supported_mixed,0.901608,0.494298,0.0,0.010187,0.817693,0.994135,E047,127
128,unstable_evidence,0.121684,0.550016,0.999944,0.962283,0.101662,0.14565,,128
129,supported_mixed,0.554275,0.727761,0.746817,0.028105,0.343109,0.895406,,129
130,redundant_variant,0.554307,0.476051,0.06683,0.059886,0.396872,0.774194,E048,293
131,redundant_variant,0.579664,0.673183,0.0,0.523598,0.872434,0.385142,E003,309
132,unstable_evidence,0.335424,0.317041,0.999429,0.126397,0.172043,0.653959,,132
133,robust_structured,0.891355,0.804659,0.000766,0.015367,0.817693,0.971652,E002,133
134,weak_evidence,0.310179,0.786575,0.003258,0.934611,0.524927,0.183284,,134
135,weak_evidence,0.222584,0.632942,0.061969,0.974466,0.402248,0.123167,,135
136,unstable_evidence,0.502459,0.490388,0.978751,0.027779,0.281036,0.898338,E049,136
137,supported_mixed,0.608372,0.446399,1e-06,0.28214,0.740958,0.499511,E015,137
138,unstable_evidence,0.321959,0.495438,0.999654,0.134578,0.162268,0.638807,,138
139,unstable_evidence,0.206329,0.194689,0.999379,0.85032,0.173509,0.245357,,139
140,weak_evidence,0.405477,0.20202,0.000137,0.839177,0.654448,0.251222,,140
141,robust_specific,0.706069,0.567775,0.0,0.999993,0.833333,0.59824,E016,141
142,redundant_variant,0.732106,0.871294,0.0,0.097636,0.766862,0.698925,E004,550
143,redundant_variant,0.867352,0.848322,0.0,0.050097,0.930596,0.808407,E050,922
144,unstable_evidence,0.432582,0.77566,0.990499,0.066288,0.248289,0.753666,E051,927
145,redundant_variant,0.82461,0.597263,0.000693,0.090855,0.955523,0.711632,E014,171
146,weak_evidence,0.439256,0.433855,0.018987,0.430927,0.457967,0.42131,,146
147,supported_mixed,0.931348,0.35826,0.0,0.01489,0.890029,0.974585,E052,147
148,unstable_evidence,0.216226,0.659661,0.999933,0.42906,0.110459,0.423265,E053,945
149,robust_structured,0.634989,0.733627,2.9e-05,0.769119,0.980938,0.411046,,149
150,weak_evidence,0.443088,0.442489,0.125745,0.269478,0.386608,0.50782,,150
151,robust_specific,0.802205,0.583741,0.0,0.84292,0.833333,0.772239,,151
152,supported_mixed,0.614592,0.348811,0.0,0.486615,0.94477,0.399804,,152
153,supported_mixed,0.491216,0.42408,0.031666,0.185004,0.418377,0.576735,,153
154,unstable_evidence,0.384849,0.308081,0.999734,0.014227,0.151515,0.977517,,154
155,weak_evidence,0.198068,0.447703,1.8e-05,0.997289,0.794721,0.049365,E054,155
156,redundant_variant,0.722863,0.341153,0.0,0.099488,0.750244,0.696481,E055,344
157,weak_evidence,0.325192,0.345389,0.0,0.974875,0.872434,0.121212,,157
158,weak_evidence,0.031323,0.721245,0.000112,0.999996,0.66911,0.001466,,158
159,supported_mixed,0.694757,0.240632,0.001881,0.033178,0.556696,0.867058,,159
160,redundant_variant,0.553704,0.428315,0.000181,0.605218,0.872434,0.351417,E003,309
161,supported_mixed,0.583345,0.388237,0.0,0.489784,0.855327,0.397849,E035,161
162,supported_mixed,0.527998,0.248126,0.705007,0.666041,0.34653,0.804497,E056,162
163,robust_structured,0.698172,0.649234,0.0,0.18954,0.855327,0.569892,,163
164,supported_mixed,0.645137,0.422939,1e-05,0.183421,0.72043,0.577713,,164
165,weak_evidence,0.304789,0.815249,0.16429,0.842552,0.373412,0.248778,,165
166,unstable_evidence,0.455851,0.481427,0.804085,0.141411,0.331378,0.627077,,166
167,weak_evidence,0.146732,0.05914,0.003743,0.998563,0.512219,0.042033,,167
168,redundant_variant,0.878813,0.884001,0.0,0.043776,0.930596,0.829912,E057,373
169,unstable_evidence,0.254425,0.361681,0.977035,0.890542,0.285435,0.226784,,169
170,weak_evidence,0.152073,0.561909,0.233607,0.995094,0.361193,0.064027,,170
171,robust_structured,0.852457,0.654611,0.000135,0.22103,0.955523,0.760508,E014,171
172,unstable_evidence,0.403571,0.393776,0.900621,0.250631,0.31085,0.523949,,172
173,weak_evidence,0.364425,0.772727,0.0,0.999965,0.980938,0.135386,E058,173
174,unstable_evidence,0.154039,0.639459,0.999999,0.06507,0.031281,0.758553,,174
175,robust_structured,0.776552,0.790486,0.0,0.116507,0.903226,0.667644,E005,175
176,supported_mixed,0.650301,0.291626,1e-05,0.169733,0.72043,0.586999,,176
177,redundant_variant,0.610963,0.496253,0.026045,0.030504,0.425709,0.876833,E000,252
178,weak_evidence,0.116812,0.454545,0.0,0.999978,0.872434,0.01564,,178
179,unstable_evidence,0.167397,0.132291,0.999999,0.131829,0.0435,0.644184,,179
180,weak_evidence,0.089612,0.09987,0.16429,0.999677,0.373412,0.021505,,180
181,robust_structured,0.912084,0.83317,0.0,0.028191,0.930596,0.893939,E059,181
182,redundant_variant,0.356537,0.532258,0.048432,0.707071,0.41349,0.307429,E060,905
183,unstable_evidence,0.208345,0.57592,0.999992,0.124248,0.065982,0.657869,,183
184,unstable_evidence,0.297575,0.597752,0.961628,0.714806,0.290811,0.304497,,184
185,unstable_evidence,0.08062,0.219778,0.999298,0.998869,0.174976,0.037146,,185
186,supported_mixed,0.59502,0.731834,0.020043,0.055941,0.447703,0.790811,E061,186
187,weak_evidence,0.252741,0.671717,0.16429,0.943725,0.373412,0.171065,,187
188,weak_evidence,0.241832,0.828772,0.031666,0.99471,0.418377,0.139785,,188
189,weak_evidence,0.126542,0.363148,0.1184,1.0,0.390029,0.041056,,189
190,robust_specific,0.774072,0.866243,0.00028,0.987284,0.955523,0.627077,,190
191,unstable_evidence,0.2434,0.403552,0.999734,0.999999,0.151515,0.391007,,191
192,unstable_evidence,0.282174,0.444607,0.998619,0.492971,0.201369,0.395406,,192
193,unstable_evidence,0.500817,0.331867,0.978751,0.028249,0.281036,0.892473,,193
194,weak_evidence,0.374369,0.382535,1e-06,0.931649,0.740958,0.18915,,194
195,unstable_evidence,0.20206,0.5145,0.999996,0.071044,0.054741,0.745846,,195
196,supported_mixed,0.634822,0.571685,0.0,0.329093,0.855327,0.471163,,196
197,weak_evidence,0.336516,0.277615,0.061969,0.770888,0.402248,0.281525,,197
198,supported_mixed,0.821426,0.329097,1.1e-05,0.018303,0.707234,0.954057,,198
199,weak_evidence,0.200772,0.902737,0.001202,1.0,0.576735,0.069892,E017,199
200,robust_structured,0.715393,0.826328,0.000137,0.057342,0.654448,0.782014,E062,200
201,weak_evidence,0.056332,0.288693,0.002705,0.999976,0.541056,0.005865,,201
202,supported_mixed,0.549263,0.265722,0.020225,0.100882,0.434995,0.693548,,202
203,supported_mixed,0.542229,0.449169,0.0,0.663284,0.903226,0.325513,E063,203
204,supported_mixed,0.453261,0.295862,0.705007,0.160808,0.34653,0.592864,,204
205,unstable_evidence,0.366719,0.688009,0.997033,0.153037,0.221896,0.606061,E064,568
206,unstable_evidence,0.27444,0.332845,0.999734,0.267881,0.147605,0.510264,,206
207,weak_evidence,0.418374,0.065005,0.0,0.888617,0.766862,0.22825,,207
208,redundant_variant,0.718248,0.954545,0.0,0.995293,0.980938,0.525904,E018,342
209,unstable_evidence,0.299594,0.642555,0.997158,0.440386,0.215543,0.416422,,209
210,robust_structured,0.832295,0.61665,1.1e-05,0.014013,0.707234,0.979472,,210
211,supported_mixed,0.531439,0.768817,0.002705,0.550597,0.541056,0.521994,E065,211
212,weak_evidence,0.409692,0.296839,0.000276,0.983046,0.618768,0.271261,,212
213,robust_structured,0.831266,0.702346,0.0,0.038784,0.817693,0.845064,,213
214,supported_mixed,0.582286,0.432063,0.0,0.999856,0.955523,0.354839,,214
215,supported_mixed,0.637103,0.40013,0.001482,0.087586,0.568426,0.714076,,215
216,weak_evidence,0.093313,0.311339,0.000896,0.999837,0.593842,0.014663,,216
217,unstable_evidence,0.417268,0.321114,0.995373,0.070826,0.233138,0.746823,,217
218,supported_mixed,0.735285,0.51173,0.001482,0.018825,0.568426,0.951124,E012,218
219,weak_evidence,0.432199,0.274194,0.009891,0.50048,0.47654,0.391984,,219
220,unstable_evidence,0.042328,0.366569,1.0,0.150885,0.002933,0.610948,,220
221,supported_mixed,0.521558,0.565168,0.000209,0.418037,0.632454,0.430108,,221
222,robust_structured,0.705025,0.767514,0.0,0.179091,0.855327,0.581134,,222
223,robust_structured,0.718299,0.76116,0.0,0.140131,0.817693,0.630987,,223
224,unstable_evidence,0.35768,0.31085,0.986439,0.279323,0.255621,0.500489,,224
225,unstable_evidence,0.511512,0.48941,0.807819,0.050179,0.324047,0.807429,E066,571
226,unstable_evidence,0.093059,0.286087,0.999545,0.99711,0.167155,0.051808,,226
227,weak_evidence,0.274004,0.316227,0.000147,0.976469,0.642717,0.116813,,227
228,unstable_evidence,0.273852,0.371945,0.983808,0.75323,0.260508,0.287879,,228
229,supported_mixed,0.602312,0.319811,0.003258,0.101914,0.524927,0.691105,,229
230,weak_evidence,0.339999,0.493646,0.048432,0.95428,0.41349,0.27957,,230
231,weak_evidence,0.3121,0.218149,0.053197,0.866434,0.410068,0.237537,,231
232,weak_evidence,0.265464,0.5435,0.001881,0.973212,0.556696,0.126588,,232
233,supported_mixed,0.724913,0.332356,0.000209,0.04368,0.632454,0.83089,,233
234,unstable_evidence,0.230972,0.38449,0.986439,0.908886,0.255621,0.2087,,234
235,supported_mixed,0.590097,0.380743,0.000372,0.188555,0.609971,0.57087,,235
236,weak_evidence,0.434832,0.135549,0.002705,0.607695,0.541056,0.349462,,236
237,unstable_evidence,0.244665,0.755458,0.999953,0.578385,0.096285,0.621701,,237
238,supported_mixed,0.56776,0.368035,0.0,0.539488,0.845552,0.381232,,238
239,supported_mixed,0.752834,0.377159,0.001482,0.00898,0.568426,0.997067,,239
240,unstable_evidence,0.146875,0.61828,0.999999,0.128231,0.033236,0.649071,,240
241,unstable_evidence,0.088074,0.516455,1.0,0.029753,0.008798,0.88172,E067,287
242,weak_evidence,0.201691,0.229065,0.235396,0.977996,0.358749,0.113392,,242
243,unstable_evidence,0.206134,0.637993,0.999869,0.705781,0.137341,0.309384,,243
244,unstable_evidence,0.161424,0.424731,0.999951,0.805309,0.098729,0.26393,,244
245,weak_evidence,0.308068,0.508146,0.0,0.981856,0.915934,0.103617,,245
246,supported_mixed,0.808411,0.579016,1e-05,0.026673,0.72043,0.907136,,246
247,redundant_variant,0.630805,0.812317,0.000137,0.151836,0.654448,0.608016,E062,200
248,supported_mixed,0.520074,0.589443,0.000209,0.420764,0.632454,0.427664,,248
249,robust_structured,0.816361,0.747149,1.1e-05,0.020242,0.707234,0.942326,E068,249
250,weak_evidence,0.242167,0.559303,0.0,0.995094,0.915934,0.064027,,250
251,supported_mixed,0.541293,0.456663,0.000137,0.381799,0.654448,0.447703,,251
252,robust_structured,0.69049,0.801401,0.0,0.242096,0.903226,0.527859,E000,252
253,unstable_evidence,0.0,0.478332,1.0,0.836913,0.0,0.253177,,253
254,weak_evidence,0.119499,0.195503,0.002705,0.999394,0.541056,0.026393,,254
255,unstable_evidence,0.204503,0.874389,0.999945,0.439431,0.100196,0.4174,,255
256,unstable_evidence,0.278361,0.638319,0.999967,0.029769,0.087977,0.880743,,256
257,supported_mixed,0.69682,0.13115,0.000137,0.072004,0.654448,0.741935,,257
258,unstable_evidence,0.335233,0.548061,0.999112,0.153522,0.185728,0.605083,,258
259,unstable_evidence,0.106092,0.750733,0.999994,0.936065,0.062072,0.181329,,259
260,weak_evidence,0.414358,0.675301,0.000112,0.826585,0.66911,0.256598,,260
261,unstable_evidence,0.272241,0.221896,0.993507,0.714806,0.243402,0.304497,,261
262,supported_mixed,0.705978,0.572988,0.0,0.166133,0.845552,0.589443,,262
263,supported_mixed,0.772325,0.590909,1e-05,0.043905,0.72043,0.827957,,263
264,unstable_evidence,0.176678,0.387911,0.999999,0.031556,0.035679,0.874878,,264
265,supported_mixed,0.911785,0.497067,0.0,0.038424,0.980938,0.847507,,265
266,unstable_evidence,0.135338,0.335125,1.0,0.01703,0.019062,0.960899,,266
267,weak_evidence,0.4186,0.826979,0.001881,0.689011,0.556696,0.314761,,267
268,weak_evidence,0.386879,0.222059,1.3e-05,0.903559,0.695992,0.215054,,268
269,robust_structured,0.71591,0.848159,0.0,0.156477,0.855327,0.599218,,269
270,supported_mixed,0.508708,0.272564,0.777013,0.063402,0.337243,0.767351,,270
271,supported_mixed,0.578214,0.726947,0.000539,0.215156,0.602151,0.55523,,271
272,unstable_evidence,0.280941,0.43581,0.999971,0.024487,0.085533,0.922776,,272
273,supported_mixed,0.599587,0.510101,0.003743,0.0949,0.512219,0.701857,,273
274,redundant_variant,0.526461,0.543174,0.13717,0.083924,0.383675,0.722385,E069,434
275,redundant_variant,0.655662,0.787553,0.020225,0.012055,0.434995,0.98827,E070,1016
276,unstable_evidence,0.128301,0.304822,0.999688,0.981525,0.15738,0.104594,,276
277,supported_mixed,0.48372,0.766699,0.003258,0.387589,0.524927,0.445748,,277
278,unstable_evidence,0.469094,0.579505,0.978751,0.05724,0.281036,0.782991,E049,136
279,supported_mixed,0.533953,0.278755,0.0,0.985202,0.794721,0.358749,,279
280,supported_mixed,0.594828,0.284457,1e-06,0.315671,0.740958,0.477517,,280
281,unstable_evidence,0.50548,0.247312,0.852231,0.053218,0.321114,0.795699,,281
282,supported_mixed,0.622785,0.417726,0.000112,0.179701,0.66911,0.579668,,282
283,unstable_evidence,0.563714,0.706256,0.804085,0.017253,0.331378,0.958944,,283
284,redundant_variant,0.501154,0.873086,0.0,0.75323,0.872434,0.287879,E013,362
285,redundant_variant,0.574598,0.982731,0.0,1.0,0.794721,0.415445,E019,420
286,unstable_evidence,0.093515,0.606061,0.999905,0.994538,0.125122,0.069892,,286
287,supported_mixed,0.880447,0.528837,0.0,0.032792,0.890029,0.870968,E067,287
288,redundant_variant,0.482744,0.881883,0.020043,0.253073,0.447703,0.520528,E006,718
289,weak_evidence,0.349963,0.49218,0.0,0.948943,0.750244,0.163245,,289
290,weak_evidence,0.193789,0.359889,0.1184,0.985802,0.390029,0.096285,,290
291,supported_mixed,0.600412,0.308244,0.000276,0.178485,0.618768,0.5826,,291
292,unstable_evidence,0.306213,0.360867,0.999249,0.256546,0.181329,0.517107,,292
293,robust_structured,0.685891,0.777941,0.000372,0.061516,0.609971,0.771261,E048,293
294,unstable_evidence,0.455021,0.458293,0.980032,0.069258,0.276149,0.749756,,294
295,redundant_variant,0.785931,0.341642,0.0,0.050465,0.766862,0.805474,E004,550
296,weak_evidence,0.436459,0.462529,1.3e-05,0.782099,0.695992,0.273705,,296
297,unstable_evidence,0.238022,0.246497,0.999987,0.04571,0.068915,0.822092,,297
298,robust_structured,0.615361,0.655914,0.001536,0.113217,0.56305,0.672532,,298
299,unstable_evidence,0.155284,0.124308,0.999997,0.276542,0.047898,0.503421,E071,299
300,weak_evidence,0.410962,0.558651,0.000137,0.825424,0.654448,0.258065,,300
301,redundant_variant,0.680937,0.437765,0.000209,0.078145,0.632454,0.733138,E072,967
302,supported_mixed,0.687928,0.499674,0.000539,0.056634,0.602151,0.785924,,302
303,weak_evidence,0.376539,0.802053,2e-06,0.928614,0.730694,0.194037,,303
304,redundant_variant,0.330395,0.709189,0.000336,0.973635,0.872434,0.125122,E007,557
305,redundant_variant,0.529791,0.785761,0.000209,0.390942,0.632454,0.443793,E073,887
306,unstable_evidence,0.165925,0.173183,0.999997,0.186929,0.047898,0.57478,,306
307,unstable_evidence,0.057499,0.666993,1.0,0.994193,0.009775,0.338221,,307
308,robust_structured,0.753713,0.680352,0.000137,0.033139,0.654448,0.868035,,308
309,robust_structured,0.605568,0.822744,0.0,0.434685,0.872434,0.420332,E003,309
310,weak_evidence,0.250848,0.39899,0.005833,0.972355,0.485826,0.129521,,310
311,weak_evidence,0.434586,0.412838,0.0,0.894343,0.845552,0.223363,,311
312,weak_evidence,0.365636,0.561746,0.061969,0.642862,0.402248,0.332356,,312
313,supported_mixed,0.532507,0.703649,0.003834,0.205241,0.505376,0.561095,E074,313
314,supported_mixed,0.668399,0.566797,0.0,0.287886,0.903226,0.494624,,314
315,unstable_evidence,0.196113,0.674324,0.999688,0.85469,0.15738,0.244379,,315
316,unstable_evidence,0.058741,0.212936,0.999998,0.993623,0.044966,0.076735,,316
317,unstable_evidence,0.189217,0.53796,0.998484,0.941005,0.205767,0.173998,,317
318,weak_evidence,0.209332,0.579993,1e-06,0.995731,0.740958,0.05914,,318
319,unstable_evidence,0.049406,0.239166,0.999999,0.995094,0.038123,0.064027,,319
320,unstable_evidence,0.260018,0.656077,0.985856,0.813675,0.259042,0.260997,,320
321,unstable_evidence,0.102402,0.143369,0.999999,0.615156,0.030303,0.346041,,321
322,supported_mixed,0.487563,0.73607,0.0,0.725104,0.794721,0.29912,,322
323,unstable_evidence,0.325194,0.309058,0.999887,0.049258,0.130499,0.810362,,323
324,supported_mixed,0.55996,0.493972,0.0,0.677415,0.980938,0.319648,,324
325,supported_mixed,0.70567,0.089606,0.0,0.151597,0.817693,0.608993,,325
326,unstable_evidence,0.126399,0.091072,1.0,0.159773,0.026882,0.59433,E030,10
327,supported_mixed,0.775811,0.266862,4.2e-05,0.030996,0.687195,0.875855,,327
328,unstable_evidence,0.263582,0.297491,0.999985,0.015104,0.071359,0.973607,E029,328
329,weak_evidence,0.370868,0.252525,0.000137,0.908009,0.654448,0.210166,,329
330,supported_mixed,0.881913,0.56028,0.0,0.042463,0.930596,0.835777,,330
331,weak_evidence,0.418546,0.714239,0.0,0.897151,0.794721,0.22043,,331
332,weak_evidence,0.26072,0.420984,0.0,0.991083,0.794721,0.085533,,332
333,supported_mixed,0.66439,0.513196,0.001536,0.057138,0.56305,0.783969,,333
334,weak_evidence,0.303896,0.586184,0.0,0.999958,0.94477,0.097752,,334
335,robust_structured,0.638428,0.860867,0.001881,0.086746,0.556696,0.73216,,335
336,robust_structured,0.779983,0.701857,1.1e-05,0.034536,0.707234,0.860215,,336
337,supported_mixed,0.628569,0.466601,8e-06,0.559098,0.955523,0.41349,,337
338,unstable_evidence,0.550429,0.15233,0.934164,0.01162,0.305963,0.990225,,338
339,unstable_evidence,0.238893,0.248452,0.951641,0.930898,0.298631,0.191105,,339
340,supported_mixed,0.58194,0.329912,0.016335,0.082977,0.466276,0.726295,,340
341,redundant_variant,0.534428,0.371294,0.0,0.69417,0.915934,0.311828,E020,361
342,robust_specific,0.800334,0.504725,0.0,0.964012,0.980938,0.652981,E018,342
343,weak_evidence,0.309402,0.796025,0.002705,0.939616,0.541056,0.176931,,343
344,supported_mixed,0.774534,0.46318,0.0,0.051214,0.750244,0.799609,E055,344
345,supported_mixed,0.629186,0.372597,0.020225,0.026126,0.434995,0.910068,,345
346,weak_evidence,0.392714,0.484848,0.001016,0.808908,0.58651,0.262952,,346
347,weak_evidence,0.0,0.160476,0.767341,1.0,0.341153,0.0,,347
348,weak_evidence,0.197337,0.640762,0.005833,0.992784,0.485826,0.080156,,348
349,unstable_evidence,0.076571,0.290323,0.999996,0.976857,0.050831,0.115347,,349
350,unstable_evidence,0.264346,0.159335,0.998619,0.61142,0.201369,0.347019,,350
351,supported_mixed,0.647176,0.516781,0.020225,0.016767,0.434995,0.962854,,351
352,unstable_evidence,0.199234,0.781362,0.997033,0.93821,0.221896,0.178886,,352
353,weak_evidence,0.224558,0.720756,0.004504,0.999029,0.493646,0.102151,,353
354,robust_structured,0.811888,0.78853,1e-05,0.025398,0.72043,0.914956,,354
355,redundant_variant,0.614727,0.55637,0.0,0.436577,0.903226,0.418377,E005,175
356,unstable_evidence,0.049584,0.342294,0.999978,0.999301,0.081134,0.030303,,356
357,robust_structured,0.628166,0.6261,0.003258,0.06829,0.524927,0.751711,,357
358,supported_mixed,0.645096,0.358423,0.000539,0.101914,0.602151,0.691105,,358
359,supported_mixed,0.48818,0.590583,0.002682,0.412638,0.550342,0.43304,,359
360,unstable_evidence,0.312114,0.244705,0.947776,0.6697,0.301075,0.323558,,360
361,supported_mixed,0.645932,0.499511,0.0,0.36501,0.915934,0.455523,E020,361
362,supported_mixed,0.567397,0.32926,0.0,0.558091,0.872434,0.369013,E013,362
363,supported_mixed,0.459886,0.241935,1e-06,0.76838,0.740958,0.285435,,363
364,redundant_variant,0.390441,0.845552,0.005833,0.69288,0.485826,0.313783,E021,580
365,weak_evidence,0.409224,0.254643,0.009891,0.605218,0.47654,0.351417,,365
366,robust_structured,0.66903,0.850603,0.002721,0.092061,0.632454,0.707722,,366
367,weak_evidence,0.371841,0.916259,0.000105,0.916584,0.678397,0.203812,,367
368,supported_mixed,0.565678,0.879928,2e-06,0.402064,0.730694,0.437928,,368
369,unstable_evidence,0.202325,0.455523,0.961628,0.965363,0.290811,0.140762,,369
370,supported_mixed,0.569002,0.533399,0.000112,0.305419,0.66911,0.483871,,370
371,unstable_evidence,0.122307,0.024112,0.944139,0.997289,0.30303,0.049365,,371
372,supported_mixed,0.529114,0.204138,1.3e-05,0.477221,0.695992,0.402248,,372
373,supported_mixed,0.935471,0.405833,0.0,0.020704,0.930596,0.940371,E057,373
374,supported_mixed,0.539488,0.512056,0.68768,0.043489,0.349462,0.832845,,374
375,unstable_evidence,0.141236,0.807755,0.981552,0.993939,0.270283,0.073803,,375
376,unstable_evidence,0.29735,0.705116,0.999929,0.062388,0.114858,0.769795,E075,388
377,unstable_evidence,0.153043,0.381069,0.999905,0.93314,0.125122,0.187195,,377
378,redundant_variant,0.53545,0.939231,0.0,1.0,0.980938,0.292278,E022,562
379,unstable_evidence,0.316937,0.430759,0.986439,0.499401,0.255621,0.392962,,379
380,weak_evidence,0.449921,0.219127,0.053197,0.288469,0.410068,0.493646,,380
381,supported_mixed,0.479496,0.446399,0.026045,0.229584,0.425709,0.540078,,381
382,weak_evidence,0.305964,0.148908,0.002705,0.942374,0.541056,0.173021,,382
383,supported_mixed,0.563384,0.40795,0.001202,0.219552,0.576735,0.550342,,383
384,robust_structured,0.934985,0.775008,0.0,0.021204,0.930596,0.939394,,384
385,weak_evidence,0.314472,0.522483,0.235396,0.78086,0.358749,0.27566,,385
386,redundant_variant,0.453261,0.800424,0.705007,0.993094,0.34653,0.592864,E056,162
387,unstable_evidence,0.129929,0.424894,0.995995,0.993939,0.228739,0.073803,,387
388,unstable_evidence,0.327964,0.540078,0.999929,0.029059,0.114858,0.936461,E075,388
389,weak_evidence,0.336203,0.661942,0.0,0.963844,0.794721,0.142229,,389
390,unstable_evidence,0.054706,0.723688,1.0,0.827744,0.01173,0.255132,,390
391,supported_mixed,0.578166,0.492017,0.777013,0.011025,0.337243,0.991202,,391
392,unstable_evidence,0.213394,0.74275,0.999981,0.181547,0.07869,0.57869,,392
393,supported_mixed,0.611363,0.238677,0.020225,0.03496,0.434995,0.859238,,393
394,redundant_variant,0.606584,0.450635,1e-06,0.286725,0.740958,0.496579,E015,137
395,weak_evidence,0.328262,0.553926,0.003258,0.915747,0.524927,0.205279,,395
396,robust_structured,0.863639,0.621375,0.0,0.015226,0.766862,0.97263,E076,396
397,supported_mixed,0.653512,0.555393,0.0,0.337482,0.915934,0.466276,,397
398,weak_evidence,0.31853,0.900456,0.000105,0.992974,0.678397,0.14956,,398
399,unstable_evidence,0.361615,0.488921,0.999645,0.056435,0.166178,0.786901,,399
400,unstable_evidence,0.286367,0.326328,0.999654,0.271087,0.162268,0.505376,,400
401,redundant_variant,0.581653,0.549202,0.026045,0.053717,0.425709,0.794721,E000,252
402,supported_mixed,0.894391,0.582437,0.0,0.020024,0.833333,0.959922,,402
403,supported_mixed,0.508694,0.468557,0.001202,1.0,0.576735,0.44868,,403
404,supported_mixed,0.581783,0.708863,0.020225,0.058963,0.434995,0.778104,,404
405,nuisance_component,0.240153,0.167481,1.0,0.006264,0.057674,1.0,E044,120
406,supported_mixed,0.705665,0.290811,0.0,0.117799,0.750244,0.663734,,406
407,unstable_evidence,0.230523,0.683936,0.999739,0.999034,0.145161,0.36608,,407
408,supported_mixed,0.452305,0.49218,1e-05,0.769635,0.72043,0.283969,,408
409,weak_evidence,0.40387,0.713099,0.001016,0.774639,0.58651,0.278104,,409
410,unstable_evidence,0.148955,0.036983,0.988697,0.99067,0.252199,0.087977,,410
411,unstable_evidence,0.073424,0.413001,1.0,0.494038,0.013685,0.393939,,411
412,weak_evidence,0.242434,0.261975,0.06683,0.99917,0.396872,0.148094,,412
413,unstable_evidence,0.34334,0.505213,0.999734,0.051383,0.147605,0.798631,,413
414,supported_mixed,0.707602,0.386282,2e-06,0.307866,0.730694,0.685239,E077,414
415,robust_specific,0.780589,0.92408,0.0,0.915475,0.833333,0.731183,,415
416,supported_mixed,0.461381,0.351092,0.0,0.99991,0.980938,0.217009,,416
417,supported_mixed,0.614348,0.371619,0.164046,0.010003,0.379277,0.995112,,417
418,unstable_evidence,0.154649,0.679863,0.999928,0.919891,0.118768,0.201369,,418
419,unstable_evidence,0.486435,0.627403,0.963062,0.047537,0.288856,0.819159,,419
420,robust_specific,0.649486,0.648094,0.0,1.0,0.794721,0.530792,E019,420
421,unstable_evidence,0.165394,0.831052,0.998484,0.999676,0.205767,0.132942,E058,173
422,weak_evidence,0.085623,0.213587,0.52751,0.999928,0.833333,0.008798,,422
423,unstable_evidence,0.242947,0.40404,0.999941,0.224909,0.108016,0.546432,,423
424,unstable_evidence,0.464237,0.565819,0.986439,0.040147,0.255621,0.843109,,424
425,weak_evidence,0.270818,0.352558,0.0,0.991482,0.872434,0.084066,,425
426,robust_structured,0.659178,0.630987,0.001482,0.063645,0.568426,0.764418,,426
427,unstable_evidence,0.43912,0.390029,0.955675,0.127492,0.296188,0.651026,,427
428,supported_mixed,0.958051,0.321603,0.0,0.012649,0.930596,0.986315,,428
429,weak_evidence,0.343933,0.30694,0.419354,0.639055,0.35435,0.333822,,429
430,unstable_evidence,0.083066,0.254969,0.999914,0.996083,0.121701,0.056696,,430
431,robust_specific,0.60562,0.878462,2e-06,0.999988,0.730694,0.501955,E078,431
432,unstable_evidence,0.450849,0.410394,0.980032,0.075735,0.276149,0.73607,E006,718
433,weak_evidence,0.22476,0.4319,0.1184,0.987774,0.390029,0.129521,,433
434,supported_mixed,0.778256,0.434669,0.0,0.114142,0.903226,0.670577,E069,434
435,redundant_variant,0.782107,0.825024,0.0,0.051596,0.766862,0.797654,E004,550
436,supported_mixed,0.498864,0.085859,0.003258,0.323641,0.524927,0.474096,,436
437,weak_evidence,0.393979,0.122678,0.026045,0.563998,0.425709,0.364614,,437
438,supported_mixed,0.566863,0.730042,0.016335,0.103628,0.466276,0.68915,,438
439,supported_mixed,0.566906,0.866569,0.000539,0.822233,0.602151,0.533724,,439
440,unstable_evidence,0.232957,0.316064,0.999789,0.54294,0.142717,0.380254,,440
441,weak_evidence,0.240594,0.388726,0.016335,0.974052,0.466276,0.124145,,441
442,unstable_evidence,0.38093,0.392799,0.999084,0.059612,0.187195,0.775171,,442
443,weak_evidence,0.380605,0.415934,1e-06,0.927844,0.740958,0.195503,,443
444,supported_mixed,0.800209,0.591561,0.0,0.084987,0.890029,0.719453,,444
445,unstable_evidence,0.243199,0.09319,0.999961,0.133784,0.092375,0.640274,,445
446,supported_mixed,0.649504,0.318671,4.2e-05,0.148545,0.687195,0.613881,,446
447,supported_mixed,0.715446,0.55523,0.001536,0.026214,0.56305,0.909091,,447
448,weak_evidence,0.095599,0.339687,0.003834,0.999745,0.505376,0.018084,,448
449,redundant_variant,0.567897,0.528185,0.026045,0.065133,0.425709,0.757576,E045,123
450,unstable_evidence,0.126729,0.431248,0.999914,0.970135,0.121701,0.131965,,450
451,unstable_evidence,0.183274,0.258227,0.999249,0.933878,0.181329,0.185239,,451
452,unstable_evidence,0.24677,0.089117,0.999985,0.036619,0.071359,0.853372,,452
453,unstable_evidence,0.278824,0.318833,0.980032,0.770888,0.276149,0.281525,,453
454,unstable_evidence,0.101544,0.471815,0.999993,0.9502,0.064516,0.159824,,454
455,unstable_evidence,0.05425,0.286575,1.0,0.778792,0.006843,0.430108,,455
456,unstable_evidence,0.156305,0.848648,0.999999,0.076306,0.033236,0.735093,E079,488
457,unstable_evidence,0.353729,0.450147,0.999869,0.026064,0.137341,0.911046,E080,845
458,unstable_evidence,0.312516,0.209026,0.999249,0.230882,0.181329,0.538612,,458
459,supported_mixed,0.533556,0.528674,0.000137,0.407314,0.654448,0.434995,,459
460,unstable_evidence,0.051577,0.427664,1.0,0.108187,0.00391,0.680352,,460
461,supported_mixed,0.55849,0.265722,0.077316,0.054038,0.392962,0.793744,,461
462,weak_evidence,0.24607,0.20202,1.3e-05,0.990878,0.695992,0.086999,,462
463,supported_mixed,0.491611,0.359238,0.003258,1.0,0.524927,0.460411,,463
464,supported_mixed,0.521423,0.346856,0.003743,0.239795,0.512219,0.530792,,464
465,supported_mixed,0.575998,0.71929,0.0,0.997033,0.980938,0.338221,,465
466,unstable_evidence,0.493235,0.419518,0.807601,0.071929,0.327468,0.742913,,466
467,supported_mixed,0.598125,0.71652,0.001016,0.151359,0.58651,0.609971,,467
468,robust_structured,0.748309,0.739492,0.0,0.081132,0.766862,0.730205,,468
469,unstable_evidence,0.367835,0.507168,0.999654,0.043394,0.162268,0.833822,,469
470,redundant_variant,0.594588,0.870805,0.0,0.99939,0.833333,0.424242,E016,141
471,supported_mixed,0.493695,0.285598,0.003258,0.993718,0.524927,0.464321,,471
472,weak_evidence,0.390712,0.513848,0.0,0.947021,0.915934,0.166667,,472
473,weak_evidence,0.047311,0.576735,0.018987,0.999985,0.457967,0.004888,,473
474,redundant_variant,0.512576,0.747801,0.0,0.795621,0.980938,0.26784,E021,580
475,supported_mixed,0.938219,0.38335,0.0,0.027976,0.980938,0.897361,,475
476,redundant_variant,0.54297,0.980775,0.0,0.999999,0.794721,0.370968,E019,420
477,redundant_variant,0.42218,0.644021,0.002705,0.684726,0.541056,0.329423,E065,211
478,unstable_evidence,0.321405,0.458456,0.991909,0.43563,0.246334,0.419355,,478
479,robust_structured,0.909416,0.709514,0.0,0.040147,0.980938,0.843109,,479
480,supported_mixed,0.522077,0.387423,0.016335,0.172292,0.466276,0.584555,,480
481,weak_evidence,0.272879,0.809873,0.251983,0.951198,0.356794,0.2087,,481
482,unstable_evidence,0.31065,0.658684,0.980032,0.607695,0.276149,0.349462,,482
483,supported_mixed,0.550535,0.340665,0.08311,0.06072,0.391984,0.773216,,483
484,supported_mixed,0.45458,0.848811,0.0,0.985793,0.794721,0.26002,,484
485,weak_evidence,0.323693,0.844086,0.000105,0.953861,0.678397,0.154448,,485
486,weak_evidence,0.368164,0.405995,0.000896,0.888617,0.593842,0.22825,,486
487,unstable_evidence,0.173276,0.179211,0.999953,0.69417,0.096285,0.311828,,487
488,supported_mixed,0.465987,0.44868,0.567978,0.145809,0.350929,0.618768,E079,488
489,unstable_evidence,0.051963,0.249104,0.999994,0.998507,0.062072,0.0435,,489
490,unstable_evidence,0.269064,0.503095,0.951641,0.857933,0.298631,0.242424,,490
491,weak_evidence,0.330264,0.486641,0.000137,0.947021,0.654448,0.166667,,491
492,supported_mixed,0.576855,0.335614,0.003258,0.138242,0.524927,0.63392,,492
493,redundant_variant,0.566842,0.750896,0.0,0.638007,0.955523,0.336266,E006,718
494,supported_mixed,0.909609,0.364777,0.0,0.023343,0.890029,0.929619,E081,494
495,redundant_variant,0.885055,0.522483,9e-06,0.017395,0.817693,0.957967,E002,133
496,unstable_evidence,0.108518,0.574128,1.0,0.024172,0.012708,0.926686,,496
497,unstable_evidence,0.288094,0.429619,0.999942,0.056237,0.105083,0.789834,,497
498,unstable_evidence,0.168214,0.421636,0.978751,0.983139,0.281036,0.100684,,498
499,unstable_evidence,0.181868,0.537146,0.99993,0.739212,0.112414,0.294233,,499
500,supported_mixed,0.702018,0.356794,0.0,0.125137,0.750244,0.656891,,500
501,supported_mixed,0.510053,0.18752,0.003258,0.287305,0.524927,0.495601,,501
502,unstable_evidence,0.346223,0.225318,0.999252,0.108904,0.176442,0.679374,,502
503,robust_structured,0.805014,0.769632,0.0,0.038784,0.766862,0.845064,,503
504,redundant_variant,0.82411,0.491039,0.0,0.029097,0.766862,0.88563,E076,396
505,unstable_evidence,0.212825,0.42522,0.999876,0.630206,0.13392,0.338221,,505
506,supported_mixed,0.544187,0.199088,0.556531,0.040733,0.352884,0.839198,,506
507,supported_mixed,0.557926,0.481101,0.000209,0.291407,0.632454,0.49218,,507
508,redundant_variant,0.580846,0.736559,0.297199,0.019128,0.355816,0.948192,E082,649
509,redundant_variant,0.14147,0.693874,0.001202,1.0,0.576735,0.034702,E017,199
510,supported_mixed,0.973826,0.34262,7e-06,0.015915,0.980938,0.966764,,510
511,supported_mixed,0.523831,0.699088,0.020043,0.149708,0.447703,0.612903,,511
512,weak_evidence,0.322272,0.225481,0.0,0.977996,0.915934,0.113392,,512
513,unstable_evidence,0.103216,0.799772,0.999981,0.967326,0.07869,0.135386,,513
514,unstable_evidence,0.449424,0.300749,0.983612,0.06395,0.264907,0.762463,,514
515,redundant_variant,0.80742,0.663734,1.1e-05,0.024531,0.707234,0.921799,E068,249
516,nuisance_component,0.579,0.570381,0.999118,0.73172,0.94477,0.354839,,516
517,weak_evidence,0.309373,0.519225,2e-06,0.97148,0.730694,0.130987,,517
518,unstable_evidence,0.203602,0.355653,0.999966,0.358077,0.09042,0.458456,,518
519,unstable_evidence,0.489598,0.683936,0.804085,0.083733,0.331378,0.723363,,519
520,supported_mixed,0.752439,0.512871,0.000137,0.033513,0.654448,0.865103,,520
521,robust_structured,0.684108,0.811176,0.000209,0.072378,0.632454,0.73998,,521
522,redundant_variant,0.529993,0.789997,0.026045,0.123369,0.425709,0.659824,E000,252
523,unstable_evidence,0.197526,0.770935,0.999905,0.69417,0.125122,0.311828,,523
524,unstable_evidence,0.217207,0.136364,0.995995,0.911491,0.228739,0.206256,,524
525,supported_mixed,0.733129,0.174161,0.0,0.096551,0.766862,0.70088,,525
526,weak_evidence,0.119311,0.89508,0.004504,0.999931,0.493646,0.028837,,526
527,weak_evidence,0.347118,0.134572,0.777013,0.60028,0.337243,0.357283,,527
528,unstable_evidence,0.347195,0.335125,0.8877,0.52472,0.313783,0.384164,,528
529,redundant_variant,0.377818,0.852232,0.000276,0.88472,0.618768,0.230694,E083,921
530,unstable_evidence,0.186165,0.192245,0.995995,0.955629,0.228739,0.151515,,530
531,robust_structured,0.789262,0.791137,0.0,0.048944,0.766862,0.812317,,531
532,weak_evidence,0.098482,0.243728,0.06683,0.999597,0.396872,0.024438,,532
533,unstable_evidence,0.232567,0.336429,0.999887,0.444229,0.130499,0.414467,,533
534,unstable_evidence,0.378349,0.425057,0.999481,0.040733,0.170577,0.839198,,534
535,supported_mixed,0.50785,0.374389,0.68768,0.074143,0.349462,0.738025,,535
536,unstable_evidence,0.37215,0.55914,0.997033,0.14271,0.221896,0.624145,,536
537,redundant_variant,0.975793,0.63001,0.0,0.015464,0.980938,0.970674,E023,731
538,weak_evidence,0.392959,0.814435,0.164046,0.464959,0.379277,0.407136,,538
539,unstable_evidence,0.138998,0.235745,0.999249,0.980852,0.181329,0.106549,,539
540,redundant_variant,0.865882,0.800749,5.6e-05,0.025095,0.817693,0.916911,E002,133
541,supported_mixed,0.560154,0.597915,0.167137,0.035068,0.365591,0.85826,,541
542,redundant_variant,0.84577,0.404366,0.00116,0.140542,0.980938,0.729228,E001,971
543,unstable_evidence,0.139048,0.507983,0.999985,0.811296,0.073803,0.261975,,543
544,unstable_evidence,0.199901,0.774031,0.999981,0.269478,0.07869,0.50782,,544
545,supported_mixed,0.527721,0.305637,0.016335,0.159259,0.466276,0.597263,E024,545
546,redundant_variant,0.571541,0.352558,1e-06,0.397745,0.740958,0.44086,E015,137
547,supported_mixed,0.527557,0.485663,0.0,0.999987,0.750244,0.370968,,547
548,redundant_variant,0.602899,0.804008,0.001016,0.993689,0.58651,0.619746,E084,871
549,supported_mixed,0.45238,0.370316,0.001202,0.601513,0.576735,0.354839,,549
550,robust_structured,0.795412,0.695666,0.0,0.045332,0.766862,0.825024,E004,550
551,unstable_evidence,0.059138,0.130499,1.0,0.08728,0.004888,0.715543,,551
552,supported_mixed,0.760508,0.47377,4.2e-05,0.040285,0.687195,0.841642,E085,552
553,weak_evidence,0.262567,0.099544,0.018987,0.956784,0.457967,0.150538,,553
554,supported_mixed,0.50338,0.457641,0.020043,0.198748,0.447703,0.565982,E086,554
555,supported_mixed,0.706845,0.536168,0.0,0.241633,0.94477,0.528837,,555
556,redundant_variant,0.877345,0.782828,5.6e-05,0.02031,0.817693,0.941349,E002,133
557,supported_mixed,0.450523,0.870642,2.2e-05,0.879762,0.872434,0.232649,E007,557
558,weak_evidence,0.299352,0.75839,0.16429,0.861146,0.373412,0.23998,,558
559,weak_evidence,0.371011,0.468394,0.016335,0.737933,0.466276,0.29521,E087,559
560,unstable_evidence,0.490669,0.642555,0.970101,0.042131,0.28739,0.837732,,560
561,supported_mixed,0.538962,0.357445,0.0,0.67227,0.903226,0.321603,,561
562,robust_specific,0.627011,0.720104,0.0,0.99999,0.980938,0.400782,E022,562
563,supported_mixed,0.655156,0.510264,1e-05,0.159516,0.72043,0.595797,,563
564,redundant_variant,0.192095,0.571196,0.000356,0.997854,0.794721,0.046432,E054,155
565,supported_mixed,0.511938,0.717335,0.777013,0.059017,0.337243,0.777126,,565
566,unstable_evidence,0.389947,0.433529,0.999731,0.013373,0.154936,0.981427,,566
567,supported_mixed,0.4632,0.582111,0.142125,0.203408,0.38172,0.562072,,567
568,unstable_evidence,0.423792,0.180189,0.997033,0.060161,0.221896,0.809384,E064,568
569,unstable_evidence,0.307525,0.689638,0.997033,0.421678,0.221896,0.426197,,569
570,weak_evidence,0.419526,0.611763,0.003258,0.632729,0.524927,0.335288,,570
571,unstable_evidence,0.55488,0.41349,0.807819,0.019008,0.324047,0.950147,E066,571
572,redundant_variant,0.679534,0.504725,0.0,0.266824,0.903226,0.511241,E005,175
573,supported_mixed,0.505844,0.670903,0.167137,0.097515,0.365591,0.699902,,573
574,supported_mixed,0.514547,0.381883,0.005833,0.22575,0.485826,0.544966,,574
575,supported_mixed,0.555781,0.401271,0.018987,0.992978,0.457967,0.674487,,575
576,nuisance_component,0.896491,0.87781,1.0,0.033533,0.930596,0.863636,,576
577,weak_evidence,0.028166,0.255947,0.002705,0.999996,0.541056,0.001466,,577
578,supported_mixed,0.46141,0.817693,0.000746,0.678702,0.66911,0.318182,,578
579,unstable_evidence,0.402661,0.618931,0.955675,0.224074,0.296188,0.54741,,579
580,supported_mixed,0.671324,0.421147,0.0,0.352792,0.980938,0.459433,E021,580
581,redundant_variant,0.52589,0.772239,0.0,0.610177,0.794721,0.347996,E031,15
582,unstable_evidence,0.205315,0.097915,0.99986,0.719958,0.139785,0.301564,,582
583,redundant_variant,0.720596,0.4174,4.2e-05,0.065899,0.687195,0.755621,E085,552
584,redundant_variant,0.403673,0.568263,0.0,0.938915,0.915934,0.177908,E020,361
585,robust_specific,0.751727,0.780547,0.0,0.934652,0.955523,0.591398,,585
586,supported_mixed,0.717326,0.569241,4.2e-05,0.069609,0.687195,0.748778,E009,586
587,supported_mixed,0.7065,0.527696,1.1e-05,0.092955,0.707234,0.705767,,587
588,weak_evidence,0.403448,0.458456,0.031666,0.993136,0.418377,0.389052,,588
589,supported_mixed,0.640364,0.549202,0.020043,0.025292,0.447703,0.915934,E008,589
590,unstable_evidence,0.436511,0.58146,0.998619,0.019393,0.201369,0.946237,,590
591,unstable_evidence,0.155729,0.703324,0.999929,0.906242,0.114858,0.211144,,591
592,unstable_evidence,0.130153,0.74943,0.999905,0.967326,0.125122,0.135386,,592
593,redundant_variant,0.706946,0.565005,0.002682,0.02666,0.550342,0.908113,E036,53
594,supported_mixed,0.61074,0.52623,0.125745,0.016173,0.386608,0.964809,,594
595,weak_evidence,0.429747,0.519876,0.020043,0.453984,0.447703,0.412512,,595
596,supported_mixed,0.516299,0.403715,0.053197,0.128046,0.410068,0.650049,,596
597,supported_mixed,0.453725,0.40404,0.0,1.0,0.794721,0.259042,,597
598,supported_mixed,0.940771,0.32144,0.0,0.097883,0.980938,0.902248,E088,598
599,unstable_evidence,0.130267,0.029488,0.9565,0.995851,0.294233,0.057674,,599
600,unstable_evidence,0.366839,0.399479,0.999792,0.017805,0.140762,0.956012,,600
601,supported_mixed,0.65849,0.302216,0.003743,0.038501,0.512219,0.84653,,601
602,unstable_evidence,0.387485,0.691593,0.807819,0.371606,0.324047,0.463343,,602
603,weak_evidence,0.075491,0.512219,0.005833,0.999885,0.485826,0.01173,,603
604,unstable_evidence,0.404145,0.482568,0.8877,0.253073,0.313783,0.520528,,604
605,supported_mixed,0.806796,0.162757,4.2e-05,0.019297,0.687195,0.947214,E025,605
606,supported_mixed,0.702914,0.492669,0.0,0.251117,0.94477,0.522972,,606
607,weak_evidence,0.307673,0.767351,1e-06,0.980162,0.872434,0.108504,,607
608,supported_mixed,0.746448,0.09596,0.0,0.115237,0.833333,0.668622,,608
609,robust_structured,0.775984,0.746008,1.1e-05,0.037139,0.707234,0.851417,,609
610,weak_evidence,0.411008,0.582111,0.020043,0.545252,0.447703,0.377322,,610
611,weak_evidence,0.328148,0.492343,0.000896,0.936065,0.593842,0.181329,,611
612,unstable_evidence,0.206468,0.703324,0.999942,0.465969,0.105083,0.40567,,612
613,unstable_evidence,0.458558,0.457641,0.997158,0.014548,0.215543,0.975562,E010,21
614,supported_mixed,0.492582,0.371945,0.0,0.804106,0.915934,0.264907,,614
615,unstable_evidence,0.233861,0.801564,0.981552,0.918247,0.270283,0.202346,,615
616,supported_mixed,0.646097,0.340991,0.003834,0.045162,0.505376,0.826002,,616
617,unstable_evidence,0.181848,0.42636,0.999994,0.238428,0.062072,0.532747,,617
618,weak_evidence,0.380856,0.236885,0.777013,0.418037,0.337243,0.430108,,618
619,supported_mixed,0.607957,0.373412,0.061969,0.084637,0.402248,0.918866,,619
620,nuisance_component,0.190527,0.633105,0.999994,0.996825,0.66911,0.054252,E089,1001
621,weak_evidence,0.195524,0.411698,0.005833,0.998803,0.485826,0.07869,,621
622,robust_structured,0.775852,0.828772,0.0,0.056785,0.766862,0.784946,,622
623,robust_structured,0.875521,0.600358,0.0,0.021791,0.817693,0.937439,,623
624,robust_structured,0.938328,0.658195,0.0,0.011882,0.890029,0.989247,,624
625,unstable_evidence,0.090488,0.52118,0.999999,0.897151,0.037146,0.22043,,625
626,supported_mixed,0.87485,0.538449,7e-06,0.008945,0.766862,0.998045,,626
627,unstable_evidence,0.420918,0.408276,0.947776,0.169452,0.301075,0.588465,,627
628,robust_structured,0.655483,0.922124,0.0,0.68559,0.955523,0.449658,E090,628
629,supported_mixed,0.662691,0.413327,0.000147,0.106633,0.642717,0.683284,E091,629
630,unstable_evidence,0.071432,0.284946,1.0,0.032811,0.005865,0.86999,,630
631,unstable_evidence,0.108286,0.701531,0.999928,0.984061,0.118768,0.098729,,631
632,robust_structured,0.68381,0.891821,0.0,0.188228,0.817693,0.571848,,632
633,weak_evidence,0.296608,0.553112,0.0,0.999999,0.833333,0.105572,,633
634,weak_evidence,0.218016,0.640437,0.004504,0.985802,0.493646,0.096285,,634
635,supported_mixed,0.796394,0.565982,0.0,0.088724,0.890029,0.71261,E092,635
636,unstable_evidence,0.073595,0.326817,0.981552,0.999695,0.270283,0.020039,,636
637,supported_mixed,0.613169,0.457315,0.003957,0.122006,0.499511,0.752688,,637
638,unstable_evidence,0.471646,0.41463,0.994249,0.021738,0.237048,0.938416,E093,638
639,supported_mixed,0.457766,0.845552,0.001016,0.60028,0.58651,0.357283,,639
640,unstable_evidence,0.390432,0.214728,0.999249,0.040368,0.181329,0.840665,,640
641,robust_structured,0.659463,0.716194,0.000276,0.093977,0.618768,0.702835,E041,641
642,supported_mixed,0.586877,0.345552,0.020225,0.055649,0.434995,0.791789,,642
643,unstable_evidence,0.270533,0.681655,0.999942,0.099488,0.105083,0.696481,,643
644,unstable_evidence,0.117018,0.603943,0.999739,0.987151,0.145161,0.09433,,644
645,redundant_variant,0.184683,0.71261,0.001202,0.999294,0.576735,0.05914,E017,199
646,weak_evidence,0.242668,0.669273,0.005833,0.974875,0.485826,0.121212,,646
647,supported_mixed,0.628264,0.56028,0.000137,0.154743,0.654448,0.603128,,647
648,weak_evidence,0.348669,0.524112,0.000147,0.931649,0.642717,0.18915,,648
649,robust_structured,0.636911,0.827142,0.020225,0.0227,0.434995,0.932551,E082,649
650,unstable_evidence,0.206497,0.42245,0.999971,0.283848,0.085533,0.498534,,650
651,unstable_evidence,0.290044,0.448355,0.999379,0.301683,0.173509,0.484848,,651
652,weak_evidence,0.099327,0.388889,0.760868,0.999333,0.342131,0.028837,,652
653,redundant_variant,0.971361,0.67856,0.0,0.016936,0.980938,0.961877,E023,731
654,redundant_variant,0.443848,0.530466,0.000433,0.891498,0.872434,0.225806,E007,557
655,unstable_evidence,0.421554,0.261486,0.991909,0.084405,0.246334,0.721408,,655
656,unstable_evidence,0.230396,0.399316,0.999996,0.015649,0.054741,0.969697,,656
657,redundant_variant,0.588667,0.529814,0.0,0.999348,0.955523,0.362659,E090,628
658,weak_evidence,0.170002,0.229065,0.061969,0.994392,0.402248,0.071848,,658
659,unstable_evidence,0.379102,0.350929,0.983612,0.228724,0.264907,0.542522,,659
660,robust_structured,0.871798,0.827957,0.0,0.048024,0.930596,0.816716,,660
661,weak_evidence,0.123724,0.490062,0.562116,0.998507,0.351906,0.0435,,661
662,unstable_evidence,0.146279,0.642229,0.999997,0.385925,0.047898,0.446725,E071,299
663,unstable_evidence,0.308264,0.674813,0.998888,0.294982,0.194037,0.489736,E024,545
664,unstable_evidence,0.392989,0.414141,0.997158,0.087178,0.215543,0.71652,,664
665,unstable_evidence,0.024807,0.26002,0.999981,0.999961,0.07869,0.00782,,665
666,weak_evidence,0.235314,0.725806,0.000105,0.992244,0.678397,0.081623,,666
667,supported_mixed,0.477585,0.931411,0.0,0.999302,0.833333,0.273705,,667
668,supported_mixed,0.690788,0.433203,0.0,0.173738,0.817693,0.583578,,668
669,weak_evidence,0.382879,0.343109,0.002682,0.801692,0.550342,0.266373,,669
670,weak_evidence,0.360187,0.499348,0.0,0.948943,0.794721,0.163245,,670
671,supported_mixed,0.537043,0.886608,0.001881,0.256046,0.556696,0.518084,,671
672,weak_evidence,0.18239,0.492506,0.000137,0.997201,0.654448,0.050831,,672
673,unstable_evidence,0.438656,0.409091,0.978484,0.110215,0.284457,0.676442,,673
674,unstable_evidence,0.386271,0.835451,0.998619,0.072228,0.201369,0.740958,,674
675,unstable_evidence,0.311109,0.322255,0.999734,0.134578,0.151515,0.638807,,675
676,supported_mixed,0.463046,0.75839,0.0,0.999711,0.794721,0.269795,,676
677,unstable_evidence,0.285118,0.327631,0.999945,0.04914,0.100196,0.811339,,677
678,unstable_evidence,0.172517,0.319485,0.999994,0.313716,0.062072,0.479472,,678
679,unstable_evidence,0.346443,0.21375,0.999869,0.031916,0.137341,0.8739,,679
680,unstable_evidence,0.373522,0.252036,0.999734,0.024731,0.151515,0.920821,,680
681,redundant_variant,0.8837,0.391821,0.000299,0.017915,0.817693,0.955034,E002,133
682,unstable_evidence,0.25869,0.264744,0.999252,0.544095,0.176442,0.379277,,682
683,supported_mixed,0.580754,0.423754,0.0,0.549896,0.903226,0.373412,,683
684,redundant_variant,0.67601,0.926035,0.0,0.865542,0.833333,0.548387,E094,706
685,unstable_evidence,0.466896,0.311665,0.807601,0.116828,0.327468,0.665689,E034,43
686,unstable_evidence,0.245232,0.085859,0.999928,0.270549,0.118768,0.506354,,686
687,unstable_evidence,0.398178,0.38172,0.958183,0.229153,0.292766,0.541544,,687
688,unstable_evidence,0.232877,0.12056,0.958183,0.933878,0.292766,0.185239,,688
689,unstable_evidence,0.338433,0.50114,0.999789,0.051046,0.142717,0.802542,,689
690,redundant_variant,0.623746,0.542196,0.020043,0.032907,0.447703,0.869013,E008,589
691,unstable_evidence,0.50329,0.626426,0.939989,0.045587,0.304497,0.831867,E033,40
692,redundant_variant,0.856473,0.843271,0.0,0.171323,0.980938,0.747801,E088,598
693,redundant_variant,0.604589,0.819159,0.000539,0.286261,0.602151,0.607038,E095,982
694,weak_evidence,0.26885,0.422287,0.000276,0.987708,0.618768,0.116813,,694
695,redundant_variant,0.627534,0.711958,0.003957,0.967646,0.499511,0.788368,E043,104
696,weak_evidence,0.427419,0.519225,0.0,0.904457,0.855327,0.213587,,696
697,supported_mixed,0.691779,0.54073,2e-06,0.765454,0.730694,0.654936,,697
698,redundant_variant,0.890762,0.540567,0.0,0.028278,0.890029,0.891496,E081,494
699,weak_evidence,0.394529,0.250407,0.016335,0.639055,0.466276,0.333822,,699
700,weak_evidence,0.362647,0.480938,0.167137,0.595365,0.365591,0.359726,,700
701,unstable_evidence,0.163549,0.398012,0.999999,0.136392,0.042033,0.636364,,701
702,unstable_evidence,0.445405,0.4565,0.990042,0.055024,0.250244,0.792766,,702
703,robust_structured,0.762956,0.771913,1.1e-05,0.045538,0.707234,0.823069,,703
704,supported_mixed,0.635855,0.549528,0.000137,0.146034,0.654448,0.617791,,704
705,weak_evidence,0.118863,0.107364,0.06184,0.998959,0.407136,0.034702,,705
706,supported_mixed,0.76584,0.362496,0.0,0.402348,0.833333,0.703812,E094,706
707,supported_mixed,0.850797,0.516618,0.0,0.04848,0.890029,0.813294,,707
708,unstable_evidence,0.206117,0.275823,0.999489,0.839177,0.16911,0.251222,,708
709,weak_evidence,0.126196,0.462691,0.0,0.999695,0.794721,0.020039,,709
710,nuisance_component,0.280106,0.71929,1.0,0.989582,0.872434,0.089932,E037,54
711,unstable_evidence,0.183509,0.162757,0.999966,0.552228,0.09042,0.372434,,711
712,unstable_evidence,0.023854,0.478169,0.998888,0.999996,0.194037,0.002933,,712
713,unstable_evidence,0.243314,0.386771,0.999953,0.148314,0.096285,0.614858,,713
714,supported_mixed,0.540763,0.304497,0.000209,0.343944,0.632454,0.462366,,714
715,supported_mixed,0.785671,0.432877,0.0,0.100882,0.890029,0.693548,,715
716,supported_mixed,0.48022,0.221408,0.0,0.999999,0.980938,0.235093,,716
717,unstable_evidence,0.18037,0.245683,0.995995,0.963844,0.228739,0.142229,,717
718,supported_mixed,0.795788,0.542196,0.0,0.11928,0.955523,0.662757,E006,718
719,unstable_evidence,0.176129,0.596774,0.999976,0.558091,0.084066,0.369013,,719
720,weak_evidence,0.306325,0.914467,0.000105,0.999858,0.678397,0.138319,,720
721,unstable_evidence,0.422711,0.544314,0.993507,0.0773,0.243402,0.734115,E026,997
722,supported_mixed,0.580155,0.302053,0.0,0.40033,0.766862,0.438905,,722
723,unstable_evidence,0.125004,0.341642,0.99999,0.880761,0.067449,0.231672,,723
724,unstable_evidence,0.272676,0.153959,0.998888,0.532632,0.194037,0.383187,E096,724
725,unstable_evidence,0.020317,0.489736,1.0,0.997017,0.00782,0.052786,,725
726,weak_evidence,0.224558,0.518573,0.004504,0.982824,0.493646,0.102151,,726
727,redundant_variant,0.832256,0.421962,0.0,0.02746,0.766862,0.903226,E027,758
728,redundant_variant,0.415567,0.950472,0.0,0.925506,0.872434,0.197947,E007,557
729,weak_evidence,0.256968,0.587488,0.0,0.99187,0.794721,0.083089,,729
730,robust_structured,0.929618,0.950472,0.0,0.023668,0.930596,0.928641,E097,730
731,robust_structured,0.982648,0.836918,0.0,0.013184,0.980938,0.98436,E023,731
732,robust_specific,0.60296,0.891333,2e-06,0.99997,0.730694,0.497556,,732
733,unstable_evidence,0.3573,0.48045,0.983612,0.307942,0.264907,0.481916,,733
734,weak_evidence,0.325048,0.40013,0.000539,0.940313,0.602151,0.175464,,734
735,unstable_evidence,0.063599,0.580808,0.999999,0.983758,0.040567,0.099707,,735
736,robust_structured,0.621175,0.78234,0.0,0.371304,0.855327,0.451124,,736
737,redundant_variant,0.583217,0.889052,0.001536,0.428412,0.56305,0.604106,E098,830
738,robust_structured,0.878076,0.682144,0.0,0.024226,0.833333,0.92522,,738
739,supported_mixed,0.739913,0.273216,4.2e-05,0.052682,0.687195,0.796676,,739
740,supported_mixed,0.55301,0.403877,0.0,0.579549,0.845552,0.361681,,740
741,unstable_evidence,0.223559,0.783969,0.999996,0.025565,0.054741,0.913001,,741
742,unstable_evidence,0.539426,0.437439,0.852231,0.026725,0.321114,0.906158,,742
743,weak_evidence,0.091642,0.606224,0.003834,0.99976,0.505376,0.016618,,743
744,robust_structured,0.827714,0.646953,1.1e-05,0.015706,0.707234,0.968719,,744
745,weak_evidence,0.18322,0.860867,0.000276,0.996825,0.618768,0.054252,,745
746,supported_mixed,0.457954,0.310688,0.001202,0.82829,0.576735,0.363636,,746
747,redundant_variant,0.917229,0.644184,0.0,0.019497,0.890029,0.945259,E052,147
748,robust_structured,0.925204,0.83317,0.0,0.024832,0.930596,0.919844,,748
749,supported_mixed,0.500834,0.678886,0.000112,0.54641,0.66911,0.374878,,749
750,unstable_evidence,0.230961,0.671228,0.998799,0.790729,0.198436,0.268817,,750
751,unstable_evidence,0.437393,0.338873,0.997158,0.028764,0.215543,0.887586,,751
752,redundant_variant,0.568826,0.624471,2e-06,0.99861,0.730694,0.442815,E078,431
753,unstable_evidence,0.332827,0.752199,0.999526,0.124072,0.168133,0.658847,,753
754,unstable_evidence,0.085051,0.608504,0.999996,0.99935,0.052297,0.138319,,754
755,weak_evidence,0.173628,0.167644,0.002705,0.996726,0.541056,0.055718,,755
756,supported_mixed,0.640053,0.372271,0.003957,0.046951,0.499511,0.820137,,756
757,unstable_evidence,0.041003,0.570381,1.0,0.994821,0.024927,0.067449,,757
758,supported_mixed,0.867104,0.556044,0.0,0.013895,0.766862,0.98045,E027,758
759,redundant_variant,0.823366,0.704138,0.003561,0.265334,0.980938,0.691105,E001,971
760,unstable_evidence,0.39847,0.529326,0.999654,0.014185,0.162268,0.978495,,760
761,unstable_evidence,0.128498,0.38172,0.999999,0.429993,0.039101,0.422287,,761
762,redundant_variant,0.892678,0.741935,0.0,0.035461,0.930596,0.856305,E097,730
763,supported_mixed,0.478459,0.436624,0.000112,0.625171,0.66911,0.342131,,763
764,weak_evidence,0.283058,0.163897,0.009891,0.946371,0.47654,0.168133,,764
765,supported_mixed,0.553216,0.109808,0.009891,0.132997,0.47654,0.642229,,765
766,supported_mixed,0.542282,0.864451,4.1e-05,0.999652,0.833333,0.352884,,766
767,supported_mixed,0.732066,0.511567,1e-05,0.07178,0.72043,0.743891,,767
768,supported_mixed,0.616335,0.501466,0.020043,0.038021,0.447703,0.848485,,768
769,supported_mixed,0.612539,0.054415,0.000137,0.187902,0.654448,0.573314,,769
770,supported_mixed,0.570999,0.470186,0.020043,0.081679,0.447703,0.72825,,770
771,weak_evidence,0.334286,0.462366,0.0,0.999523,0.94477,0.11828,,771
772,redundant_variant,0.65573,0.582926,0.0,0.318962,0.903226,0.476051,E000,252
773,unstable_evidence,0.100069,0.279081,0.999887,0.993623,0.130499,0.076735,,773
774,supported_mixed,0.578272,0.822418,0.001881,0.155978,0.556696,0.600684,,774
775,supported_mixed,0.879398,0.357445,3.3e-05,0.142016,0.980938,0.788368,,775
776,supported_mixed,0.580527,0.558325,0.164046,0.028734,0.379277,0.888563,,776
777,redundant_variant,0.483189,0.21652,0.003258,0.389262,0.524927,0.44477,E026,997
778,unstable_evidence,0.242896,0.680026,0.999688,0.54641,0.15738,0.374878,,778
779,weak_evidence,0.326253,0.398012,0.009891,0.894343,0.47654,0.223363,,779
780,robust_structured,0.83809,0.713262,1.1e-05,0.010359,0.707234,0.993157,,780
781,redundant_variant,0.704626,0.941675,0.0,0.999766,0.833333,0.595797,E016,141
782,robust_structured,0.89761,0.628869,0.0,0.012822,0.817693,0.985337,,782
783,weak_evidence,0.125404,0.615184,0.000276,1.0,0.618768,0.025415,,783
784,unstable_evidence,0.370317,0.811991,0.998888,0.092395,0.194037,0.706745,E024,545
785,unstable_evidence,0.251283,0.44363,0.994249,0.801692,0.237048,0.266373,,785
786,weak_evidence,0.331086,0.837406,0.016335,0.871633,0.466276,0.235093,,786
787,unstable_evidence,0.236248,0.30189,0.999996,0.015794,0.057674,0.967742,,787
788,robust_structured,0.705025,0.610459,0.0,0.179091,0.855327,0.581134,,788
789,supported_mixed,0.590244,0.403877,1e-06,0.329782,0.740958,0.470186,,789
790,unstable_evidence,0.306721,0.471978,0.994249,0.490844,0.237048,0.396872,,790
791,unstable_evidence,0.315246,0.477028,0.8877,0.682566,0.313783,0.316716,,791
792,unstable_evidence,0.253902,0.869339,0.981552,0.864329,0.270283,0.238514,,792
793,unstable_evidence,0.499888,0.088791,0.983612,0.019924,0.264907,0.943304,,793
794,supported_mixed,0.548058,0.306452,0.016335,0.131829,0.466276,0.644184,E032,794
795,redundant_variant,0.563477,0.657543,0.020043,0.09173,0.447703,0.709189,E008,589
796,supported_mixed,0.496935,0.580808,0.167137,0.111851,0.365591,0.675464,,796
797,supported_mixed,0.481147,0.501629,0.0,0.748145,0.794721,0.2913,,797
798,unstable_evidence,0.066792,0.408276,0.999999,0.979098,0.040567,0.109971,,798
799,weak_evidence,0.383658,0.319159,0.777013,0.406433,0.337243,0.436461,,799
800,weak_evidence,0.31999,0.121375,0.003743,0.920707,0.512219,0.199902,,800
801,supported_mixed,0.598841,0.367872,0.0,0.458941,0.872434,0.411046,,801
802,redundant_variant,0.566498,0.341479,0.167137,0.030454,0.365591,0.87781,E025,605
803,supported_mixed,0.501231,0.563702,0.167137,0.104841,0.365591,0.687195,,803
804,unstable_evidence,0.087781,0.396872,1.0,0.659441,0.02346,0.328446,,804
805,unstable_evidence,0.278691,0.369501,0.983808,0.726389,0.260508,0.298143,,805
806,supported_mixed,0.483143,0.603454,0.000105,0.843722,0.678397,0.344086,,806
807,supported_mixed,0.556221,0.73102,0.0,0.962027,0.94477,0.327468,,807
808,unstable_evidence,0.066712,0.112577,1.0,0.925506,0.022483,0.197947,,808
809,supported_mixed,0.669144,0.534539,0.003957,0.02809,0.499511,0.896383,,809
810,redundant_variant,0.736648,0.2377,0.001016,0.024226,0.58651,0.92522,E025,605
811,unstable_evidence,0.199194,0.647442,0.999998,0.033533,0.045943,0.863636,E061,186
812,weak_evidence,0.195198,0.090909,0.419354,0.980509,0.35435,0.107527,,812
813,weak_evidence,0.108789,0.497393,0.000137,0.999745,0.654448,0.018084,,813
814,supported_mixed,0.649642,0.592375,0.0,0.336066,0.903226,0.467253,,814
815,redundant_variant,0.48242,0.828446,0.0,0.999964,0.94477,0.246334,E099,958
816,redundant_variant,0.587967,0.882698,2e-06,0.662845,0.730694,0.473118,E077,414
817,supported_mixed,0.630205,0.42408,0.003258,0.065197,0.524927,0.756598,,817
818,unstable_evidence,0.367709,0.644835,0.955675,0.364232,0.296188,0.4565,,818
819,redundant_variant,0.734529,0.806615,0.001482,0.019075,0.568426,0.949169,E012,218
820,weak_evidence,0.376298,0.302542,1e-06,0.930898,0.740958,0.191105,,820
821,unstable_evidence,0.230228,0.142392,0.999941,0.292592,0.108016,0.490714,,821
822,weak_evidence,0.338405,0.521017,0.002007,0.999997,0.94477,0.121212,,822
823,supported_mixed,0.519053,0.520039,1.3e-05,0.516903,0.695992,0.387097,,823
824,weak_evidence,0.429236,0.374389,0.000137,0.770888,0.654448,0.281525,,824
825,supported_mixed,0.471361,0.403715,0.002682,0.474127,0.550342,0.403715,,825
826,robust_structured,0.927169,0.800098,0.0,0.02441,0.930596,0.923754,E042,826
827,unstable_evidence,0.123979,0.332845,0.999978,0.93314,0.082111,0.187195,,827
828,redundant_variant,0.447675,0.678071,0.0,0.887649,0.872434,0.229717,E100,1011
829,unstable_evidence,0.465035,0.674161,0.994132,0.027751,0.240469,0.899316,,829
830,supported_mixed,0.656682,0.450961,0.001536,0.063584,0.56305,0.765885,E098,830
831,robust_structured,0.600128,0.681492,0.125745,0.023027,0.386608,0.931574,,831
832,redundant_variant,0.587338,0.74161,0.0,0.492971,0.872434,0.395406,E003,309
833,supported_mixed,0.510747,0.237211,0.000372,0.420764,0.609971,0.427664,,833
834,unstable_evidence,0.114075,0.159661,1.0,0.138242,0.020528,0.63392,,834
835,weak_evidence,0.301903,0.48045,0.048432,0.897151,0.41349,0.22043,,835
836,unstable_evidence,0.368481,0.250081,0.999654,0.042251,0.162268,0.836755,,836
837,unstable_evidence,0.278324,0.324699,0.999869,0.200522,0.137341,0.564027,,837
838,unstable_evidence,0.210654,0.491039,0.999967,0.274343,0.087977,0.504399,,838
839,unstable_evidence,0.368169,0.298143,0.999032,0.086271,0.188661,0.718475,,839
840,supported_mixed,0.546899,0.44868,0.0,0.503728,0.766862,0.390029,,840
841,unstable_evidence,0.13921,0.438091,0.86942,0.995356,0.317204,0.061095,,841
842,redundant_variant,0.481716,0.498697,0.0,1.0,0.980938,0.236559,E022,562
843,supported_mixed,0.536574,0.765396,0.000276,0.873931,0.618768,0.465298,,843
844,unstable_evidence,0.134283,0.66911,0.999933,0.948943,0.110459,0.163245,,844
845,unstable_evidence,0.488624,0.33708,0.983612,0.027598,0.264907,0.901271,E080,845
846,weak_evidence,0.205771,0.851092,0.16429,0.977996,0.373412,0.113392,,846
847,unstable_evidence,0.071803,0.345389,1.0,0.313716,0.010753,0.479472,,847
848,unstable_evidence,0.200573,0.533073,0.986439,0.951439,0.255621,0.15738,,848
849,unstable_evidence,0.124771,0.425546,1.0,0.048024,0.019062,0.816716,,849
850,unstable_evidence,0.141007,0.624796,0.999997,0.487669,0.049853,0.398827,,850
851,weak_evidence,0.111557,0.332193,0.711988,0.998914,0.344086,0.036168,,851
852,supported_mixed,0.737148,0.438091,1.1e-05,0.062981,0.707234,0.768328,,852
853,redundant_variant,0.917029,0.755947,0.0,0.035329,0.980938,0.857283,E046,124
854,unstable_evidence,0.302282,0.446725,0.999481,0.233508,0.170577,0.535679,,854
855,unstable_evidence,0.134827,0.297491,1.0,0.133193,0.028348,0.641251,E101,904
856,supported_mixed,0.520369,0.615999,0.000112,0.467996,0.66911,0.404692,,856
857,supported_mixed,0.581109,0.40013,0.001016,0.186284,0.58651,0.575758,,857
858,robust_structured,0.856581,0.627077,0.0,0.080293,0.915934,0.801075,,858
859,unstable_evidence,0.242397,0.73216,0.999942,0.210882,0.105083,0.55914,,859
860,supported_mixed,0.641803,0.410557,0.0,0.328405,0.872434,0.472141,,860
861,unstable_evidence,0.065966,0.347181,1.0,0.847009,0.017595,0.247312,,861
862,weak_evidence,0.364948,0.738514,0.0,0.9502,0.833333,0.159824,,862
863,unstable_evidence,0.416841,0.378136,0.983612,0.125495,0.264907,0.655914,,863
864,weak_evidence,0.372604,0.691593,0.002705,0.826585,0.541056,0.256598,,864
865,redundant_variant,0.302679,0.638645,0.016335,0.92629,0.466276,0.196481,E087,559
866,supported_mixed,0.498455,0.166015,0.0,0.787041,0.915934,0.271261,,866
867,weak_evidence,0.295152,0.432225,0.000539,0.962808,0.602151,0.144673,,867
868,unstable_evidence,0.218257,0.404366,0.999977,0.187902,0.083089,0.573314,E011,980
869,robust_specific,0.657214,0.399153,0.0,0.998038,0.794721,0.5435,,869
870,unstable_evidence,0.406604,0.791626,0.8877,0.246314,0.313783,0.526882,,870
871,robust_specific,0.654325,0.734278,0.0,0.999912,0.980938,0.436461,E084,871
872,weak_evidence,0.449424,0.958944,0.0,1.0,0.794721,0.254154,,872
873,unstable_evidence,0.369025,0.286575,0.92648,0.397745,0.308895,0.44086,,873
874,unstable_evidence,0.167524,0.347181,1.0,0.017623,0.029326,0.956989,,874
875,supported_mixed,0.537916,0.274031,0.0,0.545252,0.766862,0.377322,,875
876,supported_mixed,0.482128,0.431737,0.009891,0.29679,0.47654,0.487781,,876
877,weak_evidence,0.206339,0.275008,0.002705,0.993128,0.541056,0.07869,,877
878,redundant_variant,0.369296,0.437439,0.0,0.949574,0.845552,0.16129,E102,963
879,unstable_evidence,0.31209,0.499022,0.999249,0.233067,0.181329,0.537146,E028,1010
880,unstable_evidence,0.479909,0.402248,0.804085,0.099865,0.331378,0.695015,,880
881,unstable_evidence,0.292603,0.353047,0.990042,0.625171,0.250244,0.342131,,881
882,supported_mixed,0.555348,0.775823,0.0,0.514688,0.794721,0.388074,,882
883,redundant_variant,0.796732,0.641251,0.000274,0.460865,0.980938,0.647116,E001,971
884,unstable_evidence,0.356258,0.28071,0.998484,0.14626,0.205767,0.616813,,884
885,unstable_evidence,0.112853,0.73493,0.999995,0.904457,0.059629,0.213587,,885
886,supported_mixed,0.727162,0.397849,0.0,0.093068,0.750244,0.70479,,886
887,supported_mixed,0.63172,0.579505,0.000209,0.140131,0.632454,0.630987,E073,887
888,supported_mixed,0.817207,0.535679,1.1e-05,0.019909,0.707234,0.944282,,888
889,supported_mixed,0.607503,0.262952,0.0,0.462944,0.903226,0.408602,,889
890,supported_mixed,0.62111,0.4319,0.000372,0.139497,0.609971,0.632454,,890
891,supported_mixed,0.787849,0.317041,0.0,0.058065,0.794721,0.781036,,891
892,weak_evidence,0.40414,0.305474,1e-06,0.897151,0.740958,0.22043,,892
893,redundant_variant,0.525253,0.5435,0.167137,0.066028,0.365591,0.754643,E092,635
894,supported_mixed,0.496617,0.429456,0.000539,0.459939,0.602151,0.40958,,894
895,supported_mixed,0.723205,0.581297,0.000209,0.044295,0.632454,0.826979,,895
896,supported_mixed,0.821148,0.529977,0.0,0.030059,0.766862,0.879277,,896
897,unstable_evidence,0.284867,0.858423,0.99818,0.522477,0.210166,0.386119,,897
898,robust_structured,0.716582,0.738351,0.0,0.114609,0.766862,0.669599,,898
899,weak_evidence,0.428032,0.149397,0.13717,0.315671,0.383675,0.477517,,899
900,supported_mixed,0.499866,0.31362,0.0,0.777132,0.903226,0.276637,,900
901,weak_evidence,0.214498,0.513522,0.031666,0.979098,0.418377,0.109971,,901
902,weak_evidence,0.292343,0.710003,0.003834,0.945058,0.505376,0.16911,,902
903,supported_mixed,0.557516,0.710818,0.142125,0.048365,0.38172,0.814272,,903
904,unstable_evidence,0.17857,0.360704,0.999985,0.416229,0.073803,0.432063,E101,904
905,supported_mixed,0.527309,0.739329,0.000896,0.627579,0.593842,0.468231,E060,905
906,unstable_evidence,0.349765,0.68915,0.997033,0.218341,0.221896,0.55132,,906
907,unstable_evidence,0.393822,0.451776,0.999249,0.035638,0.181329,0.855327,,907
908,unstable_evidence,0.231724,0.267025,0.999953,0.21165,0.096285,0.557674,E086,554
909,weak_evidence,0.040446,0.531281,0.031666,0.99999,0.418377,0.00391,,909
910,weak_evidence,0.095837,0.254806,1.3e-05,0.999867,0.695992,0.013196,,910
911,supported_mixed,0.470654,0.541219,0.016335,0.319625,0.466276,0.475073,,911
912,robust_structured,0.871009,0.726458,0.0,0.036665,0.890029,0.852395,,912
913,unstable_evidence,0.309526,0.327468,0.999654,0.165047,0.162268,0.59042,,913
914,supported_mixed,0.472481,0.045292,0.020225,0.265248,0.434995,0.513196,,914
915,supported_mixed,0.519215,0.524927,0.020043,0.155482,0.447703,0.602151,,915
916,unstable_evidence,0.144203,0.255784,0.995995,0.989124,0.228739,0.090909,,916
917,unstable_evidence,0.103476,0.327305,0.999999,0.722532,0.035679,0.300098,,917
918,supported_mixed,0.704625,0.501955,0.0,0.120789,0.750244,0.661779,,918
919,unstable_evidence,0.14306,0.501303,0.862505,0.995094,0.319648,0.064027,,919
920,weak_evidence,0.326783,0.259042,0.002682,0.928614,0.550342,0.194037,,920
921,weak_evidence,0.380211,0.51173,0.000276,0.873687,0.618768,0.233627,E083,921
922,robust_structured,0.889104,0.860704,0.0,0.037723,0.930596,0.849462,E050,922
923,redundant_variant,0.450634,0.491691,0.0,0.892451,0.903226,0.224829,E063,203
924,supported_mixed,0.528893,0.161942,0.009891,0.169733,0.47654,0.586999,,924
925,unstable_evidence,0.244371,0.328935,0.991909,0.857933,0.246334,0.242424,,925
926,unstable_evidence,0.033721,0.196644,1.0,0.994681,0.016618,0.068426,,926
927,supported_mixed,0.634873,0.478332,0.020043,0.027709,0.447703,0.900293,E051,927
928,unstable_evidence,0.443562,0.39622,0.994132,0.047836,0.240469,0.818182,,928
929,unstable_evidence,0.222063,0.327794,0.978751,0.940313,0.281036,0.175464,,929
930,redundant_variant,0.438643,0.647605,0.053197,0.331861,0.410068,0.469208,E009,586
931,supported_mixed,0.690924,0.315901,0.0,0.155978,0.794721,0.600684,,931
932,unstable_evidence,0.230454,0.603454,0.998888,0.782099,0.194037,0.273705,,932
933,supported_mixed,0.524927,0.598892,0.003258,0.249181,0.524927,0.524927,,933
934,unstable_evidence,0.290223,0.166015,0.999928,0.09173,0.118768,0.709189,,934
935,unstable_evidence,0.461609,0.267351,0.995373,0.02541,0.233138,0.913978,,935
936,supported_mixed,0.731594,0.353372,0.0,0.098371,0.766862,0.697947,,936
937,weak_evidence,0.400867,0.363311,0.0,0.944394,0.94477,0.170088,,937
938,supported_mixed,0.630726,0.285272,0.009891,0.042739,0.47654,0.8348,,938
939,unstable_evidence,0.380035,0.260182,0.986439,0.199101,0.255621,0.565005,,939
940,supported_mixed,0.733246,0.38172,0.001881,0.016075,0.556696,0.965787,,940
941,unstable_evidence,0.396826,0.674813,0.929524,0.505991,0.307429,0.512219,,941
942,weak_evidence,0.256229,0.202346,1.3e-05,0.987151,0.695992,0.09433,,942
943,unstable_evidence,0.361036,0.282828,0.807819,0.477221,0.324047,0.402248,,943
944,unstable_evidence,0.026806,0.596611,1.0,0.559269,0.001955,0.367546,,944
945,unstable_evidence,0.309195,0.538286,0.978751,0.628946,0.281036,0.340176,E053,945
946,robust_structured,0.900721,0.746497,5.6e-05,0.010628,0.817693,0.99218,,946
947,weak_evidence,0.102568,0.356468,0.018987,0.999639,0.457967,0.022972,,947
948,unstable_evidence,0.162801,0.637504,0.903236,0.991083,0.309873,0.085533,,948
949,unstable_evidence,0.189859,0.317856,0.993507,0.957921,0.243402,0.148094,,949
950,redundant_variant,0.558792,0.638807,0.000147,0.301066,0.642717,0.485826,E091,629
951,redundant_variant,0.8985,0.417889,0.0,0.01252,0.817693,0.987292,E047,127
952,unstable_evidence,0.214344,0.656077,0.999987,0.116668,0.068915,0.666667,,952
953,unstable_evidence,0.454635,0.36608,0.994249,0.032545,0.237048,0.871945,E093,638
954,weak_evidence,0.167649,0.481264,0.16429,0.993783,0.373412,0.075269,,954
955,unstable_evidence,0.336539,0.146953,0.990042,0.366572,0.250244,0.45259,,955
956,redundant_variant,0.838984,0.60101,0.0,0.024969,0.766862,0.917889,E027,758
957,weak_evidence,0.189038,0.696481,0.0,0.999997,0.794721,0.044966,,957
958,supported_mixed,0.539464,0.80971,0.0,0.999065,0.980938,0.296676,E099,958
959,supported_mixed,0.831131,0.349137,0.0,0.043841,0.833333,0.828935,,959
960,unstable_evidence,0.258691,0.335125,0.999943,0.127309,0.102639,0.652004,,960
961,redundant_variant,0.415818,0.675953,0.003834,0.625171,0.505376,0.342131,E074,313
962,weak_evidence,0.125732,0.404529,0.003834,0.999198,0.505376,0.031281,,962
963,supported_mixed,0.51869,0.311665,0.0,0.678702,0.845552,0.318182,E102,963
964,weak_evidence,0.100341,0.464321,0.0,0.999901,0.980938,0.010264,,964
965,weak_evidence,0.445544,0.07755,0.002328,0.730242,0.66911,0.296676,,965
966,unstable_evidence,0.243656,0.586836,0.998888,0.70965,0.194037,0.305963,,966
967,robust_structured,0.720636,0.688661,0.000209,0.046734,0.632454,0.821114,E072,967
968,unstable_evidence,0.2248,0.418214,0.999992,0.063584,0.065982,0.765885,,968
969,supported_mixed,0.456146,0.473444,0.026045,0.295583,0.425709,0.488759,,969
970,supported_mixed,0.86341,0.5,0.0,0.05113,0.930596,0.801075,,970
971,supported_mixed,0.928718,0.572336,6.9e-05,0.030059,0.980938,0.879277,E001,971
972,redundant_variant,0.912084,0.686543,0.0,0.028191,0.930596,0.893939,E059,181
973,unstable_evidence,0.517796,0.407136,0.947776,0.028409,0.301075,0.890518,,973
974,supported_mixed,0.481748,0.233627,0.777013,0.10457,0.337243,0.688172,,974
975,redundant_variant,0.711275,0.757739,0.0,0.207847,0.903226,0.560117,E005,175
976,unstable_evidence,0.087737,0.40958,1.0,0.291407,0.01564,0.49218,,976
977,weak_evidence,0.265955,0.264581,0.018987,0.999972,0.457967,0.154448,,977
978,robust_structured,0.782462,0.685565,0.0,0.14271,0.980938,0.624145,,978
979,supported_mixed,0.537879,0.309058,0.235396,0.05026,0.358749,0.806452,,979
980,robust_structured,0.736349,0.644347,5e-06,0.286393,0.955523,0.567449,E011,980
981,supported_mixed,0.605351,0.219616,0.001202,0.138035,0.576735,0.635386,,981
982,supported_mixed,0.684926,0.291137,0.000539,0.108113,0.602151,0.779081,E095,982
983,weak_evidence,0.060846,0.195992,0.002705,0.999968,0.541056,0.006843,,983
984,supported_mixed,0.586412,0.421473,0.07048,0.031971,0.393939,0.872923,,984
985,unstable_evidence,0.070733,0.535679,0.999983,0.994959,0.075269,0.066471,,985
986,unstable_evidence,0.260816,0.289997,0.999933,0.165561,0.110459,0.615836,,986
987,unstable_evidence,0.386643,0.285109,0.804085,0.371304,0.331378,0.451124,,987
988,unstable_evidence,0.232057,0.518573,0.999789,0.545252,0.142717,0.377322,,988
989,unstable_evidence,0.39865,0.376507,0.998268,0.064135,0.2087,0.761486,E039,66
990,supported_mixed,0.722944,0.523786,1.1e-05,0.074065,0.707234,0.739003,,990
991,supported_mixed,0.897573,0.235745,0.0,0.027242,0.890029,0.905181,,991
992,unstable_evidence,0.216885,0.614695,0.998888,0.857933,0.194037,0.242424,E096,724
993,robust_structured,0.742754,0.706093,1.1e-05,0.058117,0.707234,0.780059,,993
994,supported_mixed,0.697753,0.460248,0.000209,0.062388,0.632454,0.769795,E040,994
995,weak_evidence,0.283134,0.767025,0.0,0.988651,0.872434,0.091887,,995
996,unstable_evidence,0.427555,0.143206,0.999084,0.014533,0.187195,0.97654,,996
997,supported_mixed,0.570819,0.607364,0.003258,0.144468,0.524927,0.620723,E026,997
998,supported_mixed,0.700391,0.327468,0.003258,0.025113,0.524927,0.934506,,998
999,weak_evidence,0.135115,0.876833,0.0,0.999639,0.794721,0.022972,,999
1000,supported_mixed,0.634835,0.244542,0.002705,0.071411,0.541056,0.744868,,1000
1001,weak_evidence,0.233698,0.751874,0.000112,0.992244,0.66911,0.081623,E089,1001
1002,supported_mixed,0.522263,0.257902,0.0,0.670985,0.845552,0.322581,,1002
1003,weak_evidence,0.446663,0.261812,4.2e-05,0.749418,0.687195,0.290323,,1003
1004,redundant_variant,0.617045,0.700554,0.020043,0.037453,0.447703,0.85044,E008,589
1005,weak_evidence,0.127143,0.862659,0.004504,0.999999,0.493646,0.032747,,1005
1006,unstable_evidence,0.339954,0.424731,0.999249,0.136189,0.181329,0.637341,E028,1010
1007,supported_mixed,0.760644,0.398012,0.0,0.106354,0.845552,0.684262,,1007
1008,supported_mixed,0.500748,0.573151,0.005833,0.93905,0.485826,0.516129,,1008
1009,redundant_variant,0.73605,0.845226,0.0,0.217539,0.980938,0.552297,E018,342
1010,unstable_evidence,0.28724,0.369013,0.995995,0.590472,0.228739,0.360704,E028,1010
1011,supported_mixed,0.517892,0.333985,0.0,0.707071,0.872434,0.307429,E100,1011
1012,robust_structured,0.613459,0.626914,0.000147,0.171148,0.642717,0.585533,,1012
1013,supported_mixed,0.784977,0.548387,0.0,0.051004,0.766862,0.803519,,1013
1014,supported_mixed,0.681453,0.377647,0.003258,0.029594,0.524927,0.884653,,1014
1015,supported_mixed,0.691031,0.555393,0.0,0.297396,0.980938,0.486804,,1015
1016,robust_structured,0.658251,0.601173,0.020225,0.00982,0.434995,0.99609,E070,1016
1017,nuisance_component,0.582855,0.482731,1.0,0.233067,0.632454,0.537146,,1017
1018,unstable_evidence,0.31483,0.614207,0.999887,0.065007,0.130499,0.759531,,1018
1019,supported_mixed,0.599609,0.621701,0.000137,0.219958,0.654448,0.549365,,1019
1020,unstable_evidence,0.366388,0.193711,0.939989,0.992559,0.304497,0.44086,,1020
1021,weak_evidence,0.322077,0.356957,0.001202,0.936784,0.576735,0.179863,,1021
1022,weak_evidence,0.291807,0.685077,0.002705,0.951439,0.541056,0.15738,,1022
1023,unstable_evidence,0.22299,0.738025,0.999996,0.033814,0.057674,0.86217,,1023
