source,target,relation,score,support,q_value,child_gene,parent_gene,child_level,parent_level,level_delta,child_image_support,parent_image_support,support_ratio
1,542,specializes,0.350364,870,0.0,1,542,2,1,1,1031,1763,0.584799
1,775,specializes,0.469244,936,0.0,1,775,2,0,2,1031,2134,0.48313
3,405,specializes,0.672015,3064,2.1e-05,3,405,0,1,-1,3363,12816,0.262406
8,496,specializes,0.422252,1406,0.0,8,496,2,0,2,1704,3490,0.488252
9,882,specializes,0.618257,98,0.0,9,882,2,4,-2,128,665,0.192481
13,765,specializes,0.642389,338,0.0,13,765,0,0,0,381,1381,0.275887
19,133,specializes,0.565393,1056,0.0,19,133,2,2,0,1344,4793,0.280409
19,782,specializes,0.630077,1118,0.0,19,782,2,2,0,1344,5541,0.242555
19,946,specializes,0.655167,1108,0.0,19,946,2,2,0,1344,6547,0.205285
28,396,specializes,0.55176,1632,0.0,28,396,3,0,3,1834,4827,0.379946
28,758,specializes,0.538217,1527,0.0,28,758,3,0,3,1834,5187,0.353576
31,177,specializes,0.441358,1311,0.0,31,177,0,0,0,1497,3018,0.496024
34,120,specializes,0.559602,3087,0.0,34,120,0,1,-1,3650,10788,0.338339
34,405,specializes,0.666018,3399,0.0,34,405,0,1,-1,3650,12816,0.2848
39,342,specializes,0.634667,283,0.0,39,342,4,0,4,339,1414,0.239745
42,124,specializes,0.66477,773,0.0,42,124,0,0,0,957,5407,0.176993
42,537,specializes,0.65236,781,0.0,42,537,0,2,-2,957,4770,0.200629
42,598,specializes,0.546964,745,0.0,42,598,0,3,-3,957,3218,0.29739
42,653,specializes,0.709746,865,0.0,42,653,0,3,-3,957,4456,0.214767
47,53,specializes,0.622723,425,0.0,47,53,0,0,0,551,2860,0.192657
48,338,specializes,0.640214,846,0.0,48,338,2,3,-1,1084,6033,0.179678
58,420,specializes,0.877066,108,0.0,58,420,4,3,1,110,1031,0.106693
67,998,specializes,0.528105,1117,0.0,67,998,4,0,4,1343,3679,0.365045
69,401,specializes,0.684608,238,0.0,69,401,0,0,0,300,2189,0.137049
69,522,specializes,0.6088,231,0.0,69,522,0,3,-3,300,1433,0.209351
69,601,specializes,0.708815,240,0.0,69,601,0,0,0,300,2632,0.113982
70,1004,specializes,0.63875,368,0.0,70,1004,3,3,0,474,2674,0.177263
72,455,specializes,0.276151,507,0.0,72,455,4,0,4,538,761,0.706965
98,239,specializes,0.590823,1329,0.0,98,239,2,2,0,1744,7762,0.224684
106,542,specializes,0.272663,884,0.0,106,542,2,1,1,1142,1763,0.64776
106,775,specializes,0.353729,869,0.0,106,775,2,0,2,1142,2134,0.535145
110,44,specializes,0.796996,97,0.0,110,44,4,2,2,109,1044,0.104406
113,177,specializes,0.602175,493,0.0,113,177,0,0,0,644,3018,0.213386
115,218,specializes,0.780417,403,0.0,115,218,0,2,-2,459,4130,0.111138
115,819,specializes,0.86075,445,0.0,115,819,0,2,-2,459,4092,0.11217
119,571,specializes,0.470816,1173,0.0,119,571,3,0,3,1550,4102,0.377864
122,420,specializes,0.923991,62,0.0,122,420,4,3,1,63,1031,0.061106
125,731,specializes,0.287392,2932,0.0,125,731,0,3,-3,3537,5414,0.653306
130,239,specializes,0.581098,1636,0.0,130,239,2,2,0,2066,7762,0.266169
141,151,specializes,0.312776,1050,0.0,141,151,1,3,-2,1272,2048,0.621094
142,727,specializes,0.380789,1225,0.0,142,727,2,0,2,1609,3219,0.499845
149,542,specializes,0.57788,700,0.0,149,542,2,1,1,718,1763,0.40726
149,759,specializes,0.534275,705,0.0,149,759,2,2,0,718,1575,0.455873
149,775,specializes,0.613638,664,0.0,149,775,2,0,2,718,2134,0.336457
149,883,specializes,0.469,696,0.0,149,883,2,2,0,718,1391,0.516175
150,61,specializes,0.693973,878,0.0,150,61,2,2,0,971,4176,0.232519
150,594,specializes,0.727629,895,0.0,150,594,2,3,-1,971,4611,0.210583
150,831,specializes,0.661221,879,0.0,150,831,2,3,-1,971,3602,0.269572
151,402,specializes,0.405186,1553,0.0,151,402,3,3,0,2048,4398,0.465666
158,578,specializes,0.738822,26,0.0,158,578,4,4,0,33,530,0.062264
158,620,specializes,0.619652,27,0.0,158,620,4,4,0,33,136,0.242647
161,222,specializes,0.352547,573,0.0,161,222,0,0,0,688,1193,0.576697
170,963,specializes,0.539873,114,0.0,170,963,4,0,4,151,530,0.284906
174,996,specializes,0.486466,1591,0.0,174,996,4,0,4,1978,5005,0.395205
185,768,specializes,0.816141,91,0.0,185,768,0,0,0,107,2651,0.040362
194,789,specializes,0.561383,262,0.0,194,789,0,0,0,304,872,0.348624
198,780,specializes,0.282936,3204,0.0,198,780,2,2,0,4213,6709,0.627962
199,746,specializes,0.564285,117,0.0,199,746,4,0,4,155,614,0.252443
201,211,specializes,0.953187,47,0.0,201,211,3,3,0,47,1004,0.046813
201,477,specializes,0.914077,47,0.0,201,477,3,3,0,47,547,0.085923
203,252,specializes,0.399495,459,0.0,203,252,0,3,-3,542,1026,0.528265
203,772,specializes,0.300497,418,0.0,203,772,0,0,0,542,888,0.61036
207,396,specializes,0.764366,292,0.0,207,396,0,0,0,354,4827,0.073337
207,758,specializes,0.771196,293,0.0,207,758,0,0,0,354,5187,0.068248
208,265,specializes,0.487951,803,0.0,208,265,4,0,4,1013,2635,0.38444
209,751,specializes,0.630593,608,0.0,209,751,4,0,4,737,3128,0.235614
212,44,specializes,0.46674,362,0.0,212,44,2,2,0,445,1044,0.426245
215,819,specializes,0.464329,1349,0.0,215,819,2,2,0,1699,4092,0.4152
217,656,specializes,0.464932,1468,0.0,217,656,0,0,0,1893,4727,0.400465
218,239,specializes,0.41569,3669,0.0,218,239,2,2,0,4130,7762,0.532079
221,895,specializes,0.581452,644,0.0,221,895,0,0,0,761,2432,0.312911
222,53,specializes,0.490038,1003,0.0,222,53,0,0,0,1193,2860,0.417133
223,133,specializes,0.673758,1261,0.0,223,133,2,2,0,1346,4793,0.280826
223,495,specializes,0.573232,1115,0.0,223,495,2,0,2,1346,4370,0.308009
223,540,specializes,0.541112,1204,0.0,223,540,2,2,0,1346,3407,0.395069
223,556,specializes,0.62183,1275,0.0,223,556,2,2,0,1346,3918,0.343543
223,681,specializes,0.656852,1290,0.0,223,681,2,1,1,1346,4278,0.314633
231,274,specializes,0.639646,307,0.0,231,274,0,0,0,376,1736,0.21659
232,29,specializes,0.708498,197,0.0,232,29,4,0,4,233,1438,0.162031
241,120,specializes,0.59961,2566,0.0,241,120,2,1,1,3064,10788,0.284019
241,405,specializes,0.6971,2807,0.0,241,405,2,1,1,3064,12816,0.239076
243,837,specializes,0.523962,486,0.0,243,837,4,0,4,509,1128,0.451241
245,361,specializes,0.667083,188,0.0,245,361,3,0,3,210,824,0.254854
248,85,specializes,0.494934,688,0.0,248,85,2,4,-2,758,1667,0.454709
250,858,specializes,0.846342,137,0.0,250,858,3,0,3,151,2248,0.067171
252,565,specializes,0.470623,952,0.0,252,565,3,0,3,1026,2082,0.492795
267,159,specializes,0.642583,410,0.0,267,159,4,0,4,522,2870,0.181882
267,940,specializes,0.681628,401,0.0,267,940,4,0,4,522,4632,0.112694
269,53,specializes,0.461613,1062,0.0,269,53,3,0,3,1275,2860,0.445804
277,571,specializes,0.651036,643,0.0,277,571,4,0,4,796,4102,0.194052
279,420,specializes,0.335996,469,0.0,279,420,3,3,0,593,1031,0.57517
293,239,specializes,0.64596,1784,0.0,293,239,2,2,0,2037,7762,0.262432
295,396,specializes,0.443258,1890,0.0,295,396,1,0,1,2264,4827,0.469028
295,758,specializes,0.480638,1931,0.0,295,758,1,0,1,2264,5187,0.436476
304,860,specializes,0.626904,198,0.0,304,860,4,0,4,232,874,0.265446
314,434,specializes,0.293118,743,0.0,314,434,0,0,0,938,1489,0.629953
314,565,specializes,0.522525,892,0.0,314,565,0,0,0,938,2082,0.450528
322,15,specializes,0.343367,407,0.0,322,15,4,4,0,494,847,0.583235
325,417,specializes,0.808429,1287,0.0,325,417,0,0,0,1295,6942,0.186546
328,405,specializes,0.564762,4417,0.0,328,405,0,1,-1,4857,12816,0.378979
335,940,specializes,0.486048,1418,0.0,335,940,4,0,4,1790,4632,0.386442
341,858,specializes,0.71906,484,0.0,341,858,0,0,0,518,2248,0.230427
342,265,specializes,0.360805,1101,0.0,342,265,0,0,0,1414,2635,0.536622
343,873,specializes,0.619863,290,0.0,343,873,4,3,1,293,784,0.373724
355,434,specializes,0.415575,613,0.0,355,434,0,0,0,741,1489,0.497649
355,975,specializes,0.256131,573,0.0,355,975,0,3,-3,741,1108,0.668773
356,50,specializes,0.683721,75,0.0,356,50,4,2,2,96,769,0.124837
361,858,specializes,0.548889,714,0.0,361,858,0,0,0,824,2248,0.366548
378,342,specializes,0.50685,366,0.0,378,342,4,0,4,478,1414,0.338048
381,177,specializes,0.606308,982,0.0,381,177,0,0,0,1054,3018,0.349238
381,401,specializes,0.444219,903,0.0,381,401,0,0,0,1054,2189,0.481498
386,38,specializes,0.548183,1044,0.0,386,38,4,0,4,1258,3706,0.33945
403,38,specializes,0.639884,657,0.0,403,38,3,0,3,804,3706,0.216945
403,162,specializes,0.528445,659,0.0,403,162,3,3,0,804,2263,0.355281
404,275,specializes,0.516436,1672,0.0,404,275,0,2,-2,2083,5841,0.356617
404,1016,specializes,0.579099,1710,0.0,404,1016,0,0,0,2083,7071,0.294584
426,218,specializes,0.435892,1692,0.0,426,218,2,2,0,2001,4130,0.484504
426,819,specializes,0.425703,1667,0.0,426,819,2,2,0,2001,4092,0.489003
435,758,specializes,0.461695,1816,0.0,435,758,2,0,2,2237,5187,0.43127
437,177,specializes,0.67903,532,0.0,437,177,0,0,0,622,3018,0.206097
453,294,specializes,0.68442,412,0.0,453,294,0,0,0,458,1915,0.239164
453,432,specializes,0.633387,387,0.0,453,432,0,2,-2,458,1829,0.25041
463,571,specializes,0.605171,645,0.0,463,571,3,0,3,846,4102,0.206241
463,998,specializes,0.616219,677,0.0,463,998,3,0,3,846,3679,0.229954
465,1,specializes,0.418244,529,0.0,465,1,2,2,0,568,1031,0.550921
465,759,specializes,0.485152,431,0.0,465,759,2,2,0,568,1575,0.360635
465,883,specializes,0.457287,439,0.0,465,883,2,2,0,568,1391,0.408339
470,141,specializes,0.310953,572,0.0,470,141,4,1,3,752,1272,0.591195
472,361,specializes,0.529479,227,0.0,472,361,3,0,3,282,824,0.342233
475,124,specializes,0.335074,2591,0.0,475,124,0,0,0,3182,5407,0.588496
475,537,specializes,0.255178,2439,0.0,475,537,0,2,-2,3182,4770,0.667086
475,731,specializes,0.358108,2764,0.0,475,731,0,3,-3,3182,5414,0.587736
482,294,specializes,0.656097,554,0.0,482,294,3,0,3,586,1915,0.306005
482,432,specializes,0.547396,472,0.0,482,432,3,2,1,586,1829,0.320394
493,718,specializes,0.580679,539,0.0,493,718,3,0,3,567,1457,0.389156
494,624,specializes,0.353251,3181,0.0,494,624,1,2,-1,3570,5915,0.60355
496,780,specializes,0.378618,2754,0.0,496,780,0,2,-2,3490,6709,0.520197
501,571,specializes,0.604388,736,0.0,501,571,0,0,0,939,4102,0.228913
502,120,specializes,0.751109,1333,0.0,502,120,2,1,1,1524,10788,0.141268
503,626,specializes,0.504214,1991,0.0,503,626,3,0,3,2621,7795,0.336241
512,858,specializes,0.767049,188,0.0,512,858,0,0,0,221,2248,0.09831
517,414,specializes,0.650133,182,0.0,517,414,3,3,0,237,1545,0.153398
522,177,specializes,0.478271,1305,0.0,522,177,3,0,3,1433,3018,0.474818
525,396,specializes,0.525514,1279,0.0,525,396,0,0,0,1618,4827,0.335198
525,758,specializes,0.587706,1382,0.0,525,758,0,0,0,1618,5187,0.311934
531,626,specializes,0.665193,2173,0.0,531,626,0,0,0,2302,7795,0.295318
538,946,specializes,0.700981,560,0.0,538,946,4,2,2,712,6547,0.108752
540,417,specializes,0.398467,2666,0.0,540,417,2,0,2,3407,6942,0.490781
540,946,specializes,0.369244,2623,0.0,540,946,2,2,0,3407,6547,0.520391
542,971,specializes,0.36848,1543,0.0,542,971,1,3,-2,1763,3045,0.578982
550,758,specializes,0.423247,1892,0.0,550,758,2,0,2,2401,5187,0.462888
557,860,specializes,0.455816,283,0.0,557,860,4,0,4,363,874,0.415332
561,175,specializes,0.554881,466,0.0,561,175,0,3,-3,535,1474,0.362958
561,572,specializes,0.347962,412,0.0,561,572,0,0,0,535,976,0.548156
561,975,specializes,0.395352,409,0.0,561,975,0,3,-3,535,1108,0.482852
566,120,specializes,0.432311,4590,0.0,566,120,2,1,1,5351,10788,0.496014
566,405,specializes,0.542635,4985,0.0,566,405,2,1,1,5351,12816,0.417525
567,147,specializes,0.676826,982,0.0,567,147,2,1,1,1120,4911,0.228059
567,747,specializes,0.61764,958,0.0,567,747,2,2,0,1120,4030,0.277916
572,434,specializes,0.279222,791,0.0,572,434,0,0,0,976,1489,0.655473
572,565,specializes,0.452299,831,0.0,572,565,0,0,0,976,2082,0.46878
573,802,specializes,0.363207,1252,0.0,573,802,2,2,0,1610,3021,0.532936
577,240,specializes,0.769387,26,0.0,577,240,2,2,0,33,1406,0.023471
584,361,specializes,0.507562,232,0.0,584,361,3,0,3,294,824,0.356796
597,420,specializes,0.56231,389,0.0,597,420,2,3,-1,414,1031,0.401552
598,731,specializes,0.328223,2604,0.0,598,731,3,3,0,3218,5414,0.594385
602,571,specializes,0.631407,681,0.0,602,571,4,0,4,854,4102,0.208191
603,574,specializes,0.895521,62,0.0,603,574,4,0,4,65,1063,0.061148
607,828,specializes,0.357681,195,0.0,607,828,4,3,1,215,355,0.605634
607,1011,specializes,0.576772,215,0.0,607,1011,4,3,1,215,508,0.423228
609,780,specializes,0.490616,2199,0.0,609,780,2,2,0,2687,6709,0.400507
614,858,specializes,0.677,361,0.0,614,858,0,0,0,431,2248,0.191726
618,391,specializes,0.678576,587,0.0,618,391,0,0,0,761,6327,0.120278
622,396,specializes,0.472839,1795,0.0,622,396,3,0,3,2125,4827,0.440232
622,758,specializes,0.527539,1899,0.0,622,758,3,0,3,2125,5187,0.409678
632,213,specializes,0.552074,1156,0.0,632,213,4,2,2,1164,2621,0.444105
633,141,specializes,0.766509,195,0.0,633,141,3,1,2,212,1272,0.166667
633,415,specializes,0.70622,170,0.0,633,415,3,4,-1,212,1777,0.119302
633,706,specializes,0.694559,169,0.0,633,706,3,3,0,212,1647,0.128719
633,781,specializes,0.635885,162,0.0,633,781,3,4,-1,212,1263,0.167854
650,272,specializes,0.553103,719,0.0,650,272,0,0,0,945,3461,0.273042
661,15,specializes,0.660442,87,0.0,661,15,4,4,0,114,847,0.134593
668,127,specializes,0.630898,929,0.0,668,127,2,2,0,1211,6819,0.177592
668,951,specializes,0.593742,915,0.0,668,951,2,2,0,1211,5654,0.214185
671,940,specializes,0.702111,892,0.0,671,940,4,0,4,997,4632,0.215242
672,200,specializes,0.759991,107,0.0,672,200,2,4,-2,132,2114,0.062441
672,308,specializes,0.787805,109,0.0,672,308,2,0,2,132,2872,0.045961
682,120,specializes,0.808265,549,0.0,682,120,0,1,-1,639,10788,0.059232
683,175,specializes,0.502463,559,0.0,683,175,0,3,-3,634,1474,0.430122
683,572,specializes,0.271927,492,0.0,683,572,0,0,0,634,976,0.64959
683,975,specializes,0.323885,480,0.0,683,975,0,3,-3,634,1108,0.572202
689,656,specializes,0.432251,1856,0.0,689,656,2,0,2,2250,4727,0.475989
692,124,specializes,0.495449,1449,0.0,692,124,3,0,3,1898,5407,0.351026
692,731,specializes,0.510851,1493,0.0,692,731,3,3,0,1898,5414,0.350573
696,269,specializes,0.589422,270,0.0,696,269,3,3,0,337,1275,0.264314
698,624,specializes,0.433928,2946,0.0,698,624,2,2,0,3161,5915,0.534404
703,338,specializes,0.489967,1946,0.0,703,338,2,3,-1,2395,6033,0.396983
707,747,specializes,0.334168,1816,0.0,707,747,2,2,0,2314,4030,0.574194
710,654,specializes,0.373016,141,0.0,710,654,4,3,1,182,351,0.518519
716,208,specializes,0.573972,336,0.0,716,208,0,4,-4,371,1013,0.366239
716,342,specializes,0.674001,339,0.0,716,342,0,0,0,371,1414,0.262376
722,758,specializes,0.652572,600,0.0,722,758,0,0,0,781,5187,0.150569
722,956,specializes,0.613449,621,0.0,722,956,0,0,0,781,3418,0.228496
727,396,specializes,0.26172,2529,0.0,727,396,0,0,0,3219,4827,0.666874
727,758,specializes,0.292307,2480,0.0,727,758,0,0,0,3219,5187,0.62059
728,860,specializes,0.521424,253,0.0,728,860,4,0,4,312,874,0.356979
729,15,specializes,0.630088,135,0.0,729,15,4,4,0,171,847,0.201889
732,461,specializes,0.437548,728,0.0,732,461,4,0,4,944,2182,0.432631
736,53,specializes,0.700672,800,0.0,736,53,2,0,2,816,2860,0.285315
736,593,specializes,0.644363,700,0.0,736,593,2,0,2,816,3279,0.248856
744,780,specializes,0.251944,3994,0.0,744,780,2,2,0,4714,6709,0.702638
745,212,specializes,0.689276,135,0.0,745,212,4,2,2,136,445,0.305618
766,402,specializes,0.686685,467,0.0,766,402,4,3,1,589,4398,0.133925
766,415,specializes,0.540282,476,0.0,766,415,4,4,0,589,1777,0.331458
772,434,specializes,0.326356,718,0.0,772,434,0,0,0,888,1489,0.596373
772,565,specializes,0.537967,833,0.0,772,565,0,0,0,888,2082,0.426513
781,151,specializes,0.30743,1013,0.0,781,151,4,3,1,1263,2048,0.616699
783,44,specializes,0.759622,73,0.0,783,44,4,2,2,88,1044,0.084291
785,810,specializes,0.661366,327,0.0,785,810,0,1,-1,433,3485,0.124247
787,120,specializes,0.43949,3652,0.0,787,120,0,1,-1,4694,10788,0.435113
787,405,specializes,0.58284,4317,0.0,787,405,0,1,-1,4694,12816,0.366261
790,953,specializes,0.644457,580,0.0,790,953,0,0,0,687,2903,0.236652
791,172,specializes,0.366715,405,0.0,791,172,0,2,-2,527,1008,0.522817
791,870,specializes,0.373928,409,0.0,791,870,0,3,-3,527,1017,0.518191
799,391,specializes,0.693969,612,0.0,799,391,0,0,0,774,6327,0.122333
803,541,specializes,0.344708,1214,0.0,803,541,0,2,-2,1553,2778,0.559035
812,177,specializes,0.777138,179,0.0,812,177,2,0,2,214,3018,0.070908
812,273,specializes,0.718647,177,0.0,812,273,2,0,2,214,1632,0.131127
813,200,specializes,0.763353,61,0.0,813,200,2,4,-2,77,2114,0.036424
813,308,specializes,0.897356,71,0.0,813,308,2,0,2,77,2872,0.026811
814,175,specializes,0.376573,784,0.0,814,175,0,3,-3,863,1474,0.585482
815,606,specializes,0.534384,343,0.0,815,606,2,3,-1,392,1007,0.389275
819,239,specializes,0.413656,3580,0.0,819,239,2,2,0,4092,7762,0.527184
820,137,specializes,0.569302,256,0.0,820,137,0,0,0,305,948,0.32173
820,789,specializes,0.569217,267,0.0,820,789,0,0,0,305,872,0.349771
829,120,specializes,0.59554,2707,0.0,829,120,0,1,-1,3198,10788,0.29644
829,405,specializes,0.703065,2996,0.0,829,405,0,1,-1,3198,12816,0.249532
840,504,specializes,0.75485,651,0.0,840,504,3,0,3,675,3106,0.217321
840,1013,specializes,0.565293,545,0.0,840,1013,3,3,0,675,2251,0.299867
842,342,specializes,0.584383,295,0.0,842,342,3,0,3,372,1414,0.263083
843,641,specializes,0.390442,706,0.0,843,641,3,3,0,860,1640,0.52439
852,338,specializes,0.525383,1586,0.0,852,338,2,3,-1,2012,6033,0.333499
852,780,specializes,0.593975,1707,0.0,852,780,2,2,0,2012,6709,0.299896
853,537,specializes,0.326714,2151,0.0,853,537,0,2,-2,2766,4770,0.579874
853,653,specializes,0.291372,2125,0.0,853,653,0,3,-3,2766,4456,0.620736
853,731,specializes,0.42403,2398,0.0,853,731,0,3,-3,2766,5414,0.510898
866,858,specializes,0.610997,339,0.0,866,858,0,0,0,445,2248,0.197954
872,420,specializes,0.494737,330,0.0,872,420,4,3,1,405,1031,0.392823
874,120,specializes,0.49596,3586,0.0,874,120,0,1,-1,4329,10788,0.401279
874,405,specializes,0.631319,4127,0.0,874,405,0,1,-1,4329,12816,0.337781
875,435,specializes,0.584834,522,0.0,875,435,0,2,-2,638,2237,0.285203
877,240,specializes,0.73254,136,0.0,877,240,3,2,1,164,1406,0.116643
883,971,specializes,0.484611,1241,0.0,883,971,2,3,-1,1391,3045,0.456814
889,434,specializes,0.413325,567,0.0,889,434,0,0,0,714,1489,0.479516
889,565,specializes,0.616569,670,0.0,889,565,0,0,0,714,2082,0.342939
896,626,specializes,0.55173,2757,0.0,896,626,0,0,0,3045,7795,0.390635
898,396,specializes,0.589211,1265,0.0,898,396,0,0,0,1486,4827,0.307852
898,758,specializes,0.659737,1374,0.0,898,758,0,0,0,1486,5187,0.286485
900,175,specializes,0.605515,396,0.0,900,175,0,3,-3,453,1474,0.307327
900,314,specializes,0.417755,366,0.0,900,314,0,0,0,453,938,0.482942
900,572,specializes,0.458971,388,0.0,900,572,0,0,0,453,976,0.464139
900,975,specializes,0.544176,417,0.0,900,975,0,3,-3,453,1108,0.408845
903,147,specializes,0.458216,2010,0.0,903,147,2,1,1,2317,4911,0.471798
903,747,specializes,0.343792,1874,0.0,903,747,2,2,0,2317,4030,0.574938
912,747,specializes,0.258555,2132,0.0,912,747,2,2,0,2707,4030,0.671712
923,252,specializes,0.56851,302,0.0,923,252,0,3,-3,350,1026,0.341131
923,772,specializes,0.481223,278,0.0,923,772,0,0,0,350,888,0.394144
928,120,specializes,0.651086,1936,0.0,928,120,0,1,-1,2331,10788,0.216073
928,405,specializes,0.753188,2146,0.0,928,405,0,1,-1,2331,12816,0.181882
936,626,specializes,0.671956,1356,0.0,936,626,0,0,0,1603,7795,0.205645
958,775,specializes,0.762523,485,0.0,958,775,2,0,2,490,2134,0.229616
963,1007,specializes,0.622857,503,0.0,963,1007,0,0,0,530,1542,0.343709
969,31,specializes,0.294112,712,0.0,969,31,0,0,0,925,1497,0.617902
969,401,specializes,0.492534,789,0.0,969,401,0,0,0,925,2189,0.422567
969,522,specializes,0.269804,704,0.0,969,522,0,3,-3,925,1433,0.645499
975,565,specializes,0.393087,931,0.0,975,565,3,0,3,1108,2082,0.532181
978,124,specializes,0.662369,1173,0.0,978,124,0,0,0,1334,5407,0.246717
978,537,specializes,0.623679,1155,0.0,978,537,0,2,-2,1334,4770,0.279665
978,653,specializes,0.626049,1192,0.0,978,653,0,3,-3,1334,4456,0.299372
978,731,specializes,0.696545,1233,0.0,978,731,0,3,-3,1334,5414,0.246398
983,343,specializes,0.829352,50,0.0,983,343,3,4,-1,50,293,0.170648
990,338,specializes,0.537817,1435,0.0,990,338,2,3,-1,1850,6033,0.306647
990,780,specializes,0.620898,1586,0.0,990,780,2,2,0,1850,6709,0.275749
993,210,specializes,0.462437,1638,0.0,993,210,2,3,-1,2099,5152,0.407415
993,338,specializes,0.560435,1804,0.0,993,338,2,3,-1,2099,6033,0.34792
993,744,specializes,0.514295,1946,0.0,993,744,2,2,0,2099,4714,0.445269
999,35,specializes,0.71206,81,0.0,999,35,4,0,4,83,307,0.270358
1001,578,specializes,0.568282,141,0.0,1001,578,4,4,0,169,530,0.318868
1003,586,specializes,0.583648,369,0.0,1003,586,0,0,0,475,1910,0.248691
1013,396,specializes,0.451873,1906,0.0,1013,396,3,0,3,2251,4827,0.466335
1013,758,specializes,0.452623,1800,0.0,1013,758,3,0,3,2251,5187,0.43397
1015,537,specializes,0.675465,772,0.0,1015,537,0,2,-2,922,4770,0.193291
1015,598,specializes,0.663187,857,0.0,1015,598,0,3,-3,922,3218,0.286513
1015,653,specializes,0.70793,823,0.0,1015,653,0,3,-3,922,4456,0.206912
1015,692,specializes,0.417739,749,0.0,1015,692,0,3,-3,922,1898,0.485774
1022,240,specializes,0.628902,215,0.0,1022,240,4,2,2,275,1406,0.19559
