family_id,seed_coverage,seed_11_activation_pct,seed_23_activation_pct,seed_37_activation_pct,seed_53_activation_pct,seed_71_activation_pct,mean_activation_pct,range_pp,coefficient_of_variation
stable_0014,5,0.075600,0.075200,0.076000,0.074800,0.076800,0.075680,0.002000,0.009093
stable_0500,5,0.060800,0.060000,0.063600,0.059200,0.062000,0.061120,0.004400,0.025313
stable_0321,5,0.078800,0.082000,0.079200,0.078800,0.077600,0.079280,0.004400,0.018442
stable_0002,5,0.076000,0.075200,0.073200,0.074000,0.078800,0.075440,0.005600,0.025671
stable_0169,5,0.098000,0.100000,0.102400,0.102800,0.103600,0.101360,0.005600,0.020369
stable_0132,5,0.019200,0.017200,0.023200,0.020800,0.022400,0.020560,0.006000,0.105562
stable_0277,5,0.062400,0.063600,0.060400,0.066800,0.066000,0.063840,0.006400,0.036664
stable_0024,5,0.075600,0.070000,0.072400,0.076400,0.074400,0.073760,0.006400,0.031360
stable_0537,5,0.232400,0.230800,0.237600,0.230400,0.236400,0.233520,0.007200,0.012606
stable_0655,5,0.222400,0.214800,0.218000,0.219200,0.219600,0.218800,0.007600,0.011269
stable_0196,5,0.091200,0.088800,0.086800,0.083600,0.084400,0.086960,0.007600,0.032212
stable_0415,5,0.083600,0.087200,0.083600,0.079600,0.087600,0.084320,0.008000,0.034523
stable_0048,5,0.091200,0.099600,0.099600,0.095200,0.092800,0.095680,0.008400,0.036002
stable_0275,5,0.108800,0.112000,0.113200,0.104800,0.110000,0.109760,0.008400,0.026541
stable_0362,5,0.039600,0.040400,0.044800,0.036400,0.040000,0.040240,0.008400,0.066712
stable_0701,5,0.076000,0.071200,0.068800,0.077200,0.076400,0.073920,0.008400,0.044806
stable_0094,5,0.125200,0.126400,0.117600,0.120400,0.121600,0.122240,0.008800,0.026227
stable_0217,5,0.086000,0.077200,0.082000,0.080800,0.077200,0.080640,0.008800,0.040856
stable_0131,5,0.068400,0.064400,0.068000,0.071200,0.073200,0.069040,0.008800,0.043449
stable_0176,5,0.110800,0.115200,0.113600,0.117600,0.108800,0.113200,0.008800,0.027553
stable_0284,5,0.080400,0.083200,0.078400,0.080800,0.087200,0.082000,0.008800,0.036764
stable_0150,5,0.153600,0.157600,0.162000,0.152800,0.153600,0.155920,0.009200,0.022270
stable_0410,5,0.214400,0.214800,0.220000,0.210800,0.217200,0.215440,0.009200,0.014218
stable_0067,5,0.468000,0.467600,0.458400,0.464400,0.467200,0.465120,0.009600,0.007719
stable_0339,5,0.037600,0.032400,0.039600,0.042400,0.040000,0.038400,0.010000,0.087649
stable_0379,5,0.083600,0.094800,0.093600,0.090000,0.086800,0.089760,0.011200,0.046449
stable_0388,5,0.074400,0.063200,0.064000,0.066400,0.065600,0.066720,0.011200,0.060000
stable_0010,5,0.065200,0.073200,0.068400,0.076800,0.074800,0.071680,0.011600,0.059519
stable_0678,5,0.094400,0.082400,0.089200,0.083200,0.091600,0.088160,0.012000,0.053114
stable_0559,5,0.087600,0.078800,0.091200,0.088400,0.090400,0.087280,0.012400,0.050819
stable_0084,5,0.258800,0.269600,0.257200,0.269200,0.256800,0.262320,0.012800,0.022190
stable_0092,5,0.109200,0.098000,0.108800,0.101200,0.111600,0.105760,0.013600,0.049348
stable_0062,5,0.337200,0.323200,0.331200,0.336800,0.327200,0.331120,0.014000,0.016394
stable_0431,5,0.272800,0.280400,0.278000,0.265600,0.270400,0.273440,0.014800,0.019376
stable_0654,5,0.204800,0.202400,0.201600,0.203600,0.190000,0.200480,0.014800,0.026691
stable_0681,5,0.103600,0.102000,0.116800,0.112000,0.112800,0.109440,0.014800,0.051926
stable_0458,5,0.184800,0.187200,0.179600,0.172400,0.176800,0.180160,0.014800,0.029675
stable_0301,5,0.178400,0.186400,0.190400,0.193600,0.178400,0.185440,0.015200,0.033350
stable_0220,5,0.122000,0.107600,0.106400,0.117200,0.114000,0.113440,0.015600,0.051611
stable_0261,5,0.061600,0.077200,0.066800,0.066000,0.068800,0.068080,0.015600,0.075371
stable_0482,5,0.197200,0.188000,0.203200,0.190000,0.203600,0.196400,0.015600,0.033017
stable_0547,5,0.107200,0.112800,0.118000,0.105600,0.122000,0.113120,0.016400,0.055117
stable_0552,5,0.177600,0.165600,0.177200,0.176000,0.182000,0.175680,0.016400,0.030932
stable_0088,5,0.240800,0.224000,0.229200,0.233200,0.240800,0.233600,0.016800,0.028095
stable_0440,5,0.170400,0.168800,0.178400,0.167200,0.161600,0.169280,0.016800,0.032136
stable_0000,5,0.265600,0.260400,0.268800,0.267200,0.277600,0.267920,0.017200,0.020910
stable_0065,5,0.101600,0.084000,0.096000,0.086400,0.098400,0.093280,0.017600,0.073697
stable_0206,5,0.150400,0.145600,0.149600,0.163200,0.152000,0.152160,0.017600,0.038835
stable_0034,5,0.166000,0.161200,0.174400,0.166000,0.178800,0.169280,0.017600,0.037701
stable_0686,5,0.186000,0.168000,0.178400,0.181200,0.177600,0.178240,0.018000,0.033123
stable_0356,5,0.173600,0.169200,0.180000,0.179200,0.187200,0.177840,0.018000,0.034365
stable_0407,5,0.163600,0.171200,0.171200,0.151600,0.171200,0.165760,0.019600,0.046257
stable_0082,5,0.129600,0.137600,0.118000,0.133600,0.126000,0.128960,0.019600,0.052072
stable_0480,5,0.141600,0.142400,0.160400,0.140400,0.146000,0.146160,0.020000,0.050362
stable_0373,5,0.131600,0.137200,0.130400,0.138400,0.118400,0.131200,0.020000,0.054162
stable_0332,5,0.178400,0.158000,0.176000,0.159600,0.178000,0.170000,0.020400,0.054087
stable_0142,5,0.288800,0.295600,0.300800,0.303200,0.282800,0.294240,0.020400,0.025687
stable_0392,5,0.290800,0.293200,0.293600,0.297200,0.311600,0.297280,0.020800,0.025049
stable_0068,5,0.098000,0.092000,0.087200,0.088800,0.108000,0.094800,0.020800,0.079790
stable_0706,5,0.151600,0.160400,0.148800,0.169600,0.158400,0.157760,0.020800,0.046216
stable_0078,5,0.129200,0.150400,0.143600,0.142800,0.143200,0.141840,0.021200,0.048734
stable_0254,5,0.096400,0.110800,0.117600,0.110800,0.112800,0.109680,0.021200,0.064641
stable_0351,5,0.312800,0.311200,0.316800,0.306800,0.328000,0.315120,0.021200,0.022826
stable_0630,5,0.228000,0.219600,0.211600,0.206800,0.220000,0.217200,0.021200,0.033818
stable_0677,5,0.116400,0.120000,0.128000,0.137600,0.122000,0.124800,0.021200,0.059481
stable_0276,5,0.084800,0.095600,0.074400,0.091200,0.086400,0.086480,0.021200,0.082451
stable_0325,5,1.409200,1.390800,1.409200,1.388000,1.395200,1.398480,0.021200,0.006470
stable_0117,5,0.079200,0.098000,0.100800,0.097200,0.087600,0.092560,0.021600,0.086715
stable_0338,5,0.366000,0.369600,0.362000,0.374400,0.352400,0.364880,0.022000,0.020443
stable_0403,5,0.111200,0.125200,0.121600,0.122400,0.133200,0.122720,0.022000,0.057625
stable_0022,5,0.275200,0.287200,0.264800,0.273200,0.268800,0.273840,0.022400,0.027709
stable_0734,5,0.128800,0.108000,0.126000,0.106400,0.124400,0.118720,0.022400,0.080225
stable_0282,5,0.216800,0.230000,0.229200,0.221200,0.239600,0.227360,0.022800,0.034612
stable_0621,5,0.270400,0.293200,0.293200,0.282800,0.271600,0.282240,0.022800,0.035216
stable_0184,5,0.118400,0.123200,0.126800,0.142000,0.130000,0.128080,0.023600,0.062129
stable_0038,5,0.246000,0.250800,0.262800,0.239200,0.248400,0.249440,0.023600,0.030956
stable_0519,5,0.101600,0.100000,0.112000,0.088400,0.088000,0.098000,0.024000,0.091850
stable_0256,5,0.128400,0.111600,0.128800,0.109200,0.133200,0.122240,0.024000,0.080516
stable_0298,5,0.136000,0.124000,0.120800,0.133200,0.144800,0.131760,0.024000,0.065326
stable_0200,5,0.459600,0.438800,0.435600,0.457600,0.437200,0.445760,0.024000,0.023671
stable_0302,5,0.328000,0.304000,0.318000,0.314400,0.326800,0.318240,0.024000,0.027613
stable_0049,5,0.129600,0.137600,0.154000,0.140800,0.140000,0.140400,0.024400,0.056061
stable_0518,5,0.059600,0.054800,0.059600,0.047600,0.072000,0.058720,0.024400,0.135584
stable_0174,5,0.109600,0.118800,0.130000,0.126000,0.134400,0.123760,0.024800,0.070651
stable_0202,5,0.130800,0.140800,0.127200,0.148800,0.124000,0.134320,0.024800,0.068335
stable_0033,5,0.222400,0.197200,0.208800,0.204000,0.200800,0.206640,0.025200,0.042367
stable_0643,5,0.230800,0.234400,0.256000,0.244400,0.248000,0.242720,0.025200,0.037687
stable_0404,5,0.512800,0.489200,0.493600,0.514800,0.510400,0.504160,0.025600,0.021031
stable_0266,5,0.140800,0.157200,0.166800,0.154000,0.141600,0.152080,0.026000,0.064671
stable_0304,5,0.488400,0.463600,0.489600,0.468000,0.478800,0.477680,0.026000,0.021960
stable_0583,5,0.184000,0.187200,0.161200,0.185200,0.166000,0.176720,0.026000,0.061496
stable_0079,5,0.305200,0.297600,0.318800,0.300000,0.292400,0.302800,0.026400,0.029715
stable_0240,5,0.341200,0.338800,0.365200,0.364800,0.343200,0.350640,0.026400,0.033676
stable_0727,5,0.109600,0.124000,0.097600,0.105600,0.099600,0.107280,0.026400,0.087487
stable_0146,5,0.361200,0.367600,0.348400,0.356000,0.375200,0.361680,0.026800,0.025541
stable_0517,5,0.125200,0.107200,0.127600,0.119200,0.135200,0.122880,0.028000,0.076241
stable_0102,5,0.098800,0.080000,0.074000,0.070800,0.073600,0.079440,0.028000,0.127566
stable_0575,5,0.110800,0.093200,0.114800,0.086800,0.114000,0.103920,0.028000,0.111834
stable_0449,5,0.249600,0.228800,0.257200,0.246000,0.238400,0.244000,0.028400,0.039820
stable_0508,5,0.152000,0.128000,0.152800,0.156400,0.148000,0.147440,0.028400,0.068367
stable_0105,5,0.324400,0.299600,0.319200,0.298000,0.326400,0.313520,0.028400,0.039095
stable_0209,5,0.322000,0.325600,0.301600,0.305600,0.297200,0.310400,0.028400,0.036458
stable_0197,5,0.255600,0.270400,0.272800,0.271200,0.284800,0.270960,0.029200,0.034274
stable_0435,5,0.342800,0.352400,0.323200,0.349600,0.352400,0.344080,0.029200,0.032010
stable_0594,5,0.152800,0.142400,0.142800,0.155600,0.171600,0.153040,0.029200,0.069715
stable_0722,5,0.116400,0.111600,0.120000,0.121600,0.140800,0.122080,0.029200,0.081675
stable_0057,5,0.117200,0.087600,0.114400,0.110000,0.095600,0.104960,0.029600,0.108906
stable_0347,5,0.303600,0.312000,0.333200,0.308000,0.319600,0.315280,0.029600,0.032961
stable_0017,5,0.064400,0.034000,0.043600,0.036000,0.036400,0.042880,0.030400,0.262152
stable_0191,5,0.188000,0.207200,0.176400,0.182800,0.197600,0.190400,0.030800,0.057226
stable_0626,5,0.394400,0.425200,0.398400,0.401200,0.396000,0.403040,0.030800,0.028075
stable_0502,5,0.320000,0.351200,0.345600,0.322000,0.328800,0.333520,0.031200,0.037838
stable_0053,5,0.272800,0.291600,0.267200,0.266400,0.298000,0.279200,0.031600,0.046864
stable_0459,5,0.128800,0.110000,0.097600,0.097200,0.112400,0.109200,0.031600,0.106290
stable_0188,5,0.556800,0.567200,0.557600,0.568000,0.588400,0.567600,0.031600,0.020081
stable_0124,5,0.256000,0.277600,0.252000,0.258400,0.245600,0.257920,0.032000,0.041688
stable_0322,5,0.192800,0.202000,0.181200,0.174800,0.206800,0.191520,0.032000,0.063134
stable_0563,5,0.349200,0.354800,0.363200,0.348400,0.330800,0.349280,0.032400,0.030476
stable_0179,5,0.265200,0.277200,0.282000,0.297600,0.284000,0.281200,0.032400,0.037279
stable_0168,5,0.564800,0.574000,0.550000,0.582400,0.582000,0.570640,0.032400,0.021301
stable_0318,5,0.264800,0.262000,0.269600,0.240000,0.236800,0.254640,0.032800,0.053090
stable_0495,5,0.230400,0.233200,0.237200,0.250000,0.217200,0.233600,0.032800,0.045356
stable_0645,5,0.217200,0.211600,0.219200,0.205600,0.238800,0.218480,0.033200,0.051308
stable_0305,5,0.087200,0.089600,0.092000,0.120400,0.103600,0.098560,0.033200,0.124657
stable_0029,5,0.185600,0.194400,0.175600,0.186800,0.208800,0.190240,0.033200,0.058035
stable_0545,5,0.539600,0.524400,0.538400,0.546000,0.512800,0.532240,0.033200,0.022559
stable_0127,5,0.290400,0.256800,0.268400,0.273600,0.256800,0.269200,0.033600,0.046306
stable_0381,5,0.245600,0.258400,0.243200,0.224800,0.229600,0.240320,0.033600,0.049893
stable_0702,5,0.216800,0.240800,0.230400,0.250800,0.233600,0.234480,0.034000,0.048110
stable_0016,5,0.231600,0.205600,0.197600,0.212400,0.227200,0.214880,0.034000,0.059677
stable_0270,5,0.159600,0.125200,0.143200,0.140000,0.137600,0.141120,0.034400,0.078457
stable_0416,5,0.246400,0.265200,0.232000,0.266400,0.254800,0.252960,0.034400,0.050508
stable_0564,5,0.244000,0.216000,0.216400,0.211200,0.209200,0.219360,0.034800,0.057555
stable_0619,5,0.103600,0.104000,0.112400,0.138400,0.123200,0.116320,0.034800,0.112998
stable_0072,5,0.103600,0.130400,0.095600,0.114800,0.108800,0.110640,0.034800,0.105938
stable_0577,5,0.215600,0.226000,0.233200,0.214400,0.198000,0.217440,0.035200,0.054888
stable_0378,5,0.217600,0.185200,0.213600,0.220800,0.200800,0.207600,0.035600,0.063109
stable_0589,5,0.070400,0.067200,0.074800,0.102800,0.076800,0.078400,0.035600,0.161373
stable_0639,5,0.274400,0.245600,0.240400,0.276400,0.246000,0.256560,0.036000,0.060501
stable_0247,5,0.235200,0.213600,0.238800,0.229600,0.249600,0.233360,0.036000,0.050751
stable_0156,5,0.163200,0.164400,0.176800,0.158800,0.195200,0.171680,0.036400,0.076843
stable_0696,5,0.348000,0.370400,0.334000,0.341600,0.352800,0.349360,0.036400,0.035115
stable_0166,5,0.106800,0.116000,0.128400,0.142400,0.106000,0.119920,0.036400,0.115458
stable_0317,5,0.099600,0.095200,0.130800,0.094000,0.109600,0.105840,0.036800,0.128820
stable_0463,5,0.050000,0.054400,0.058400,0.086800,0.062800,0.062480,0.036800,0.206118
stable_0548,5,0.362000,0.370800,0.374000,0.348000,0.337200,0.358400,0.036800,0.038816
stable_0006,5,0.241200,0.218000,0.220400,0.255200,0.236400,0.234240,0.037200,0.058775
stable_0107,5,0.106800,0.124000,0.104800,0.134800,0.097600,0.113600,0.037200,0.120523
stable_0690,5,0.665600,0.647200,0.628400,0.630000,0.642800,0.642800,0.037200,0.020992
stable_0650,5,0.523600,0.517200,0.554800,0.539600,0.549200,0.536880,0.037600,0.026914
stable_0138,5,0.202400,0.188800,0.220800,0.192400,0.183200,0.197520,0.037600,0.066901
stable_0413,5,0.628000,0.648000,0.646400,0.643600,0.610000,0.635200,0.038000,0.022778
stable_0472,5,0.133600,0.151200,0.162000,0.162800,0.171600,0.156240,0.038000,0.083457
stable_0658,5,0.178800,0.173200,0.168000,0.174400,0.206000,0.180080,0.038000,0.074461
stable_0328,5,0.291200,0.276000,0.269200,0.307200,0.304000,0.289520,0.038000,0.051712
stable_0644,5,0.406000,0.370000,0.396400,0.382800,0.408000,0.392640,0.038000,0.036695
stable_0289,5,0.145200,0.154800,0.116000,0.149200,0.136000,0.140240,0.038800,0.096852
stable_0494,5,0.198000,0.202400,0.223600,0.191600,0.184800,0.200080,0.038800,0.065863
stable_0228,5,0.534400,0.570400,0.571200,0.532400,0.553200,0.552320,0.038800,0.030318
stable_0419,5,0.913200,0.945600,0.915200,0.952000,0.926800,0.930560,0.038800,0.016905
stable_0524,5,0.161600,0.198800,0.159600,0.164400,0.163600,0.169600,0.039200,0.086644
stable_0730,5,0.292400,0.274800,0.302400,0.262800,0.273200,0.281120,0.039600,0.050766
stable_0028,5,0.147600,0.138800,0.155600,0.178400,0.166000,0.157280,0.039600,0.088106
stable_0069,5,0.305200,0.305200,0.327200,0.318000,0.287200,0.308560,0.040000,0.043851
stable_0464,5,0.120400,0.158400,0.118400,0.120000,0.131200,0.129680,0.040000,0.116142
stable_0573,5,0.365200,0.396000,0.405200,0.384800,0.383600,0.386960,0.040000,0.034746
stable_0676,5,0.499600,0.494000,0.518400,0.478000,0.500400,0.498080,0.040400,0.026030
stable_0394,5,0.384400,0.372800,0.409600,0.369200,0.370800,0.381360,0.040400,0.039584
stable_0568,5,0.202000,0.171200,0.181200,0.161200,0.197200,0.182560,0.040800,0.084128
stable_0729,5,0.215600,0.193600,0.206000,0.234400,0.234000,0.216720,0.040800,0.073304
stable_0493,5,0.051200,0.083600,0.048800,0.042400,0.044000,0.054000,0.041200,0.280309
stable_0646,5,0.215200,0.256400,0.232400,0.245600,0.214000,0.232720,0.042400,0.071494
stable_0387,5,0.348400,0.350800,0.308800,0.325600,0.308400,0.328400,0.042400,0.056045
stable_0528,5,0.203200,0.199600,0.210400,0.236400,0.194000,0.208720,0.042400,0.071042
stable_0628,5,0.868800,0.856800,0.884400,0.841600,0.866800,0.863680,0.042800,0.016375
stable_0566,5,0.283600,0.269200,0.286000,0.312000,0.311200,0.292400,0.042800,0.057109
stable_0647,5,0.242400,0.207600,0.238400,0.236400,0.250800,0.235120,0.043200,0.062178
stable_0061,5,0.078400,0.121600,0.121200,0.086400,0.100400,0.101600,0.043200,0.173568
stable_0101,5,0.237600,0.257200,0.272800,0.274400,0.281200,0.264640,0.043600,0.059088
stable_0306,5,0.183200,0.181200,0.224800,0.195600,0.204400,0.197840,0.043600,0.080433
stable_0037,5,0.279200,0.261600,0.262000,0.268000,0.305200,0.275200,0.043600,0.059198
stable_0279,5,0.145600,0.177200,0.159200,0.133200,0.176800,0.158400,0.044000,0.109037
stable_0335,5,0.362400,0.360800,0.345600,0.359600,0.318400,0.349360,0.044000,0.047526
stable_0164,5,0.181200,0.177600,0.184800,0.156400,0.200800,0.180160,0.044400,0.079268
stable_0099,5,0.512400,0.480800,0.525200,0.490000,0.510000,0.503680,0.044400,0.031887
stable_0585,5,0.197200,0.185200,0.230400,0.192400,0.207200,0.202480,0.045200,0.077458
stable_0474,5,0.618000,0.636000,0.636000,0.601200,0.590800,0.616400,0.045200,0.029536
stable_0451,5,0.246800,0.286000,0.282400,0.240800,0.246400,0.260480,0.045200,0.074925
stable_0587,5,0.240400,0.217600,0.262800,0.236000,0.248400,0.241040,0.045200,0.061616
stable_0557,5,0.080400,0.120400,0.095600,0.090000,0.074800,0.092240,0.045600,0.171665
stable_0581,5,0.166800,0.121200,0.140000,0.147200,0.164000,0.147840,0.045600,0.112868
stable_0595,5,0.259200,0.259200,0.282000,0.236400,0.269600,0.261280,0.045600,0.057440
stable_0691,5,0.166800,0.164400,0.142800,0.171200,0.125200,0.154080,0.046000,0.113259
stable_0371,5,0.462000,0.438000,0.466000,0.420000,0.431600,0.443520,0.046000,0.039986
stable_0656,5,0.606400,0.589600,0.560400,0.562400,0.575600,0.578880,0.046000,0.029882
stable_0602,5,1.076000,1.072000,1.118800,1.112800,1.101200,1.096160,0.046800,0.017333
stable_0263,5,0.176400,0.154800,0.134000,0.152400,0.180800,0.159680,0.046800,0.107083
stable_0642,5,0.135200,0.161200,0.182000,0.178000,0.144800,0.160240,0.046800,0.113546
stable_0139,5,0.705200,0.671200,0.665600,0.657600,0.699200,0.679760,0.047600,0.027834
stable_0667,5,0.202800,0.154800,0.191200,0.168400,0.182400,0.179920,0.048000,0.093686
stable_0485,5,0.127200,0.170000,0.145200,0.175600,0.163200,0.156240,0.048400,0.113697
stable_0659,5,0.311600,0.326000,0.313200,0.277600,0.325200,0.310720,0.048400,0.056610
stable_0632,5,0.355200,0.404000,0.393600,0.400000,0.391600,0.388880,0.048800,0.044781
stable_0477,5,0.375600,0.375200,0.423200,0.424400,0.412800,0.402240,0.049200,0.055398
stable_0555,5,0.162000,0.148800,0.172800,0.139200,0.188400,0.162240,0.049200,0.107021
stable_0334,5,0.212400,0.242000,0.204800,0.254400,0.222400,0.227200,0.049600,0.081223
stable_0352,5,0.194800,0.178000,0.222800,0.226800,0.227600,0.210000,0.049600,0.095497
stable_0109,5,0.146800,0.136400,0.186000,0.172000,0.161200,0.160480,0.049600,0.109766
stable_0032,5,0.207600,0.198400,0.166400,0.193600,0.157600,0.184720,0.050000,0.104431
stable_0185,5,0.127600,0.110400,0.086400,0.077200,0.106400,0.101600,0.050400,0.176227
stable_0212,5,0.476800,0.496800,0.474000,0.446000,0.456000,0.469920,0.050800,0.037497
stable_0058,5,0.203200,0.209600,0.254400,0.212400,0.218800,0.219680,0.051200,0.082252
stable_0507,5,0.198400,0.220800,0.213600,0.217200,0.249600,0.219920,0.051200,0.075873
stable_0233,5,0.120400,0.111600,0.140000,0.113600,0.088800,0.114880,0.051200,0.143248
stable_0205,5,0.266800,0.277200,0.267600,0.268800,0.318000,0.279680,0.051200,0.069787
stable_0187,5,0.239200,0.262000,0.222800,0.274400,0.223600,0.244400,0.051600,0.084570
stable_0531,5,0.580800,0.531200,0.563600,0.548000,0.582800,0.561280,0.051600,0.035010
stable_0303,5,0.139200,0.132000,0.132000,0.148000,0.184000,0.147040,0.052000,0.131903
stable_0081,5,0.184800,0.144400,0.196800,0.157600,0.172800,0.171280,0.052400,0.109103
stable_0274,5,0.942000,0.900400,0.951200,0.953600,0.933600,0.936160,0.053200,0.020546
stable_0711,5,0.679200,0.694400,0.650400,0.682800,0.641200,0.669600,0.053200,0.030289
stable_0735,5,0.190800,0.157600,0.200800,0.210000,0.210800,0.194000,0.053200,0.101001
stable_0705,5,0.559600,0.515200,0.505600,0.521200,0.536000,0.527520,0.054000,0.035699
stable_0542,5,0.259200,0.209600,0.231600,0.234400,0.204800,0.227920,0.054400,0.085621
stable_0657,5,0.173600,0.166400,0.154000,0.118800,0.135600,0.149680,0.054800,0.134358
stable_0383,5,0.243600,0.281200,0.264800,0.265200,0.298400,0.270640,0.054800,0.067669
stable_0624,5,0.227600,0.236000,0.240400,0.282400,0.242400,0.245760,0.054800,0.077366
stable_0111,5,0.245600,0.281600,0.226000,0.237600,0.259600,0.250080,0.055600,0.076705
stable_0326,5,0.287600,0.320000,0.344000,0.300000,0.338800,0.318080,0.056400,0.068313
stable_0529,5,0.575200,0.632000,0.594400,0.605200,0.598000,0.600960,0.056800,0.030654
stable_0455,5,0.434400,0.458400,0.461200,0.404400,0.416800,0.435040,0.056800,0.051419
stable_0708,5,0.272400,0.272800,0.280000,0.294000,0.329200,0.289680,0.056800,0.073355
stable_0598,5,0.235200,0.218800,0.243600,0.186400,0.223600,0.221520,0.057200,0.088457
stable_0013,5,0.282800,0.306000,0.300000,0.312400,0.340400,0.308320,0.057600,0.061052
stable_0031,5,0.170800,0.188800,0.130800,0.145600,0.173200,0.161840,0.058000,0.128528
stable_0211,5,0.458000,0.399200,0.415600,0.450800,0.441200,0.432960,0.058800,0.051172
stable_0536,5,0.232400,0.196400,0.184000,0.215600,0.242800,0.214240,0.058800,0.101837
stable_0390,5,0.205600,0.203600,0.182400,0.146400,0.204000,0.188400,0.059200,0.120343
stable_0670,5,0.482400,0.464400,0.471600,0.504800,0.445600,0.473760,0.059200,0.041399
stable_0442,5,0.460000,0.462400,0.410400,0.402400,0.426400,0.432320,0.060000,0.057426
stable_0623,5,0.165200,0.193200,0.225200,0.200000,0.218000,0.200320,0.060000,0.105089
stable_0372,5,0.400400,0.368800,0.348400,0.395600,0.408800,0.384400,0.060400,0.058358
stable_0597,5,0.148800,0.184400,0.154800,0.209200,0.164800,0.172400,0.060400,0.127682
stable_0327,5,0.387600,0.415200,0.389600,0.354000,0.385600,0.386400,0.061200,0.050337
stable_0237,5,0.463600,0.450400,0.416400,0.402400,0.422000,0.430960,0.061200,0.052415
stable_0292,5,0.488000,0.512800,0.475600,0.450800,0.477200,0.480880,0.062000,0.041754
stable_0281,5,0.163600,0.168400,0.105600,0.166800,0.164400,0.153760,0.062800,0.157000
stable_0668,5,0.478400,0.504400,0.541200,0.501200,0.490000,0.503040,0.062800,0.042063
stable_0115,5,0.175600,0.178000,0.134800,0.137600,0.114800,0.148160,0.063200,0.166597
stable_0026,5,0.550800,0.593600,0.547600,0.553200,0.530400,0.555120,0.063200,0.037534
stable_0163,5,0.501600,0.491200,0.554800,0.538000,0.498800,0.516880,0.063600,0.048203
stable_0810,4,0.052000,0.058800,0.000000,0.062000,0.063600,0.047280,0.063600,0.507033
stable_0640,5,0.383600,0.402400,0.424400,0.447200,0.445600,0.420640,0.063600,0.058689
stable_0207,5,0.642400,0.599600,0.641600,0.663200,0.646400,0.638640,0.063600,0.032923
stable_0608,5,0.244400,0.180400,0.222400,0.232000,0.200400,0.215920,0.064000,0.105899
stable_0445,5,0.307200,0.278800,0.242400,0.252000,0.295600,0.275200,0.064800,0.089999
stable_0433,5,0.834400,0.835600,0.775600,0.770800,0.811200,0.805520,0.064800,0.034546
stable_0584,5,0.189600,0.203600,0.254800,0.208000,0.205200,0.212240,0.065200,0.104639
stable_0182,5,0.279200,0.288400,0.345200,0.324800,0.340800,0.315680,0.066000,0.085713
stable_0161,5,0.820000,0.808000,0.772800,0.835600,0.768800,0.801040,0.066800,0.032741
stable_0443,5,0.616800,0.629200,0.660000,0.683600,0.637600,0.645440,0.066800,0.036753
stable_0489,5,0.170800,0.213600,0.154000,0.146800,0.179200,0.172880,0.066800,0.135384
stable_0396,5,0.176800,0.122000,0.119600,0.132000,0.110000,0.132080,0.066800,0.177391
stable_0087,5,0.221600,0.225200,0.198000,0.265200,0.227200,0.227440,0.067200,0.094948
stable_0264,5,0.300800,0.289200,0.310400,0.274000,0.243200,0.283520,0.067200,0.083014
stable_0610,5,0.608400,0.585600,0.653600,0.590000,0.637600,0.615040,0.068000,0.043224
stable_0580,5,0.472400,0.407600,0.404400,0.440000,0.432000,0.431280,0.068000,0.057274
stable_0194,5,0.712800,0.669600,0.715200,0.738000,0.708400,0.708800,0.068400,0.031207
stable_0807,4,0.054800,0.068800,0.056000,0.058000,0.000000,0.047520,0.068800,0.510781
stable_0155,5,0.434000,0.388800,0.364800,0.392400,0.384400,0.392880,0.069200,0.057685
stable_0213,5,0.156000,0.225600,0.156800,0.184800,0.187600,0.182160,0.069600,0.139983
stable_0129,5,0.178400,0.165600,0.203600,0.192800,0.235600,0.195200,0.070000,0.122670
stable_0689,5,0.291200,0.334800,0.302400,0.336800,0.266800,0.306400,0.070000,0.086914
stable_0592,5,0.406800,0.357200,0.393600,0.351200,0.336400,0.369040,0.070400,0.072232
stable_0460,5,0.426400,0.356000,0.408000,0.381600,0.358800,0.386160,0.070400,0.071157
stable_0609,5,0.246800,0.265600,0.303200,0.294800,0.317600,0.285600,0.070800,0.090277
stable_0055,5,0.268800,0.312400,0.250800,0.321600,0.277600,0.286240,0.070800,0.093344
stable_0149,5,0.300000,0.311200,0.267200,0.338000,0.311200,0.305520,0.070800,0.074902
stable_0461,5,0.508800,0.570400,0.518000,0.522000,0.499600,0.523760,0.070800,0.046916
stable_0204,5,0.180400,0.147200,0.177200,0.197200,0.126000,0.165600,0.071200,0.154166
stable_0688,5,0.851200,0.826000,0.780000,0.780800,0.799200,0.807440,0.071200,0.034097
stable_0190,5,1.207600,1.224400,1.213600,1.168000,1.152800,1.193280,0.071600,0.023297
stable_0737,5,0.399200,0.388000,0.453200,0.381600,0.405600,0.405520,0.071600,0.062311
stable_0133,5,0.311200,0.297600,0.312800,0.282000,0.353600,0.311440,0.071600,0.076492
stable_0173,5,0.589600,0.518000,0.529600,0.550800,0.539600,0.545520,0.071600,0.045027
stable_0007,5,0.175600,0.171600,0.103600,0.144400,0.159600,0.150960,0.072000,0.172582
stable_0731,5,0.404000,0.440000,0.366800,0.414000,0.436800,0.412320,0.073200,0.064255
stable_0406,5,0.262800,0.336800,0.285200,0.285600,0.286800,0.291440,0.074000,0.083660
stable_0498,5,0.236400,0.171600,0.162400,0.183200,0.164000,0.183520,0.074000,0.149536
stable_0479,5,0.432400,0.445200,0.371200,0.437600,0.380400,0.413360,0.074000,0.075172
stable_0386,5,0.532800,0.531600,0.570000,0.606400,0.539600,0.556080,0.074800,0.051738
stable_0382,5,0.236800,0.230400,0.234800,0.266400,0.305200,0.254720,0.074800,0.110958
stable_0258,5,0.222000,0.257200,0.210800,0.286000,0.226800,0.240560,0.075200,0.114012
stable_0251,5,0.231600,0.270400,0.231600,0.229200,0.304800,0.253520,0.075600,0.117899
stable_0675,5,0.546000,0.472400,0.526400,0.518800,0.470000,0.506720,0.076000,0.059874
stable_0538,5,0.352800,0.394800,0.352800,0.398400,0.428800,0.385520,0.076000,0.075770
stable_0323,5,0.486000,0.495600,0.420000,0.496400,0.452000,0.470000,0.076400,0.063348
stable_0295,5,0.530400,0.488400,0.490800,0.565600,0.534400,0.521920,0.077200,0.055714
stable_0283,5,0.280800,0.328400,0.251200,0.316800,0.271200,0.289680,0.077200,0.099283
stable_0060,5,0.245600,0.226400,0.252000,0.212800,0.290800,0.245520,0.078000,0.108198
stable_0346,5,1.235600,1.170800,1.249200,1.246400,1.175600,1.215520,0.078400,0.028699
stable_0412,5,1.026400,1.074400,1.076800,1.044000,1.104800,1.065280,0.078400,0.025681
stable_0349,5,0.320800,0.242000,0.258400,0.288400,0.247600,0.271440,0.078800,0.108403
stable_0786,4,0.072800,0.079600,0.000000,0.078400,0.070800,0.060320,0.079600,0.502990
stable_0471,5,0.450000,0.490400,0.530400,0.511600,0.512800,0.499040,0.080400,0.055316
stable_0370,5,0.512400,0.508400,0.552800,0.565600,0.484800,0.524800,0.080800,0.056982
stable_0784,4,0.066000,0.064400,0.000000,0.080800,0.074800,0.057200,0.080800,0.510767
stable_0672,5,0.327600,0.370400,0.288400,0.301600,0.298800,0.317360,0.082000,0.092937
stable_0707,5,0.137600,0.146000,0.167600,0.219600,0.176400,0.169440,0.082000,0.169641
stable_0631,5,0.204400,0.191600,0.214400,0.254400,0.172000,0.207360,0.082400,0.132419
stable_0019,5,0.935600,0.940800,0.996400,0.913200,0.994400,0.956080,0.083200,0.034959
stable_0106,5,1.487200,1.563600,1.510400,1.568800,1.570800,1.540160,0.083600,0.022490
stable_0385,5,0.386400,0.369600,0.398000,0.314400,0.338400,0.361360,0.083600,0.085472
stable_0199,5,0.299600,0.312400,0.384000,0.343600,0.350400,0.338000,0.084400,0.088075
stable_0064,5,0.379200,0.440400,0.355600,0.397200,0.360400,0.386560,0.084800,0.079389
stable_0180,5,0.521600,0.453600,0.495600,0.533200,0.538400,0.508480,0.084800,0.061290
stable_0567,5,0.914800,0.848400,0.881600,0.933200,0.850800,0.885760,0.084800,0.038216
stable_0341,5,0.756400,0.753200,0.693600,0.671600,0.700400,0.715040,0.084800,0.047335
stable_0718,5,0.188400,0.221200,0.222000,0.224000,0.274000,0.225920,0.085600,0.121394
stable_0238,5,0.645200,0.690400,0.724400,0.696000,0.638800,0.678960,0.085600,0.047674
stable_0712,5,0.311600,0.292800,0.293200,0.364000,0.278400,0.308000,0.085600,0.097134
stable_0616,5,0.418800,0.396000,0.392400,0.367600,0.332800,0.381520,0.086000,0.076734
stable_0073,5,0.259200,0.192000,0.232400,0.276400,0.278800,0.247760,0.086800,0.130908
stable_0360,5,0.150000,0.118400,0.201200,0.114400,0.155600,0.147920,0.086800,0.211571
stable_0541,5,0.283200,0.332000,0.258000,0.305200,0.344800,0.304640,0.086800,0.103769
stable_0369,5,0.390400,0.368400,0.365200,0.336800,0.425200,0.377200,0.088400,0.078033
stable_0503,5,0.493200,0.464000,0.552400,0.518400,0.491600,0.503920,0.088400,0.059004
stable_0804,4,0.057200,0.054400,0.088400,0.000000,0.056800,0.051360,0.088400,0.556374
stable_0478,5,0.120400,0.121200,0.108800,0.190000,0.197600,0.147600,0.088800,0.257809
stable_0110,5,0.442400,0.436800,0.465200,0.482800,0.393600,0.444160,0.089200,0.067912
stable_0713,5,0.444800,0.452000,0.425600,0.370800,0.362000,0.411040,0.090000,0.091377
stable_0100,5,0.593200,0.602400,0.661200,0.683600,0.621200,0.632320,0.090400,0.054843
stable_0699,5,0.362000,0.284800,0.285200,0.375600,0.348000,0.331120,0.090800,0.116741
stable_0025,5,0.211200,0.124400,0.182000,0.186000,0.119600,0.164640,0.091600,0.220228
stable_0484,5,0.364000,0.344400,0.355200,0.271600,0.323600,0.331760,0.092400,0.099373
stable_0083,5,0.772800,0.865200,0.779200,0.820000,0.811600,0.809760,0.092400,0.040890
stable_0359,5,0.593200,0.641200,0.562400,0.548400,0.614400,0.591920,0.092800,0.057046
stable_0009,5,0.224000,0.210000,0.250400,0.231600,0.303600,0.243920,0.093600,0.133513
stable_0004,5,0.380400,0.310400,0.331600,0.286800,0.310800,0.324000,0.093600,0.097423
stable_0075,5,0.330400,0.346800,0.272000,0.310000,0.253200,0.302480,0.093600,0.116020
stable_0510,5,0.478800,0.546800,0.496000,0.484400,0.453200,0.491840,0.093600,0.062709
stable_0140,5,1.172400,1.175200,1.248000,1.266400,1.205200,1.213440,0.094000,0.031302
stable_0438,5,1.179600,1.147200,1.241200,1.182400,1.151200,1.180320,0.094000,0.028495
stable_0514,5,0.650400,0.628800,0.618000,0.589600,0.683600,0.634080,0.094000,0.049789
stable_0153,5,0.536800,0.495600,0.520800,0.442800,0.497600,0.498720,0.094000,0.063886
stable_0651,5,0.243200,0.337600,0.244800,0.261200,0.298400,0.277040,0.094400,0.130737
stable_0446,5,0.746000,0.764000,0.669600,0.730400,0.708000,0.723600,0.094400,0.045161
stable_0733,5,0.331200,0.357200,0.373200,0.425200,0.330400,0.363440,0.094800,0.095944
stable_0444,5,0.917200,0.850000,0.882800,0.945200,0.916000,0.902240,0.095200,0.036308
stable_0103,5,0.745600,0.841200,0.813200,0.837600,0.814400,0.810400,0.095600,0.042429
stable_0526,5,0.605200,0.509200,0.594000,0.527600,0.525200,0.552240,0.096000,0.071243
stable_0227,5,0.361600,0.436000,0.436800,0.340800,0.395200,0.394080,0.096000,0.098130
stable_0375,5,0.747200,0.764800,0.835600,0.743200,0.839200,0.786000,0.096000,0.054208
stable_0224,5,0.526800,0.584800,0.506800,0.488000,0.549200,0.531120,0.096800,0.063448
stable_0045,5,0.949200,0.958800,1.042400,0.945200,1.020400,0.983200,0.097200,0.040896
stable_0011,5,0.882000,0.928000,0.942400,0.843600,0.927600,0.904720,0.098800,0.040573
stable_0216,5,0.322400,0.344000,0.285600,0.267600,0.245200,0.292960,0.098800,0.122600
stable_0561,5,0.462400,0.449200,0.494400,0.395600,0.432800,0.446880,0.098800,0.073077
stable_0846,4,0.096800,0.098800,0.095200,0.000000,0.093200,0.076800,0.098800,0.500575
stable_0259,5,1.511200,1.518400,1.571200,1.607600,1.610800,1.563840,0.099600,0.027145
stable_0051,5,0.583600,0.553200,0.498000,0.598800,0.552800,0.557280,0.100800,0.061992
stable_0243,5,0.364800,0.336800,0.294800,0.388000,0.395600,0.356000,0.100800,0.103466
stable_0684,5,0.277200,0.176400,0.267200,0.192800,0.198000,0.222320,0.100800,0.186520
stable_0056,5,0.089600,0.110000,0.090800,0.190800,0.114800,0.119200,0.101200,0.311947
stable_0591,5,0.608000,0.639200,0.628000,0.674000,0.710000,0.651840,0.102000,0.055414
stable_0453,5,0.252000,0.263600,0.292400,0.290000,0.356400,0.290880,0.104400,0.124446
stable_0044,5,0.278000,0.280800,0.378400,0.274000,0.293600,0.300960,0.104400,0.130490
stable_0268,5,0.228800,0.124000,0.227600,0.182800,0.227200,0.198080,0.104800,0.206734
stable_0715,5,0.456400,0.537600,0.497600,0.461600,0.432000,0.477040,0.105600,0.077211
stable_0496,5,0.546000,0.459200,0.445200,0.468400,0.440000,0.471760,0.106000,0.081518
stable_0098,5,0.800800,0.876400,0.818400,0.770000,0.857600,0.824640,0.106400,0.046520
stable_0560,5,0.238000,0.216400,0.276800,0.170400,0.229600,0.226240,0.106400,0.152103
stable_0607,5,0.508000,0.532000,0.447600,0.466000,0.425200,0.475760,0.106800,0.082200
stable_0035,5,0.422400,0.483600,0.436800,0.496000,0.529600,0.473680,0.107200,0.082919
stable_0076,5,0.497600,0.522000,0.605200,0.539200,0.535600,0.539920,0.107600,0.066226
stable_0830,4,0.102800,0.000000,0.107600,0.102000,0.100000,0.082480,0.107600,0.500915
stable_0501,5,0.712800,0.692000,0.702400,0.605200,0.615200,0.665520,0.107600,0.068750
stable_0457,5,0.485600,0.464400,0.525200,0.416400,0.446400,0.467600,0.108800,0.078418
stable_0248,5,0.468800,0.578400,0.490800,0.563200,0.499200,0.520080,0.109600,0.082404
stable_0803,4,0.093600,0.091200,0.000000,0.109600,0.103600,0.079600,0.109600,0.506975
stable_0793,4,0.103200,0.000000,0.109600,0.110000,0.095600,0.083680,0.110000,0.503901
stable_0260,5,0.204000,0.218800,0.108400,0.210400,0.116000,0.171520,0.110400,0.284053
stable_0469,5,0.795600,0.827200,0.716400,0.815200,0.759200,0.782720,0.110800,0.051583
stable_0135,5,0.280000,0.227600,0.193600,0.174800,0.168800,0.208960,0.111200,0.196266
stable_0521,5,1.225200,1.114000,1.147600,1.136400,1.130800,1.150800,0.111200,0.033671
stable_0682,5,0.202800,0.232800,0.218000,0.226400,0.314400,0.238880,0.111600,0.163570
stable_0492,5,0.936400,0.877600,0.848400,0.859200,0.824800,0.869280,0.111600,0.043320
stable_0641,5,0.687600,0.728800,0.751600,0.758400,0.799200,0.745120,0.111600,0.049193
stable_0297,5,0.705200,0.592800,0.611600,0.657600,0.620400,0.637520,0.112400,0.062541
stable_0685,5,0.961200,0.958800,0.924400,0.981600,0.868400,0.938880,0.113200,0.042329
stable_0491,5,1.065200,1.063600,1.095600,1.176800,1.112000,1.102640,0.113200,0.037531
stable_0052,5,0.953200,0.878800,0.841200,0.940400,0.955200,0.913760,0.114000,0.050078
stable_0285,5,0.316800,0.202000,0.208400,0.301600,0.313200,0.268400,0.114800,0.193316
stable_0744,4,0.106000,0.000000,0.114800,0.106800,0.109200,0.087360,0.114800,0.501240
stable_0143,5,0.323200,0.219600,0.334400,0.259200,0.265200,0.280320,0.114800,0.152397
stable_0822,4,0.098000,0.115600,0.097600,0.107200,0.000000,0.083680,0.115600,0.506254
stable_0214,5,0.455200,0.453200,0.504400,0.529200,0.569200,0.502240,0.116000,0.088296
stable_0717,5,2.099200,2.142400,2.140400,2.026000,2.034800,2.088560,0.116400,0.023943
stable_0422,5,0.664800,0.623200,0.668400,0.740000,0.696000,0.678480,0.116800,0.056840
stable_0122,5,0.648000,0.568800,0.580400,0.686000,0.585200,0.613680,0.117200,0.074106
stable_0234,5,0.570800,0.536000,0.566400,0.653200,0.624800,0.590240,0.117200,0.072066
stable_0005,5,0.609600,0.612800,0.727200,0.633200,0.654000,0.647360,0.117600,0.066403
stable_0468,5,0.550000,0.586400,0.528800,0.602000,0.646400,0.582720,0.117600,0.070416
stable_0570,5,0.610800,0.625600,0.728800,0.718000,0.624800,0.661600,0.118000,0.076856
stable_0223,5,0.377600,0.396000,0.357200,0.461600,0.475600,0.413600,0.118400,0.113068
stable_0853,4,0.000000,0.089200,0.105200,0.092400,0.118800,0.081120,0.118800,0.516359
stable_0553,5,0.445600,0.342400,0.411200,0.386800,0.326000,0.382400,0.119600,0.114729
stable_0857,4,0.000000,0.116000,0.119600,0.114000,0.114800,0.092880,0.119600,0.500425
stable_0364,5,0.281200,0.190400,0.240800,0.171200,0.290800,0.234880,0.119600,0.202768
stable_0558,5,0.464400,0.496400,0.496400,0.512800,0.392800,0.472560,0.120000,0.090694
stable_0535,5,0.708800,0.725600,0.785200,0.665200,0.671600,0.711280,0.120000,0.060872
stable_0756,4,0.080000,0.000000,0.060800,0.120400,0.060000,0.064240,0.120400,0.605256
stable_0758,4,0.120400,0.102400,0.114000,0.000000,0.099600,0.087280,0.120400,0.507475
stable_0116,5,0.250400,0.236000,0.297200,0.176000,0.256400,0.243200,0.121200,0.161463
stable_0255,5,0.341600,0.280000,0.350800,0.317200,0.228800,0.303680,0.122000,0.147329
stable_0399,5,1.584000,1.589200,1.561200,1.466800,1.578800,1.556000,0.122400,0.029296
stable_0074,5,0.236000,0.220400,0.216400,0.132800,0.256000,0.212320,0.123200,0.198420
stable_0534,5,0.348800,0.357600,0.336400,0.234000,0.275200,0.310400,0.123600,0.154198
stable_0462,5,0.671200,0.675200,0.551200,0.635200,0.602000,0.626960,0.124000,0.073836
stable_0549,5,1.063600,1.002400,1.103200,1.122400,1.128000,1.083920,0.125600,0.042984
stable_0121,5,0.665200,0.555600,0.682000,0.665200,0.626800,0.638960,0.126400,0.071123
stable_0312,5,0.510400,0.437600,0.484800,0.564000,0.495600,0.498480,0.126400,0.081916
stable_0574,5,0.711200,0.711200,0.696400,0.583200,0.652400,0.670880,0.128000,0.072816
stable_0515,5,0.380800,0.432800,0.304400,0.351600,0.413200,0.376560,0.128400,0.120844
stable_0278,5,0.788800,0.664000,0.716800,0.710000,0.660000,0.707920,0.128800,0.065803
stable_0617,5,0.539600,0.572400,0.549600,0.578800,0.668400,0.581760,0.128800,0.078450
stable_0299,5,0.538000,0.496400,0.451600,0.508800,0.580800,0.515120,0.129200,0.083555
stable_0579,5,0.225200,0.318800,0.354400,0.315600,0.324000,0.307600,0.129200,0.141247
stable_0050,5,0.218400,0.246400,0.156800,0.286000,0.225600,0.226640,0.129200,0.185743
stable_0337,5,0.434800,0.452000,0.442800,0.564400,0.456000,0.470000,0.129600,0.101640
stable_0687,5,0.711200,0.814000,0.684000,0.759200,0.684000,0.730480,0.130000,0.068429
stable_0308,5,0.732400,0.843200,0.863600,0.753600,0.815600,0.801680,0.131200,0.063269
stable_0148,5,0.537600,0.449600,0.505600,0.479600,0.581200,0.510720,0.131600,0.089387
stable_0565,5,0.478000,0.346400,0.362400,0.365200,0.372400,0.384880,0.131600,0.122972
stable_0172,5,0.746400,0.736800,0.701600,0.799600,0.667200,0.730320,0.132400,0.060957
stable_0368,5,0.784400,0.810400,0.812800,0.889200,0.756000,0.810560,0.133200,0.054759
stable_0395,5,0.296000,0.393200,0.259600,0.338400,0.328800,0.323200,0.133600,0.138005
stable_0603,5,0.500000,0.520800,0.457200,0.519200,0.386000,0.476640,0.134800,0.106569
stable_0719,5,1.360400,1.485600,1.451200,1.350000,1.476400,1.424720,0.135600,0.040684
stable_0844,4,0.086000,0.000000,0.093600,0.136400,0.133600,0.089920,0.136400,0.548950
stable_0505,5,0.546800,0.657600,0.538800,0.644000,0.521200,0.581680,0.136400,0.098341
stable_0147,5,0.477200,0.497200,0.450400,0.444800,0.582400,0.490400,0.137600,0.101401
stable_0499,5,0.389600,0.323600,0.297200,0.300400,0.251200,0.312400,0.138400,0.144619
stable_0152,5,0.422800,0.410800,0.407600,0.319600,0.284000,0.368960,0.138800,0.152343
stable_0397,5,0.848000,0.926800,0.843200,0.852800,0.982400,0.890640,0.139200,0.061963
stable_0674,5,0.478800,0.488400,0.460000,0.347600,0.375600,0.430080,0.140800,0.133331
stable_0692,5,0.939600,0.834400,0.967200,0.975200,0.953200,0.933920,0.140800,0.054849
stable_0818,4,0.131600,0.134000,0.000000,0.129600,0.141600,0.107360,0.141600,0.501433
stable_0703,5,1.261600,1.223200,1.218000,1.363200,1.278400,1.268880,0.145200,0.041276
stable_0601,5,0.998000,0.918000,0.990400,0.852400,0.907200,0.933200,0.145600,0.058510
stable_0470,5,0.326400,0.243600,0.268400,0.180800,0.200000,0.243840,0.145600,0.211635
stable_0851,4,0.000000,0.130400,0.085200,0.126400,0.146000,0.097600,0.146000,0.540754
stable_0620,5,0.500000,0.598800,0.500400,0.452400,0.512400,0.512800,0.146400,0.092959
stable_0572,5,1.059200,1.041200,1.138400,1.187600,1.069200,1.099120,0.146400,0.050189
stable_0071,5,0.454400,0.502000,0.358800,0.422400,0.355200,0.418560,0.146800,0.134504
stable_0246,5,0.754400,0.778800,0.817600,0.850000,0.703200,0.780800,0.146800,0.064967
stable_0511,5,0.548400,0.435600,0.529600,0.542000,0.582400,0.527600,0.146800,0.093283
stable_0296,5,0.270400,0.172800,0.204000,0.124000,0.122400,0.178720,0.148000,0.308968
stable_0544,5,0.197600,0.234400,0.230000,0.345600,0.306400,0.262800,0.148000,0.207654
stable_0421,5,0.766800,0.761600,0.797200,0.649200,0.692400,0.733440,0.148000,0.074058
stable_0697,5,0.640400,0.692800,0.656800,0.706400,0.788400,0.696960,0.148000,0.073943
stable_0398,5,0.196000,0.324800,0.312400,0.343600,0.195200,0.274400,0.148400,0.237256
stable_0842,4,0.132800,0.000000,0.121600,0.144000,0.150800,0.109840,0.150800,0.508121
stable_0046,5,0.199200,0.094000,0.212400,0.090400,0.242000,0.167600,0.151600,0.376583
stable_0119,5,1.160400,1.244800,1.211200,1.177600,1.314000,1.221600,0.153600,0.044635
stable_0556,5,0.877200,0.894000,0.942400,1.032000,0.894400,0.928000,0.154800,0.060746
stable_0663,5,1.167200,1.191200,1.191600,1.104400,1.259200,1.182720,0.154800,0.042063
stable_0576,5,0.367600,0.381200,0.464800,0.390000,0.308000,0.382320,0.156800,0.131320
stable_0666,5,0.696800,0.659600,0.818000,0.776000,0.725200,0.735120,0.158400,0.076494
stable_0823,4,0.158400,0.146400,0.154000,0.151600,0.000000,0.122080,0.158400,0.501006
stable_0367,5,0.559200,0.554800,0.536400,0.400000,0.462800,0.502640,0.159200,0.123226
stable_0012,5,0.638000,0.722000,0.562400,0.602800,0.659600,0.636960,0.159600,0.084462
stable_0476,5,0.756400,0.918400,0.898800,0.843200,0.759600,0.835280,0.162000,0.081121
stable_0649,5,0.726000,0.746400,0.774400,0.738000,0.610800,0.719120,0.163600,0.078509
stable_0181,5,1.311200,1.295600,1.443600,1.363200,1.459600,1.374640,0.164000,0.048666
stable_0546,5,0.342000,0.285200,0.359600,0.449200,0.377200,0.362640,0.164000,0.146627
stable_0402,5,1.390000,1.497200,1.402400,1.408400,1.332400,1.406080,0.164800,0.037645
stable_0380,5,0.167600,0.172400,0.143200,0.272800,0.106800,0.172560,0.166000,0.320139
stable_0615,5,0.779200,0.675200,0.612000,0.630800,0.733600,0.686160,0.167200,0.091227
stable_0664,5,0.460400,0.352400,0.340000,0.364400,0.507200,0.404880,0.167200,0.164405
stable_0222,5,0.450000,0.349200,0.516800,0.456000,0.485200,0.451440,0.167600,0.124866
stable_0171,5,0.786800,0.728800,0.618800,0.741600,0.730000,0.721200,0.168000,0.076803
stable_0860,4,0.000000,0.165600,0.168000,0.158400,0.157200,0.129840,0.168000,0.501003
stable_0456,5,0.777200,0.647200,0.798800,0.815600,0.795600,0.766880,0.168400,0.079633
stable_0475,5,0.610000,0.640800,0.621600,0.616000,0.472000,0.592080,0.168800,0.102895
stable_0662,5,1.050800,1.175200,1.122800,1.005600,1.016000,1.074080,0.169600,0.060629
stable_0424,5,0.604000,0.629600,0.766800,0.717600,0.596800,0.662960,0.170000,0.101712
stable_0145,5,1.310800,1.417200,1.482400,1.410800,1.402000,1.404640,0.171600,0.039066
stable_0671,5,0.700400,0.726000,0.684800,0.727600,0.857200,0.739200,0.172400,0.082727
stable_0225,5,0.445200,0.386400,0.272800,0.438400,0.299200,0.368400,0.172400,0.192133
stable_0625,5,1.203600,1.217200,1.162400,1.098000,1.044400,1.145120,0.172800,0.056969
stable_0509,5,0.194400,0.166800,0.179600,0.146400,0.320000,0.201440,0.173600,0.304502
stable_0613,5,0.890400,1.007200,1.038000,1.064400,1.008400,1.001680,0.174000,0.059418
stable_0669,5,0.377200,0.391200,0.494400,0.441200,0.320000,0.404800,0.174400,0.146110
stable_0157,5,0.684400,0.568800,0.559600,0.621600,0.510000,0.588880,0.174400,0.100971
stable_0724,5,0.652400,0.826800,0.720400,0.768000,0.716000,0.736720,0.174400,0.078911
stable_0554,5,0.499600,0.422400,0.597200,0.588400,0.562400,0.534000,0.174800,0.122507
stable_0245,5,0.849200,0.820000,0.879600,0.996400,0.894400,0.887920,0.176400,0.067558
stable_0838,4,0.160400,0.000000,0.167600,0.172800,0.176800,0.135520,0.176800,0.501637
stable_0043,5,0.705200,0.689600,0.743600,0.772000,0.594400,0.700960,0.177600,0.086465
stable_0409,5,0.765200,0.859200,0.816800,0.944400,0.811200,0.839360,0.179200,0.071936
stable_0144,5,0.199200,0.342800,0.186000,0.178800,0.162400,0.213840,0.180400,0.306608
stable_0873,4,0.000000,0.109600,0.123600,0.182000,0.126400,0.108320,0.182000,0.549651
stable_0648,5,1.265600,1.344400,1.358800,1.174800,1.284800,1.285680,0.184000,0.050995
stable_0269,5,0.962400,1.095600,1.133600,1.050800,1.146400,1.077760,0.184000,0.061802
stable_0704,5,0.258800,0.248800,0.386000,0.400400,0.433600,0.345520,0.184800,0.221490
stable_0506,5,0.543200,0.481600,0.498000,0.369200,0.358400,0.450080,0.184800,0.162992
stable_0316,5,0.959200,0.772800,0.908800,0.827200,0.872000,0.868000,0.186400,0.074174
stable_0208,5,0.498000,0.398800,0.467600,0.309200,0.374000,0.409520,0.188800,0.164325
stable_0636,5,0.656400,0.477600,0.650000,0.662000,0.666800,0.622560,0.189200,0.116771
stable_0432,5,0.618000,0.591600,0.572000,0.763600,0.628800,0.634800,0.191600,0.106184
stable_0725,5,0.700800,0.509200,0.575200,0.636000,0.676800,0.619600,0.191600,0.112500
stable_0622,5,0.137600,0.134800,0.326800,0.152800,0.143200,0.179040,0.192000,0.414073
stable_0340,5,1.130800,1.093200,1.098400,0.936800,1.092800,1.070400,0.194000,0.063778
stable_0417,5,1.611600,1.632000,1.718800,1.758800,1.564400,1.657120,0.194400,0.043048
stable_0158,5,1.142000,1.048000,1.085600,0.977200,1.172000,1.084960,0.194800,0.063601
stable_0215,5,0.349200,0.375600,0.178800,0.347200,0.252000,0.300560,0.196800,0.246098
stable_0754,4,0.169200,0.197200,0.159600,0.161200,0.000000,0.137440,0.197200,0.509576
stable_0047,5,0.839200,0.727600,0.852000,0.652400,0.785200,0.771280,0.199600,0.095915
stable_0272,5,1.999600,1.955200,2.001600,2.154800,2.009600,2.024160,0.199600,0.033613
stable_0728,5,0.692400,0.651600,0.738000,0.624800,0.537200,0.648800,0.200800,0.104300
stable_0849,4,0.204400,0.199200,0.186000,0.197600,0.000000,0.157440,0.204400,0.501457
stable_0693,5,0.372400,0.248800,0.283200,0.222000,0.427200,0.310720,0.205200,0.248603
stable_0003,5,1.823200,1.876800,1.903600,1.870800,2.028800,1.900640,0.205600,0.036368
stable_0487,5,0.596800,0.591200,0.667600,0.691200,0.798000,0.668960,0.206800,0.112664
stable_0400,5,0.657600,0.544800,0.449200,0.603200,0.520400,0.555040,0.208400,0.128273
stable_0365,5,0.929200,1.007600,0.940000,1.138000,1.016400,1.006240,0.208800,0.074088
stable_0257,5,0.743600,0.906400,0.952800,0.928000,0.903200,0.886800,0.209200,0.083191
stable_0165,5,1.315600,1.206000,1.272400,1.419600,1.301200,1.302960,0.213600,0.053287
stable_0040,5,0.643200,0.494400,0.660000,0.583200,0.442000,0.564560,0.218000,0.149428
stable_0054,5,0.873600,0.921600,1.092800,0.910400,1.008000,0.961280,0.219200,0.082348
stable_0358,5,1.295600,1.188400,1.380400,1.410800,1.385600,1.332160,0.222400,0.061326
stable_0452,5,1.564000,1.666000,1.516000,1.713600,1.739600,1.639840,0.223600,0.052575
stable_0315,5,0.656000,0.432400,0.552400,0.529200,0.553600,0.544720,0.223600,0.130788
stable_0530,5,0.432400,0.639200,0.646800,0.608000,0.656000,0.596480,0.223600,0.140175
stable_0720,5,1.217200,1.147200,1.218000,0.993600,1.203600,1.155920,0.224400,0.073719
stable_0195,5,0.278400,0.489200,0.270000,0.264400,0.454400,0.351280,0.224800,0.282162
stable_0428,5,0.817200,0.738000,0.720000,0.592000,0.698800,0.713200,0.225200,0.101834
stable_0020,5,1.304800,1.420400,1.531200,1.337200,1.381600,1.395040,0.226400,0.056308
stable_0634,5,0.307600,0.318000,0.330800,0.340000,0.534000,0.366080,0.226400,0.231316
stable_0167,5,1.581600,1.695200,1.684000,1.808800,1.641200,1.682160,0.227200,0.044487
stable_0253,5,0.918000,0.926800,0.882800,1.110000,1.070000,0.981520,0.227200,0.092383
stable_0114,5,0.363600,0.463600,0.416800,0.592000,0.549200,0.477040,0.228400,0.175639
stable_0244,5,0.242800,0.449200,0.473600,0.396800,0.423200,0.397120,0.230800,0.204749
stable_0533,5,0.979600,0.852000,1.068800,1.083200,0.928400,0.982400,0.231200,0.088217
stable_0023,5,0.634000,0.470800,0.683600,0.571600,0.702800,0.612560,0.232000,0.137408
stable_0604,5,0.684400,0.518800,0.517200,0.706000,0.749200,0.635120,0.232000,0.154112
stable_0520,5,1.473200,1.347600,1.580000,1.489600,1.486400,1.475360,0.232400,0.050360
stable_0578,5,1.679600,1.566400,1.500800,1.572000,1.446800,1.553120,0.232800,0.050346
stable_0293,5,0.282400,0.515200,0.289600,0.283200,0.292800,0.332640,0.232800,0.274661
stable_0497,5,0.720400,0.902000,0.669200,0.717200,0.792400,0.760240,0.232800,0.106632
stable_0593,5,0.183600,0.216400,0.192800,0.416400,0.273200,0.256480,0.232800,0.334614
stable_0679,5,0.509600,0.564000,0.368400,0.329200,0.516800,0.457600,0.234800,0.200223
stable_0384,5,1.237200,0.999200,1.230000,1.081600,1.176800,1.144960,0.238000,0.080061
stable_0723,5,0.331600,0.265600,0.381200,0.410400,0.504400,0.378640,0.238800,0.210693
stable_0331,5,0.724400,0.583600,0.677600,0.823200,0.807200,0.723200,0.239600,0.121532
stable_0683,5,0.527600,0.587600,0.738400,0.498000,0.598400,0.590000,0.240400,0.140702
stable_0618,5,0.989200,0.920800,0.925200,1.162400,1.056400,1.010800,0.241600,0.089538
stable_0085,5,0.525600,0.297600,0.332400,0.539600,0.494400,0.437920,0.242000,0.232966
stable_0420,5,0.754000,0.948800,0.891200,0.770400,0.996000,0.872080,0.242000,0.109854
stable_0512,5,0.761600,0.947600,0.704000,0.931600,0.722000,0.813360,0.243600,0.128932
stable_0104,5,0.268800,0.272400,0.306800,0.278800,0.513200,0.328000,0.244400,0.285237
stable_0112,5,0.790800,0.928800,0.706400,0.838000,0.683200,0.789440,0.245600,0.113248
stable_0586,5,0.390400,0.580400,0.583200,0.636800,0.570800,0.552320,0.246400,0.152427
stable_0015,5,0.204400,0.232800,0.452400,0.264000,0.267200,0.284160,0.248000,0.306785
stable_0130,5,1.121600,1.033200,0.873200,0.924800,0.983600,0.987280,0.248400,0.087228
stable_0344,5,1.236400,1.366400,1.402000,1.304000,1.486400,1.359040,0.250000,0.062601
stable_0353,5,1.749600,1.930400,2.000000,1.852000,1.894800,1.885360,0.250400,0.044252
stable_0653,5,0.694800,0.869600,0.947200,0.713200,0.860800,0.817120,0.252400,0.119087
stable_0868,4,0.000000,0.249200,0.245600,0.238400,0.252800,0.197200,0.252800,0.500583
stable_0588,5,0.692800,0.786000,0.607600,0.783200,0.861200,0.746160,0.253600,0.117203
stable_0516,5,0.442400,0.328800,0.556400,0.570000,0.582800,0.496080,0.254000,0.196450
stable_0523,5,1.292800,1.188400,1.416000,1.443200,1.354000,1.338880,0.254800,0.068312
stable_0441,5,1.255600,1.168400,1.323200,1.190800,1.427200,1.273040,0.258800,0.073938
stable_0825,4,0.238400,0.233600,0.258400,0.260400,0.000000,0.198160,0.260400,0.502850
stable_0324,5,1.320000,1.131600,1.058800,1.259200,1.253200,1.204560,0.261200,0.078973
stable_0175,5,1.943600,1.789200,1.843600,1.712000,1.680400,1.793760,0.263200,0.052589
stable_0134,5,0.750000,0.789600,0.805600,1.015200,0.873200,0.846720,0.265200,0.110026
stable_0018,5,0.806800,0.948000,0.744000,0.771600,0.681600,0.790400,0.266400,0.112381
stable_0177,5,0.569200,0.535600,0.785200,0.746000,0.803200,0.687840,0.267600,0.163737
stable_0354,5,1.226800,0.980800,1.150800,1.250000,1.240400,1.169760,0.269200,0.086124
stable_0600,5,0.898400,0.956000,0.723200,0.702800,0.686400,0.793360,0.269600,0.140415
stable_0652,5,0.582800,0.586400,0.717600,0.748400,0.852400,0.697520,0.269600,0.146889
stable_0186,5,0.764000,0.706800,0.748400,0.493200,0.722400,0.686960,0.270800,0.143963
stable_0154,5,1.212000,1.366800,1.219200,1.093200,1.151600,1.208560,0.273600,0.075580
stable_0036,5,0.513200,0.511600,0.576000,0.411600,0.302000,0.462880,0.274000,0.207698
stable_0193,5,2.009600,2.284000,2.013200,2.116800,2.284800,2.141680,0.275200,0.057304
stable_0059,5,1.150400,0.963600,1.093600,0.990800,1.240400,1.087760,0.276800,0.093819
stable_0170,5,1.785200,1.861200,2.062400,2.021600,1.982800,1.942640,0.277200,0.053302
stable_0736,5,1.430400,1.500800,1.332800,1.572800,1.295600,1.426480,0.277200,0.072076
stable_0136,5,1.410800,1.432400,1.635200,1.384000,1.357600,1.444000,0.277600,0.068457
stable_0080,5,0.818800,0.936800,0.788400,0.877200,0.658000,0.815840,0.278800,0.115077
stable_0614,5,1.083200,0.830400,0.803600,0.980400,0.947200,0.928960,0.279600,0.109988
stable_0710,5,1.218800,1.199600,1.261200,1.480800,1.466800,1.325440,0.281200,0.092682
stable_0070,5,1.194000,1.140400,1.423600,1.232400,1.348400,1.267760,0.283200,0.081746
stable_0638,5,0.835200,0.830400,0.571200,0.832800,0.855600,0.785040,0.284400,0.136674
stable_0802,4,0.191600,0.285200,0.000000,0.202400,0.259600,0.187760,0.285200,0.533332
stable_0230,5,1.768000,1.607200,1.798400,1.894400,1.782000,1.770000,0.287200,0.052353
stable_0813,4,0.280400,0.288400,0.268000,0.209600,0.000000,0.209280,0.288400,0.517135
stable_0408,5,1.715200,1.832800,1.634000,1.774000,1.924800,1.776160,0.290800,0.055867
stable_0748,4,0.290000,0.290800,0.214400,0.000000,0.180800,0.195200,0.290800,0.546047
stable_0391,5,0.328800,0.365200,0.533200,0.432000,0.621200,0.456080,0.292400,0.236661
stable_0300,5,1.200400,1.063200,1.068000,1.002000,0.907600,1.048240,0.292800,0.091188
stable_0747,4,0.233200,0.294400,0.242800,0.000000,0.260800,0.206240,0.294400,0.510142
stable_0612,5,1.052000,1.163200,0.868800,0.973600,1.063200,1.024160,0.294400,0.095991
stable_0160,5,1.031200,0.811600,1.108000,0.946000,0.975200,0.974400,0.296400,0.100958
stable_0232,5,0.507200,0.697600,0.520800,0.584000,0.804000,0.622720,0.296800,0.181258
stable_0805,4,0.207200,0.210000,0.200800,0.299200,0.000000,0.183440,0.299200,0.537573
stable_0137,5,0.842800,0.722400,1.022800,1.022800,0.970400,0.916240,0.300400,0.127850
stable_0405,5,0.702000,0.757200,0.585600,0.455600,0.627600,0.625600,0.301600,0.165593
stable_0540,5,2.255200,2.137200,2.290400,1.988000,2.200400,2.174240,0.302400,0.049016
stable_0319,5,1.481600,1.345600,1.578800,1.650000,1.648400,1.540880,0.304400,0.074874
stable_0183,5,0.695200,0.780000,0.658800,0.882800,0.964800,0.796320,0.306000,0.143475
stable_0095,5,0.666000,0.442000,0.519200,0.358400,0.359600,0.469040,0.307600,0.245429
stable_0178,5,2.333600,2.452400,2.417200,2.424400,2.641600,2.453840,0.308000,0.041529
stable_0821,4,0.278800,0.302400,0.308400,0.000000,0.279600,0.233840,0.308400,0.502571
stable_0042,5,1.768000,1.912000,1.718800,1.602400,1.862800,1.772800,0.309600,0.061509
stable_0262,5,0.598800,0.577600,0.288800,0.344400,0.328800,0.427680,0.310000,0.309771
stable_0267,5,1.587200,1.540400,1.478000,1.318000,1.277200,1.440160,0.310000,0.084804
stable_0454,5,0.796800,0.984000,0.780400,0.673600,0.789200,0.804800,0.310400,0.124538
stable_0698,5,0.647200,0.638000,0.753200,0.441200,0.499600,0.595840,0.312000,0.187419
stable_0764,4,0.312400,0.000000,0.224400,0.275600,0.262800,0.215040,0.312400,0.516821
stable_0466,5,0.965200,0.778800,0.814800,0.861600,1.093600,0.902800,0.314800,0.126406
stable_0488,5,0.630800,0.626000,0.643200,0.659600,0.344000,0.580720,0.315600,0.204796
stable_0242,5,1.657200,1.451200,1.480000,1.456400,1.339200,1.476800,0.318000,0.069426
stable_0808,4,0.262400,0.300000,0.000000,0.320400,0.278800,0.232320,0.320400,0.507031
stable_0434,5,1.084400,0.945600,1.266400,1.200000,1.253200,1.149920,0.320800,0.104920
stable_0854,4,0.000000,0.293200,0.262800,0.300800,0.321200,0.235600,0.321200,0.506299
stable_0836,4,0.322000,0.000000,0.242000,0.257200,0.298800,0.224000,0.322000,0.516011
stable_0694,5,1.970000,1.730400,1.900000,1.706000,2.028000,1.866880,0.322000,0.068680
stable_0826,4,0.164000,0.000000,0.190000,0.322400,0.159600,0.167200,0.322400,0.613618
stable_0091,5,1.104800,0.912400,1.235600,1.198800,1.085600,1.107440,0.323200,0.101598
stable_0414,5,1.604000,1.421200,1.747200,1.677200,1.644400,1.618800,0.326000,0.067567
stable_0313,5,0.708400,0.730800,0.782800,1.034800,0.842800,0.819920,0.326400,0.142706
stable_0423,5,0.994800,0.732400,1.023600,1.060000,1.020000,0.966160,0.327600,0.122875
stable_0780,4,0.306800,0.328400,0.322400,0.316800,0.000000,0.254880,0.328400,0.500778
stable_0635,5,1.996400,1.756000,1.968000,1.667600,1.963200,1.870240,0.328800,0.071027
stable_0287,5,0.996400,0.823200,0.941200,0.667600,0.932400,0.872160,0.328800,0.133784
stable_0473,5,1.509600,1.344800,1.676400,1.636400,1.606000,1.554640,0.331600,0.076222
stable_0700,5,1.144000,1.308400,1.234000,1.476400,1.250000,1.282560,0.332400,0.086020
stable_0775,4,0.182000,0.179600,0.332800,0.193600,0.000000,0.177600,0.332800,0.595401
stable_0118,5,0.555600,0.819200,0.890800,0.773600,0.815200,0.770880,0.335200,0.147943
stable_0872,4,0.000000,0.336400,0.318000,0.200000,0.302000,0.231280,0.336400,0.540179
stable_0791,4,0.336800,0.000000,0.334400,0.331600,0.313200,0.263200,0.336800,0.500999
stable_0239,5,0.959600,0.724000,1.061600,0.957200,0.879200,0.916320,0.337600,0.122516
stable_0210,5,0.774800,0.436800,0.767200,0.763600,0.739600,0.696400,0.338000,0.187152
stable_0863,4,0.000000,0.339600,0.312800,0.330000,0.338400,0.264160,0.339600,0.501312
stable_0096,5,0.832400,1.084000,0.800000,0.743600,0.838800,0.859760,0.340400,0.136175
stable_0314,5,1.400800,1.108400,1.372000,1.060400,1.335600,1.255440,0.340400,0.113098
stable_0377,5,1.803200,1.638000,1.980000,1.854000,1.839600,1.822960,0.342000,0.060343
stable_0755,4,0.296400,0.237200,0.000000,0.288000,0.343200,0.232960,0.343200,0.520431
stable_0716,5,0.921200,0.698000,0.951200,1.041600,0.903200,0.903040,0.343600,0.125176
stable_0265,5,1.033200,1.055600,0.719600,0.734400,0.711600,0.850880,0.344000,0.186085
stable_0816,4,0.344800,0.000000,0.290800,0.325200,0.322800,0.256720,0.344800,0.504529
stable_0307,5,0.458800,0.697200,0.513200,0.350800,0.451200,0.494240,0.346400,0.231111
stable_0271,5,0.674000,0.626000,0.682400,0.335600,0.637600,0.591120,0.346800,0.219098
stable_0448,5,1.579600,1.228800,1.408800,1.297600,1.405200,1.384000,0.350800,0.086026
stable_0393,5,1.363200,1.394400,1.252400,1.258400,1.037600,1.261200,0.356800,0.099178
stable_0192,5,1.537600,1.660000,1.583200,1.896000,1.730800,1.681520,0.358400,0.074882
stable_0294,5,0.825200,1.014400,1.018400,1.127600,1.184000,1.033920,0.358800,0.118840
stable_0159,5,1.584000,1.225200,1.530000,1.382400,1.367600,1.417840,0.358800,0.089814
stable_0606,5,1.626400,1.816800,1.926000,1.566800,1.748400,1.736880,0.359200,0.074367
stable_0219,5,0.731600,0.763200,1.074800,0.714800,0.795600,0.816000,0.360000,0.162160
stable_0746,4,0.291600,0.000000,0.360000,0.315200,0.309200,0.255200,0.360000,0.507747
stable_0436,5,1.019600,0.674400,0.652000,0.680400,0.736000,0.752480,0.367600,0.181256
stable_0766,4,0.336400,0.318800,0.344400,0.000000,0.368000,0.273520,0.368000,0.503334
stable_0311,5,0.962800,1.097600,0.800800,0.920400,0.729200,0.902160,0.368400,0.142293
stable_0425,5,1.296000,1.191200,1.312400,1.411200,1.040000,1.250160,0.371200,0.100897
stable_0812,4,0.353200,0.343200,0.371200,0.344800,0.000000,0.282480,0.371200,0.501238
stable_0527,5,0.842000,1.079200,0.749200,1.120800,0.966000,0.951440,0.371600,0.147217
stable_0021,5,0.461200,0.830400,0.458400,0.752800,0.542000,0.608960,0.372000,0.253029
stable_0437,5,0.835600,1.140400,0.765200,0.954400,0.918400,0.922800,0.375200,0.137765
stable_0439,5,0.980800,0.993200,0.633200,1.008800,0.679600,0.859120,0.375600,0.193694
stable_0162,5,0.553200,0.439600,0.536400,0.816000,0.721600,0.613360,0.376400,0.221770
stable_0361,5,1.476400,1.418800,1.707200,1.766400,1.796000,1.632960,0.377200,0.094979
stable_0348,5,1.304400,1.213600,1.485200,1.591200,1.547600,1.428400,0.377600,0.101671
stable_0543,5,1.945600,1.707600,1.734800,1.567600,1.721600,1.735440,0.378000,0.069770
stable_0596,5,1.085600,0.834400,1.184800,1.178800,1.213600,1.099440,0.379200,0.126722
stable_0310,5,0.876800,0.818800,1.055200,0.672800,0.767200,0.838160,0.382400,0.152186
stable_0525,5,1.505200,1.122400,1.330400,1.318400,1.420400,1.339360,0.382800,0.095417
stable_0739,4,0.331200,0.285200,0.000000,0.386800,0.262800,0.253200,0.386800,0.527393
stable_0252,5,1.280000,1.584000,1.326800,1.299200,1.195600,1.337120,0.388400,0.097960
stable_0291,5,0.316000,0.388400,0.596400,0.648400,0.704800,0.530800,0.388800,0.285499
stable_0418,5,1.461600,1.536800,1.678400,1.342800,1.288400,1.461600,0.390000,0.095182
stable_0201,5,2.246400,2.489600,2.098800,2.273200,2.291600,2.279920,0.390800,0.054809
stable_0093,5,1.344400,1.026000,0.952000,1.222400,1.017200,1.112400,0.392400,0.132229
stable_0343,5,1.454000,1.587200,1.189200,1.244000,1.583200,1.411520,0.398000,0.118391
stable_0709,5,0.576400,0.632000,0.625600,0.975200,0.610400,0.683920,0.398800,0.214800
stable_0330,5,1.694000,1.688800,1.884400,1.767200,1.484000,1.703680,0.400400,0.076652
stable_0241,5,2.123600,1.992400,2.027600,2.394400,2.278400,2.163280,0.402000,0.070365
stable_0768,4,0.362000,0.345600,0.337600,0.000000,0.404800,0.290000,0.404800,0.506369
stable_0226,5,2.217200,2.472000,2.150800,2.245600,2.556000,2.328320,0.405200,0.067414
stable_0481,5,1.177600,1.284400,1.450800,1.256000,1.583200,1.350400,0.405600,0.108533
stable_0450,5,0.788800,0.765600,0.644000,1.050000,0.790400,0.807760,0.406000,0.164178
stable_0866,4,0.000000,0.418800,0.340000,0.422000,0.331200,0.302400,0.422000,0.515581
stable_0513,5,1.249600,1.080800,1.170800,1.504400,1.332800,1.267680,0.423600,0.114267
stable_0660,5,1.678800,1.592800,1.442800,1.252000,1.379600,1.469200,0.426800,0.103274
stable_0447,5,1.366000,1.664000,1.236400,1.504000,1.265200,1.407120,0.427600,0.112972
stable_0290,5,1.971600,1.648000,1.979200,2.076800,2.064000,1.947920,0.428800,0.080051
stable_0539,5,0.716400,1.146000,0.891200,0.741600,0.783600,0.855760,0.429600,0.183396
stable_0113,5,2.429600,2.351600,2.781200,2.491600,2.754000,2.561600,0.429600,0.067990
stable_0374,5,1.818400,2.075600,1.637200,1.992800,1.966800,1.898160,0.438400,0.081484
stable_0189,5,1.452400,1.259200,1.036000,1.476400,1.148400,1.274480,0.440400,0.133816
stable_0848,4,0.368000,0.393600,0.440800,0.395600,0.000000,0.319600,0.440800,0.505352
stable_0108,5,2.965600,3.335200,3.302000,3.408800,3.384800,3.279280,0.443200,0.049161
stable_0426,5,1.158400,1.111200,1.148800,1.249600,0.796400,1.092880,0.453200,0.141881
stable_0856,4,0.000000,0.450800,0.357200,0.455200,0.356800,0.324000,0.455200,0.517278
stable_0141,5,1.776400,1.819200,1.592400,1.364000,1.482000,1.606800,0.455200,0.107295
stable_0235,5,1.844800,1.698800,1.663200,1.404400,1.386400,1.599520,0.458400,0.110983
stable_0629,5,0.874400,1.110000,1.334400,1.261600,1.196400,1.155360,0.460000,0.137411
stable_0859,4,0.000000,0.462800,0.355600,0.372400,0.425200,0.323200,0.462800,0.513690
stable_0389,5,1.747600,1.689600,1.334000,1.804000,1.796800,1.674400,0.470000,0.104554
stable_0551,5,1.212000,1.347600,1.682400,1.396000,1.537600,1.435120,0.470400,0.112625
stable_0465,5,0.608000,0.695600,0.821600,1.087200,0.681600,0.778800,0.479200,0.216757
stable_0550,5,0.782000,0.493600,0.712000,0.973200,0.890400,0.770240,0.479600,0.213877
stable_0128,5,1.422000,1.565200,1.191200,1.162000,1.075200,1.283120,0.490000,0.141665
stable_0732,5,1.579600,1.524000,1.318400,1.230400,1.721600,1.474800,0.491200,0.120727
stable_0120,5,1.242000,1.321200,1.294000,1.196000,1.690400,1.348720,0.494400,0.130633
stable_0752,4,0.448000,0.462000,0.465200,0.000000,0.499200,0.374880,0.499200,0.502011
stable_0126,5,0.622000,0.722800,0.861600,1.124400,1.091600,0.884480,0.502400,0.223860
stable_0218,5,1.494000,1.404800,1.190400,1.695600,1.322400,1.421440,0.505200,0.119346
stable_0806,4,0.496000,0.506800,0.000000,0.442800,0.435200,0.376160,0.506800,0.505596
stable_0309,5,5.828400,5.394000,5.703600,5.907600,5.565600,5.679840,0.513600,0.032394
stable_0366,5,1.420400,1.374800,1.892000,1.654400,1.739200,1.616160,0.517200,0.120383
stable_0714,5,1.759600,2.122400,1.713200,1.898800,1.604400,1.819680,0.518000,0.098058
stable_0776,4,0.499600,0.481600,0.000000,0.518000,0.517600,0.403360,0.518000,0.501107
stable_0532,5,1.104000,1.356800,1.061600,0.915600,0.834400,1.054480,0.522400,0.170502
stable_0773,4,0.527600,0.516800,0.000000,0.503200,0.492400,0.408000,0.527600,0.500855
stable_0411,5,1.793200,1.922400,1.935600,1.505200,2.033600,1.838000,0.528400,0.099632
stable_0320,5,1.116000,0.712800,1.108800,0.744800,1.254400,0.987360,0.541600,0.220421
stable_0231,5,1.805200,1.761600,1.427200,1.931200,1.969600,1.778960,0.542400,0.107906
stable_0027,5,2.480800,2.506800,2.250000,1.959600,1.976400,2.234720,0.547200,0.105370
stable_0342,5,1.260400,1.365200,1.233200,1.635600,1.086000,1.316080,0.549600,0.139036
stable_0221,5,1.911200,1.621200,2.108400,2.170800,2.126400,1.987600,0.549600,0.102495
stable_0329,5,1.502800,1.798000,1.445200,1.247200,1.385200,1.475680,0.550800,0.123454
stable_0757,4,0.534800,0.508800,0.527600,0.000000,0.560800,0.426400,0.560800,0.501528
stable_0090,5,1.875600,1.747200,1.620000,1.550000,2.111600,1.780880,0.561600,0.111930
stable_0486,5,2.338000,2.444400,2.613200,2.639600,2.900800,2.587200,0.562800,0.074199
stable_0504,5,2.987200,2.828400,3.136000,3.246800,3.395200,3.118720,0.566800,0.063278
stable_0350,5,6.224800,5.717200,6.003600,6.268800,5.701200,5.983120,0.567600,0.040296
stable_0751,4,0.352800,0.568800,0.000000,0.319600,0.250800,0.298400,0.568800,0.613981
stable_0637,5,1.399600,1.721600,1.564400,1.904000,1.332000,1.584320,0.572000,0.132165
stable_0721,5,4.730400,5.058800,4.621200,4.483600,4.628400,4.704480,0.575200,0.041188
stable_0599,5,1.595600,1.584800,1.187200,1.013600,1.036000,1.283440,0.582000,0.200643
stable_0627,5,1.013600,1.176800,0.887600,0.983600,0.594000,0.931120,0.582800,0.206840
stable_0871,4,0.000000,0.569200,0.528000,0.551200,0.584800,0.446640,0.584800,0.501791
stable_0001,5,2.736400,2.993200,3.169200,2.582800,3.025200,2.901360,0.586400,0.072985
stable_0781,4,0.516800,0.590800,0.000000,0.561600,0.471200,0.428080,0.590800,0.508895
stable_0490,5,2.040400,1.894000,2.390400,2.353200,2.487600,2.233120,0.593600,0.101338
stable_0562,5,2.000800,2.215200,1.812400,2.220000,2.413600,2.132400,0.601200,0.096864
stable_0097,5,0.972400,0.520800,1.030400,0.795200,1.124400,0.888640,0.603600,0.239632
stable_0522,5,1.318800,1.687600,1.812400,1.373600,1.207600,1.480000,0.604800,0.155580
stable_0827,4,0.500400,0.551200,0.244800,0.613200,0.000000,0.381920,0.613200,0.598049
stable_0778,4,0.615200,0.610000,0.567600,0.000000,0.606400,0.479840,0.615200,0.501233
stable_0840,4,0.442800,0.434800,0.560000,0.616800,0.000000,0.410880,0.616800,0.527695
stable_0467,5,0.438400,0.639600,0.470800,0.965600,0.347600,0.572400,0.618000,0.381105
stable_0249,5,2.651600,2.336800,2.712800,2.960400,2.742400,2.680800,0.623600,0.075011
stable_0665,5,2.801200,2.330400,2.688000,2.956400,2.937600,2.742720,0.626000,0.083151
stable_0760,4,0.573600,0.566400,0.626800,0.600400,0.000000,0.473440,0.626800,0.502026
stable_0726,5,3.381200,3.044400,3.095200,2.753600,3.308000,3.116480,0.627600,0.070896
stable_0039,5,1.538400,1.618800,1.131600,0.988400,1.124000,1.280240,0.630400,0.195415
stable_0336,5,1.957600,1.633200,2.166000,1.927600,2.267200,1.990320,0.634000,0.110092
stable_0427,5,1.065200,0.987200,1.622000,1.192000,1.492800,1.271840,0.634800,0.193085
stable_0086,5,1.484000,1.556400,1.450000,1.365200,0.918000,1.354720,0.638400,0.167450
stable_0774,4,0.537200,0.559600,0.000000,0.644400,0.542000,0.456640,0.644400,0.507143
stable_0847,4,0.647200,0.611600,0.000000,0.620400,0.560400,0.487920,0.647200,0.503311
stable_0841,4,0.654400,0.625600,0.000000,0.657600,0.624000,0.512320,0.657600,0.500746
stable_0789,4,0.555200,0.486800,0.660000,0.554400,0.000000,0.451280,0.660000,0.514850
stable_0280,5,2.525200,2.802000,2.140400,2.440800,2.340000,2.449680,0.661600,0.088987
stable_0759,4,0.572000,0.000000,0.661600,0.654000,0.666000,0.510720,0.666000,0.504543
stable_0250,5,1.514800,1.704400,1.888800,2.184400,1.730000,1.804480,0.669600,0.124147
stable_0430,5,1.481200,1.262400,1.689200,1.943600,1.875200,1.650320,0.681200,0.152616
stable_0772,4,0.686800,0.581600,0.000000,0.628400,0.660400,0.511440,0.686800,0.504680
stable_0590,5,2.877200,2.230800,2.321600,2.398400,2.186800,2.402960,0.690400,0.103271
stable_0742,4,0.486800,0.515200,0.549200,0.000000,0.691200,0.448480,0.691200,0.523980
stable_0740,4,0.697600,0.580400,0.536000,0.631200,0.000000,0.489040,0.697600,0.511957
stable_0801,4,0.613600,0.699200,0.554000,0.000000,0.630400,0.499440,0.699200,0.508510
stable_0063,5,2.697200,2.551200,3.243200,3.255200,3.164800,2.982320,0.704000,0.099805
stable_0745,4,0.524000,0.706800,0.327600,0.000000,0.533200,0.418320,0.706800,0.576514
stable_0673,5,2.072800,2.389200,1.785600,2.199200,2.508800,2.191120,0.723200,0.115217
stable_0363,5,6.673200,5.940400,6.398800,6.486800,5.970800,6.294000,0.732800,0.046127
stable_0286,5,4.873600,4.304400,4.845200,4.136800,4.701200,4.572240,0.736800,0.065123
stable_0571,5,1.173200,1.060000,1.788800,1.798800,1.288400,1.421840,0.738800,0.219568
stable_0030,5,2.433600,2.262400,1.998400,2.115200,1.691600,2.100240,0.742000,0.119510
stable_0483,5,2.500800,2.824800,2.359200,3.039200,2.291600,2.603120,0.747600,0.109510
stable_0236,5,0.868400,1.160000,1.502000,1.626800,1.510800,1.333600,0.758400,0.210031
stable_0125,5,1.302400,1.636000,2.043200,2.085200,1.578400,1.729040,0.782800,0.171357
stable_0819,4,0.743200,0.767200,0.000000,0.785600,0.671600,0.593520,0.785600,0.504237
stable_0089,5,1.905200,2.329200,1.543200,2.026000,1.621200,1.884960,0.786000,0.150805
stable_0066,5,1.467200,1.516400,1.673200,0.938000,1.725600,1.464080,0.787600,0.191156
stable_0123,5,2.202000,2.722400,2.054400,1.933200,2.231600,2.228720,0.789200,0.120757
stable_0355,5,1.504000,1.826000,1.325200,1.034400,1.596800,1.457280,0.791600,0.182557
stable_0790,4,0.666400,0.800400,0.762000,0.000000,0.721200,0.590000,0.800400,0.505643
stable_0695,5,0.888000,0.955200,1.380000,0.567200,0.878000,0.933680,0.812800,0.278945
stable_0809,4,0.816400,0.762400,0.813600,0.000000,0.797600,0.638000,0.816400,0.500907
stable_0077,5,1.878000,1.389600,1.817600,1.058400,1.546400,1.538000,0.819600,0.194165
stable_0273,5,1.062400,1.751600,1.145600,1.810400,0.980000,1.350000,0.830400,0.263904
stable_0041,5,2.112000,1.746800,1.630800,2.292800,1.454800,1.847440,0.838000,0.167636
stable_0799,4,0.714000,0.684000,0.750800,0.846000,0.000000,0.598960,0.846000,0.508218
stable_0569,5,2.385200,2.134000,2.626800,2.635200,2.990000,2.554240,0.856000,0.111683
stable_0750,4,0.838400,0.771200,0.705200,0.000000,0.858800,0.634720,0.858800,0.507184
stable_0582,5,1.874800,2.069200,1.550400,1.381200,1.209200,1.616960,0.860000,0.195037
stable_0008,5,2.878400,2.512800,2.027200,2.816400,2.014000,2.449760,0.864400,0.151704
stable_0229,5,1.170000,0.880000,1.482000,1.753600,1.652800,1.387680,0.873600,0.231994
stable_0633,5,2.208400,2.374800,2.072800,1.488400,2.112400,2.051360,0.886400,0.146307
stable_0765,4,0.494800,0.000000,0.800000,0.887600,0.681600,0.572800,0.887600,0.550271
stable_0837,4,0.660800,0.749200,0.000000,0.888800,0.598800,0.579520,0.888800,0.527508
stable_0198,5,2.374400,2.652800,2.770000,1.851600,2.419600,2.413680,0.918400,0.131231
stable_0788,4,0.816000,0.928400,0.735200,0.000000,0.779200,0.651760,0.928400,0.509565
stable_0288,5,1.118400,1.620800,1.600400,2.082800,1.520000,1.588480,0.964400,0.193258
stable_0811,4,0.800400,0.000000,0.911200,0.910400,0.989600,0.722320,0.989600,0.506909
stable_0749,4,0.993200,0.000000,0.782400,0.842800,0.766000,0.676880,0.993200,0.513831
stable_0870,4,0.000000,0.719200,0.802000,0.994800,0.749200,0.653040,0.994800,0.521125
stable_0429,5,4.431200,3.713200,4.249200,4.722800,4.163200,4.255920,1.009600,0.078063
stable_0741,4,0.700800,1.016000,0.954000,0.000000,0.868400,0.707840,1.016000,0.521924
stable_0814,4,1.045600,0.834400,0.903600,0.000000,0.770800,0.710880,1.045600,0.516235
stable_0817,4,0.702800,0.588400,0.906800,0.000000,1.048000,0.649200,1.048000,0.556847
stable_0203,5,4.607200,3.549600,4.102000,4.327200,4.219600,4.161120,1.057600,0.083764
stable_0829,4,1.061200,0.940400,0.000000,0.998800,0.993200,0.798720,1.061200,0.502294
stable_0845,4,0.913200,1.062800,1.061600,0.000000,0.807200,0.768960,1.062800,0.515463
stable_0800,4,1.051200,1.014800,0.000000,1.090400,1.055200,0.842320,1.090400,0.500807
stable_0762,4,0.940000,0.854400,0.000000,1.113600,0.932400,0.768080,1.113600,0.512028
stable_0858,4,0.000000,0.906800,1.033600,1.127200,0.806800,0.774880,1.127200,0.519402
stable_0767,4,0.767200,0.949200,1.099200,1.141600,0.000000,0.791440,1.141600,0.526808
stable_0151,5,1.313200,0.900000,1.989200,2.046000,1.500000,1.549680,1.146000,0.276798
stable_0661,5,5.746000,4.799200,5.891600,5.799200,5.959600,5.639120,1.160400,0.075610
stable_0839,4,1.104000,1.162800,0.859200,0.897200,0.000000,0.804640,1.162800,0.520457
stable_0794,4,1.170000,1.159200,1.111600,1.123200,0.000000,0.912800,1.170000,0.500565
stable_0798,4,1.174000,1.021600,1.107600,0.000000,0.858800,0.832400,1.174000,0.515826
stable_0333,5,2.139600,3.252800,2.130800,2.060800,2.144400,2.345680,1.192000,0.193791
stable_0771,4,1.052400,1.027600,0.000000,1.038000,1.197200,0.863040,1.197200,0.505076
stable_0820,4,1.196000,1.203600,0.000000,1.188800,1.190800,0.955840,1.203600,0.500029
stable_0832,4,1.157200,0.917200,1.206800,0.000000,1.152800,0.886800,1.206800,0.512705
stable_0874,4,0.000000,1.121600,1.161200,1.222400,1.178000,0.936640,1.222400,0.501190
stable_0345,5,2.929600,2.652000,2.791600,3.748400,2.504000,2.925120,1.244400,0.148826
stable_0785,4,1.228800,1.186400,1.251600,0.000000,1.126800,0.958720,1.251600,0.501960
stable_0831,4,1.096400,0.923600,0.954000,0.000000,1.253200,0.845440,1.253200,0.518800
stable_0824,4,1.256000,1.082800,0.000000,1.062400,0.915600,0.863360,1.256000,0.515410
stable_0828,4,0.988400,0.000000,1.144800,1.140000,1.309600,0.916560,1.309600,0.512146
stable_0795,4,1.153200,1.310400,0.876400,0.000000,1.128800,0.893760,1.310400,0.523662
stable_0605,5,1.985200,2.613600,1.520400,1.316800,1.294800,1.746160,1.318800,0.286186
stable_0855,4,0.000000,1.337200,1.216800,1.236400,1.338800,1.025840,1.338800,0.502390
stable_0852,4,0.000000,1.428400,1.201200,1.287600,1.079200,0.999280,1.428400,0.512813
stable_0777,4,1.369200,0.000000,1.307200,1.394400,1.432000,1.100560,1.432000,0.501361
stable_0376,5,3.160400,2.164800,3.509600,2.967200,3.601200,3.080640,1.436400,0.166343
stable_0769,4,1.316400,1.473200,1.373600,1.281200,0.000000,1.088880,1.473200,0.503547
stable_0861,4,0.000000,1.025600,1.475600,1.431600,1.413600,1.069280,1.475600,0.522412
stable_0779,4,1.275200,1.280800,1.408000,0.000000,1.548800,1.102560,1.548800,0.508174
stable_0833,4,1.346800,1.247200,1.428400,0.000000,1.552800,1.115040,1.552800,0.508008
stable_0862,4,0.000000,1.732000,1.090000,1.461200,1.132400,1.083120,1.732000,0.544584
stable_0763,4,1.379600,1.736800,0.000000,1.017600,1.421600,1.111120,1.736800,0.540489
stable_0796,4,1.572400,1.422000,0.000000,1.566000,1.749600,1.262000,1.749600,0.506730
stable_0782,4,1.584000,0.000000,1.658800,1.702000,1.771200,1.343200,1.771200,0.502042
stable_0797,4,1.203600,0.000000,1.529200,1.845600,1.584800,1.232640,1.845600,0.526753
stable_0834,4,1.751600,1.686000,1.860800,0.000000,1.734000,1.406480,1.860800,0.501652
stable_0787,4,1.392400,1.870400,1.493200,0.000000,1.420800,1.235360,1.870400,0.518942
stable_0753,4,1.388800,1.508800,0.000000,1.912400,1.598000,1.281600,1.912400,0.518002
stable_0869,4,0.000000,1.210000,1.626400,1.762000,1.931600,1.306000,1.931600,0.532346
stable_0401,5,3.426000,2.379600,1.484400,2.843600,2.262000,2.479120,1.941600,0.259911
stable_0867,4,0.000000,1.971600,1.464000,1.229200,1.212000,1.175360,1.971600,0.551780
stable_0843,4,1.422800,1.428000,2.137200,0.000000,2.117600,1.421120,2.137200,0.546647
stable_0835,4,1.806000,0.000000,2.161200,1.772000,1.869200,1.521680,2.161200,0.508086
stable_0611,5,3.392400,5.137200,5.338400,5.692800,5.673200,5.046800,2.300400,0.169062
stable_0865,4,0.000000,2.027600,1.472400,2.314800,1.563600,1.475680,2.314800,0.541624
stable_0792,4,2.064400,0.000000,2.038000,2.234800,2.355600,1.738560,2.355600,0.504426
stable_0850,4,0.000000,2.429600,2.387600,2.018000,2.242000,1.815440,2.429600,0.506247
stable_0864,4,0.000000,2.506400,1.885600,1.265600,1.497200,1.430960,2.506400,0.579874
stable_0357,5,5.707200,4.912000,3.251200,5.834800,5.524800,5.046000,2.583600,0.188589
stable_0815,4,2.608800,2.333600,2.697600,2.307200,0.000000,1.989440,2.697600,0.505780
stable_0680,5,3.562800,3.627200,1.523600,4.312000,2.664000,3.137920,2.788400,0.306632
stable_0783,4,2.326000,0.000000,2.860800,1.902800,2.513200,1.920560,2.860800,0.525270
stable_0770,4,2.892000,2.823600,2.804000,3.019200,0.000000,2.307760,3.019200,0.501065
stable_0738,4,3.924000,3.650800,2.074800,0.000000,3.374800,2.604880,3.924000,0.556136
stable_0743,4,3.542000,0.000000,4.690000,3.175600,3.748800,3.031280,4.690000,0.526519
stable_0761,4,4.690400,3.286400,4.709200,0.000000,3.313600,3.199920,4.709200,0.536920
