sample_id,rank,dimension_id,image_activation_top20,global_top_semantic,global_top_semantic_share,global_top3_semantic_share,assessment
P01,1,161,3.40625,Sky,0.95567236328125,0.9996723632812501,clear_single_semantic
P01,2,105,3.267578125,Road,0.9324380798339844,0.9959474635124207,clear_single_semantic
P01,3,372,3.234375,Tunnel,0.2656227684020996,0.6677489495277404,spatial_artifact_candidate
P01,4,119,3.220703125,Vegetation,0.963611083984375,0.9984997062683106,clear_single_semantic
P01,5,171,3.203125,Road,0.31827067136764525,0.6501873507499695,spatial_artifact_candidate
P01,6,164,2.986328125,Vegetation,0.5224132561683654,0.703256456375122,low_mapillary_specificity
P02,1,329,3.720703125,Car,0.6816746082305908,0.9588723740577698,clear_single_semantic
P02,2,171,3.525390625,Road,0.31827067136764525,0.6501873507499695,spatial_artifact_candidate
P02,3,270,3.4765625,Sky,0.93637109375,0.9860044598579407,clear_single_semantic
P02,4,168,3.40625,Building,0.9042409286499024,0.9676411690711976,clear_single_semantic
P02,5,372,3.275390625,Tunnel,0.2656227684020996,0.6677489495277404,spatial_artifact_candidate
P02,6,419,3.251953125,Fence,0.23817074632644653,0.5445407900810242,spatial_artifact_candidate
P03,1,105,3.654296875,Road,0.9324380798339844,0.9959474635124207,clear_single_semantic
P03,2,372,3.646484375,Tunnel,0.2656227684020996,0.6677489495277404,spatial_artifact_candidate
P03,3,451,3.35546875,Vegetation,0.993484375,0.9984356651306152,clear_single_semantic
P03,4,38,3.072265625,Road,0.7970420846939087,0.912673948764801,clear_single_semantic
P03,5,270,3.04296875,Sky,0.93637109375,0.9860044598579407,clear_single_semantic
P03,6,119,3.01953125,Vegetation,0.963611083984375,0.9984997062683106,clear_single_semantic
P04,1,105,3.865234375,Road,0.9324380798339844,0.9959474635124207,clear_single_semantic
P04,2,372,3.712890625,Tunnel,0.2656227684020996,0.6677489495277404,spatial_artifact_candidate
P04,3,270,3.48046875,Sky,0.93637109375,0.9860044598579407,clear_single_semantic
P04,4,476,3.16015625,Road,0.649257257938385,0.8246054635047912,clear_single_semantic
P04,5,300,3.146484375,Sky,0.5779146881103515,0.8091196498870848,clear_single_semantic
P04,6,491,3.130859375,Road,0.29492275190353395,0.6950186791419983,spatial_artifact_candidate
P05,1,372,3.384765625,Tunnel,0.2656227684020996,0.6677489495277404,spatial_artifact_candidate
P05,2,451,3.326171875,Vegetation,0.993484375,0.9984356651306152,clear_single_semantic
P05,3,270,3.2578125,Sky,0.93637109375,0.9860044598579407,clear_single_semantic
P05,4,105,3.119140625,Road,0.9324380798339844,0.9959474635124207,clear_single_semantic
P05,5,335,3.080078125,Road,0.27458690834045413,0.6590480256080629,spatial_artifact_candidate
P05,6,180,3.080078125,Sky,0.9733043212890625,0.9901846923828125,clear_single_semantic
P06,1,270,3.591796875,Sky,0.93637109375,0.9860044598579407,clear_single_semantic
P06,2,171,3.087890625,Road,0.31827067136764525,0.6501873507499695,spatial_artifact_candidate
P06,3,168,2.9765625,Building,0.9042409286499024,0.9676411690711976,clear_single_semantic
P06,4,161,2.970703125,Sky,0.95567236328125,0.9996723632812501,clear_single_semantic
P06,5,372,2.955078125,Tunnel,0.2656227684020996,0.6677489495277404,spatial_artifact_candidate
P06,6,476,2.9296875,Road,0.649257257938385,0.8246054635047912,clear_single_semantic
P07,1,171,3.328125,Road,0.31827067136764525,0.6501873507499695,spatial_artifact_candidate
P07,2,451,3.263671875,Vegetation,0.993484375,0.9984356651306152,clear_single_semantic
P07,3,124,3.09765625,Vegetation,0.6749069290161133,0.9963552923202514,clear_single_semantic
P07,4,119,3.09375,Vegetation,0.963611083984375,0.9984997062683106,clear_single_semantic
P07,5,270,3.03515625,Sky,0.93637109375,0.9860044598579407,clear_single_semantic
P07,6,278,3.029296875,Building,0.9390323181152344,0.991138635635376,clear_single_semantic
P08,1,372,3.513671875,Tunnel,0.2656227684020996,0.6677489495277404,spatial_artifact_candidate
P08,2,105,3.310546875,Road,0.9324380798339844,0.9959474635124207,clear_single_semantic
P08,3,270,3.236328125,Sky,0.93637109375,0.9860044598579407,clear_single_semantic
P08,4,213,3.19140625,Barrier,0.4130151753425598,0.6749602603912354,low_mapillary_specificity
P08,5,161,3.1875,Sky,0.95567236328125,0.9996723632812501,clear_single_semantic
P08,6,164,3.1328125,Vegetation,0.5224132561683654,0.703256456375122,low_mapillary_specificity
P09,1,171,3.34375,Road,0.31827067136764525,0.6501873507499695,spatial_artifact_candidate
P09,2,278,3.083984375,Building,0.9390323181152344,0.991138635635376,clear_single_semantic
P09,3,119,3.068359375,Vegetation,0.963611083984375,0.9984997062683106,clear_single_semantic
P09,4,292,3.0546875,Building,0.92976806640625,0.9923352966308593,clear_single_semantic
P09,5,503,2.939453125,Building,0.9024129886627197,0.9855558609962464,clear_single_semantic
P09,6,436,2.92578125,Road,0.5669994735717774,0.8059714984893799,clear_single_semantic
P10,1,171,3.513671875,Road,0.31827067136764525,0.6501873507499695,spatial_artifact_candidate
P10,2,372,3.310546875,Tunnel,0.2656227684020996,0.6677489495277404,spatial_artifact_candidate
P10,3,161,3.1796875,Sky,0.95567236328125,0.9996723632812501,clear_single_semantic
P10,4,180,3.03515625,Sky,0.9733043212890625,0.9901846923828125,clear_single_semantic
P10,5,31,3.009765625,Road,0.47699861955642703,0.8153650922775268,coherent_semantic_mixture
P10,6,477,2.986328125,Bridge,0.3248274612426758,0.7304275150299072,spatial_artifact_candidate
P11,1,105,3.185546875,Road,0.9324380798339844,0.9959474635124207,clear_single_semantic
P11,2,372,3.126953125,Tunnel,0.2656227684020996,0.6677489495277404,spatial_artifact_candidate
P11,3,270,3.060546875,Sky,0.93637109375,0.9860044598579407,clear_single_semantic
P11,4,335,3.015625,Road,0.27458690834045413,0.6590480256080629,spatial_artifact_candidate
P11,5,442,2.98046875,Road,0.2183099808692932,0.5467950472831726,spatial_artifact_candidate
P11,6,119,2.97265625,Vegetation,0.963611083984375,0.9984997062683106,clear_single_semantic
P12,1,372,4.02734375,Tunnel,0.2656227684020996,0.6677489495277404,spatial_artifact_candidate
P12,2,105,3.771484375,Road,0.9324380798339844,0.9959474635124207,clear_single_semantic
P12,3,213,3.462890625,Barrier,0.4130151753425598,0.6749602603912354,low_mapillary_specificity
P12,4,419,3.37890625,Fence,0.23817074632644653,0.5445407900810242,spatial_artifact_candidate
P12,5,31,3.30078125,Road,0.47699861955642703,0.8153650922775268,coherent_semantic_mixture
P12,6,270,3.263671875,Sky,0.93637109375,0.9860044598579407,clear_single_semantic
P13,1,171,3.390625,Road,0.31827067136764525,0.6501873507499695,spatial_artifact_candidate
P13,2,329,3.265625,Car,0.6816746082305908,0.9588723740577698,clear_single_semantic
P13,3,119,3.048828125,Vegetation,0.963611083984375,0.9984997062683106,clear_single_semantic
P13,4,105,3.02734375,Road,0.9324380798339844,0.9959474635124207,clear_single_semantic
P13,5,25,3.0,Bridge,0.6517137298583985,0.8639324016571045,clear_single_semantic
P13,6,210,2.96875,Vegetation,0.9846650390625,0.9963182425498963,clear_single_semantic
P14,1,372,3.763671875,Tunnel,0.2656227684020996,0.6677489495277404,spatial_artifact_candidate
P14,2,270,3.208984375,Sky,0.93637109375,0.9860044598579407,clear_single_semantic
P14,3,491,3.1015625,Road,0.29492275190353395,0.6950186791419983,spatial_artifact_candidate
P14,4,105,3.09375,Road,0.9324380798339844,0.9959474635124207,clear_single_semantic
P14,5,67,3.02734375,Road,0.8484319958686829,0.9881267132759095,clear_single_semantic
P14,6,31,2.94921875,Road,0.47699861955642703,0.8153650922775268,coherent_semantic_mixture
P15,1,491,3.224609375,Road,0.29492275190353395,0.6950186791419983,spatial_artifact_candidate
P15,2,329,3.123046875,Car,0.6816746082305908,0.9588723740577698,clear_single_semantic
P15,3,419,3.091796875,Fence,0.23817074632644653,0.5445407900810242,spatial_artifact_candidate
P15,4,138,3.08203125,Building,0.48660319185256956,0.9704015102386474,coherent_semantic_mixture
P15,5,386,3.0390625,Building,0.5728906536102295,0.8574903154373169,clear_single_semantic
P15,6,437,3.013671875,Sky,0.99590234375,0.9991740775108338,clear_single_semantic
P16,1,171,3.2578125,Road,0.31827067136764525,0.6501873507499695,spatial_artifact_candidate
P16,2,335,3.24609375,Road,0.27458690834045413,0.6590480256080629,spatial_artifact_candidate
P16,3,31,3.15625,Road,0.47699861955642703,0.8153650922775268,coherent_semantic_mixture
P16,4,105,3.080078125,Road,0.9324380798339844,0.9959474635124207,clear_single_semantic
P16,5,419,3.0703125,Fence,0.23817074632644653,0.5445407900810242,spatial_artifact_candidate
P16,6,168,3.0,Building,0.9042409286499024,0.9676411690711976,clear_single_semantic
P17,1,171,3.447265625,Road,0.31827067136764525,0.6501873507499695,spatial_artifact_candidate
P17,2,503,3.365234375,Building,0.9024129886627197,0.9855558609962464,clear_single_semantic
P17,3,168,3.1640625,Building,0.9042409286499024,0.9676411690711976,clear_single_semantic
P17,4,284,3.158203125,Sky,0.99738330078125,0.9998599014282227,clear_single_semantic
P17,5,458,3.11328125,Building,0.8360380725860596,0.9008521180152892,clear_single_semantic
P17,6,437,3.095703125,Sky,0.99590234375,0.9991740775108338,clear_single_semantic
P18,1,171,3.310546875,Road,0.31827067136764525,0.6501873507499695,spatial_artifact_candidate
P18,2,477,3.197265625,Bridge,0.3248274612426758,0.7304275150299072,spatial_artifact_candidate
P18,3,105,3.177734375,Road,0.9324380798339844,0.9959474635124207,clear_single_semantic
P18,4,270,3.115234375,Sky,0.93637109375,0.9860044598579407,clear_single_semantic
P18,5,372,3.091796875,Tunnel,0.2656227684020996,0.6677489495277404,spatial_artifact_candidate
P18,6,78,3.0859375,Road,0.9042169036865234,0.9692062225341797,clear_single_semantic
P19,1,171,3.982421875,Road,0.31827067136764525,0.6501873507499695,spatial_artifact_candidate
P19,2,270,3.501953125,Sky,0.93637109375,0.9860044598579407,clear_single_semantic
P19,3,437,3.34375,Sky,0.99590234375,0.9991740775108338,clear_single_semantic
P19,4,119,3.248046875,Vegetation,0.963611083984375,0.9984997062683106,clear_single_semantic
P19,5,168,3.177734375,Building,0.9042409286499024,0.9676411690711976,clear_single_semantic
P19,6,329,3.140625,Car,0.6816746082305908,0.9588723740577698,clear_single_semantic
P20,1,372,4.5625,Tunnel,0.2656227684020996,0.6677489495277404,spatial_artifact_candidate
P20,2,477,3.587890625,Bridge,0.3248274612426758,0.7304275150299072,spatial_artifact_candidate
P20,3,285,3.1953125,Tunnel,0.8067750854492187,0.9168359298706055,clear_single_semantic
P20,4,106,3.12109375,Road,0.8798419342041016,0.9914981303215027,clear_single_semantic
P20,5,105,3.1171875,Road,0.9324380798339844,0.9959474635124207,clear_single_semantic
P20,6,476,3.08203125,Road,0.649257257938385,0.8246054635047912,clear_single_semantic
