dimension_id,dimension_index,fine_cluster,coarse_cluster,image_occurrence_count,image_prevalence,city_balanced_prevalence,mean_patch_share_all_images,mean_patch_share_when_present,strong_activation_count,strong_activation_prevalence,city_balanced_strong_activation_prevalence,mean_activation_share_all_images,mean_activation_share_when_strong
D000,0,F000,C000,1305,0.00344492605947975,0.0034515586103846707,0.0003719006305434918,0.026640081319884275,9439,0.02491697860186158,0.02490317626195476,0.0018749580095490741,0.07524820884218256
D001,1,F001,C001,9,2.375811075503276e-05,2.4123953528850465e-05,7.407574215004545e-06,0.022108843537414966,9929,0.02621047574296892,0.026511470348446056,0.0017255769244717324,0.06583539121508034
D002,2,F002,C002,8600,0.02270219472147575,0.022922666202058024,0.0012965544490106228,0.031319411485524445,18493,0.04881763802142454,0.04914194403709454,0.005187934266005936,0.10627171809764974
D003,3,F003,C003,2200,0.005807538184563563,0.005817239118237107,0.0003774091720961043,0.030871985157699445,11323,0.029890343119915105,0.029984020597095932,0.0023157345381757052,0.07747433774464756
D004,4,F003,C003,1,2.639790083892529e-06,2.612330198537095e-06,1.1717435576461736e-06,0.025510204081632654,9432,0.02489850007127433,0.024986404737039346,0.0017359934002235764,0.0697228104204723
D005,5,F004,C004,11373,0.03002233262410973,0.029980588949297848,0.001690691270515883,0.03323347276130183,6545,0.017277426099076603,0.017264158225519115,0.0012233209709607547,0.07080458419822937
D006,6,F005,C005,44,0.00011615076369127126,0.00011578511045854424,9.239265293623852e-06,0.030728200371057515,8822,0.02328822812009989,0.023217950897602004,0.0013885801685697323,0.05962584020599057
D007,7,F006,C006,2496,0.0065889160493957525,0.00660199763915234,0.00033351592779301374,0.0344142464678179,17611,0.04648934316743133,0.04649595941725932,0.005322661952759835,0.11449208765093265
D008,8,F007,C007,179,0.0004725224250167627,0.0004739773290215034,3.315899584971126e-05,0.03865009691027249,18973,0.05008473726169295,0.0503999840382513,0.004140941428213254,0.08267870921587986
D009,9,F008,C008,1107,0.0029222476228690296,0.0028988918896902457,0.000325179039721945,0.025855870803605994,9674,0.025537329271576325,0.025342501622278576,0.003327944968847553,0.1303168758743945
D010,10,F009,C009,1170,0.0030885543981542586,0.0030838784144588635,0.00023558779667065365,0.029905808477237047,7220,0.01905928440570406,0.019030377379901736,0.0016328008165949674,0.08566957614139507
D011,11,F010,C004,72843,0.19229022908098348,0.19216306492803958,0.009692406810830811,0.03900428010255212,10399,0.027451177082398408,0.027395394257834237,0.002219547197614574,0.080854354294255
D012,12,F003,C003,37,9.767223310402357e-05,9.789922323050483e-05,1.9933108796739505e-05,0.024544953116381687,4115,0.010862736195217756,0.01095535031004125,0.0007579292787997362,0.06977333014249294
D013,13,F011,C010,161,0.00042500620350669713,0.0004269732227878127,3.641832850431325e-05,0.03118265939916339,8965,0.02366571810209652,0.023746812747729364,0.0017082721221681684,0.07218340532911335
D014,14,F012,C011,70,0.00018478530587247703,0.00019145590212125223,1.5946487037391604e-05,0.027478134110787172,9402,0.024819306368757555,0.025230178029418692,0.0017658210714958209,0.07114707579896871
D015,15,F013,C012,38728,0.10223379036898986,0.1021299373542767,0.0055678560195995255,0.03472452035968281,12821,0.033844748665586115,0.033743360569779605,0.0028362016050646494,0.08380034471783639
D016,16,F014,C013,2002,0.005284859747952843,0.0052695942706510205,0.0004915127516406834,0.02535984423739526,7448,0.019661156544831554,0.019593992558269976,0.002018305013217088,0.10265443991633606
D017,17,F015,C014,316,0.0008341736665100391,0.0008306243408487439,8.582011436001629e-05,0.028464866959442003,8619,0.022752350733069707,0.022645649867519352,0.0014656565594131517,0.06441780792711119
D018,18,F000,C000,61,0.00016102719511744426,0.0001615266422321821,3.592000078439477e-05,0.024171963867514218,5275,0.01392489269253309,0.013962422026449182,0.0008917862063758101,0.06404259092452542
D019,19,F016,C015,7331,0.01935230110501613,0.019326461185765014,0.0011373050717047796,0.03633090120511443,10392,0.02743269855181116,0.0274211479549587,0.0029957926229163823,0.10920517415588318
D020,20,F017,C011,45058,0.11894366160002956,0.11855324049358645,0.00624537969393735,0.03940578628361993,6635,0.01751500720662693,0.017446542669659268,0.0011404348801791202,0.06511187045059441
D021,21,F001,C001,5772,0.015236868364227676,0.015195911760177075,0.0011498710112367782,0.028783394854823428,8799,0.02322751294817036,0.02313767701618347,0.0017541214668031198,0.07551912556102106
D022,22,F018,C013,0,0.0,0.0,0.0,0.0,8681,0.022916017718271044,0.02298232335408557,0.0016361712466620077,0.07139858533786528
D023,23,F019,C016,0,0.0,0.0,3.905811858820578e-07,0.0,12084,0.03189922337375732,0.03196630262702896,0.0021443022819661213,0.06722114381412132
D024,24,F020,C013,10,2.639790083892529e-05,2.6458446459023068e-05,1.2229231613134776e-05,0.02959183673469388,6492,0.0171375172246303,0.017178922800054255,0.001558257681883057,0.0909266880060961
D025,25,F021,C017,34053,0.08989277172679229,0.09109030939445266,0.0051767765059975495,0.0434892307729188,8141,0.02149053107296908,0.021973485664162462,0.0012138504325594265,0.056483035641972344
D026,26,F018,C013,0,0.0,0.0,0.0,0.0,9951,0.026268551124814556,0.02625853124573896,0.0019443846947105495,0.07401948761741141
D027,27,F022,C005,451,0.0011905453278355305,0.0011960032315413147,6.682978773609556e-05,0.030578306710710892,14805,0.03908209219202889,0.039132083052016126,0.003927669566059006,0.1004979351351125
D028,28,F006,C006,248,0.0006546679408053472,0.000651786238814846,5.399448186900586e-05,0.027855497037524688,10839,0.02861268471931112,0.028473710442389794,0.0018567955169043627,0.06489413821594953
D029,29,F023,C018,424,0.0011192709955704322,0.001167388538408056,6.491728675694892e-05,0.031430496726992684,15430,0.04073196099446172,0.041821722416492416,0.005725357412671367,0.14056179159775387
D030,30,F024,C018,62,0.0001636669852013368,0.00016399963581361027,1.3549126655081041e-05,0.030859117840684663,14237,0.03758269142437793,0.03782433227723984,0.002349219453039065,0.06250801536569169
D031,31,F011,C010,93302,0.24629769440734073,0.2467753693383455,0.013565531064888087,0.04604643512246167,11970,0.03159828730419357,0.03180431536048821,0.003159322353860173,0.09998397455677552
D032,32,F025,C019,72,0.0001900648860402621,0.0001890468466614975,2.321937808485061e-05,0.025651927437641723,10261,0.027086886050821237,0.027024840772598122,0.002280845171109649,0.08420477595063007
D033,33,F000,C000,526,0.0013885295841274702,0.0013847474943851819,0.00016466364064117377,0.027779933266082097,10871,0.028697158001995682,0.028729826848666734,0.002166180468789319,0.07548414615268442
D034,34,F026,C016,100,0.0002639790083892529,0.00026553217998234805,2.9360930524927108e-05,0.027448979591836734,9213,0.02432038604290187,0.024391948790279352,0.0020891787584821036,0.08590236827642175
D035,35,F027,C020,770,0.002032638364597247,0.0020597016203884894,0.0001884621563464702,0.027511264245958122,9818,0.02591745904365685,0.026129095176085616,0.0015911698583364316,0.06139374448923308
D036,36,F028,C021,13,3.431727109060288e-05,3.540312023178158e-05,1.872096028882967e-05,0.021585557299843013,3575,0.00943724954991579,0.009491783342805005,0.000849787309992076,0.09004607809694497
D037,37,F024,C018,19,5.015601159395805e-05,5.0654346140918784e-05,1.2363914780680313e-05,0.02497314715359828,8869,0.023412298254042837,0.023416795931834662,0.002099342309111778,0.08966835661890918
D038,38,F029,C022,2554,0.006742023874261519,0.006713994092267236,0.00047753263884945665,0.032140459942786824,7591,0.020038646526828185,0.019967748540580504,0.0024553252826271356,0.12252949715640184
D039,39,F030,C012,4,1.0559160335570116e-05,1.0853253906220216e-05,1.3333633587008182e-06,0.026785714285714284,14182,0.03743750296976384,0.03767280138796091,0.002564878277000114,0.0685109335168967
D040,40,F031,C001,6,1.5838740503355174e-05,1.571431911483333e-05,5.952996005512744e-06,0.021258503401360544,6808,0.017971690891140337,0.01792689071722723,0.0015208269389514275,0.0846234752290984
D041,41,F032,C012,126,0.00033261355057045863,0.0003358409388795249,8.828481632609962e-05,0.023688046647230322,4623,0.012203749557835162,0.012288134600413373,0.0007370515263330962,0.06039549753459893
D042,42,F021,C017,16577,0.04375980022068645,0.04381802804189929,0.0025371211052725657,0.029687371117838462,3701,0.00976986310048625,0.009775096795522476,0.0004341439976732036,0.04443706050001828
D043,43,F018,C013,0,0.0,0.0,0.0,0.0,10857,0.028660200940821185,0.028543094163438285,0.0023615277748947144,0.0823974604983021
D044,44,F033,C023,2266,0.00598176433010047,0.005988323769461418,0.00038779324431386525,0.029893996433524868,5718,0.01509431969969748,0.01507897367460403,0.001147736467042289,0.07603764130325741
D045,45,F034,C018,3632,0.009587717584697664,0.009573412458978263,0.0007609464283155306,0.03051953160118673,6753,0.017826502436526247,0.017815084667465612,0.001250059140030709,0.07012363443034994
D046,46,F024,C018,62,0.0001636669852013368,0.00016255827889676222,1.784551969978368e-05,0.027896642527978934,10486,0.027680838819697056,0.02769115459133842,0.0026597875487363912,0.09608767877524531
D047,47,F035,C010,1586,0.004186707073053551,0.004179723421419092,0.00031802736352527696,0.03438569627094217,14205,0.03749821814169337,0.03744209244747548,0.00235140650473354,0.06270715306653644
D048,48,F036,C024,23833,0.06291411706941064,0.06263252562694406,0.0033541630728708125,0.03272280674112468,9931,0.026215755323136705,0.026094298502198972,0.002206262078755688,0.08415786810493124
D049,49,F002,C002,19385,0.05117233077625667,0.051245192557406255,0.0029092372288841307,0.039818026772225526,17253,0.0455442983173978,0.045652223899250825,0.004213982803958302,0.09252492539441697
D050,50,F037,C003,20484,0.05407346007845456,0.05513505621841069,0.0031772163273494857,0.03162000007970382,8769,0.023148319245653585,0.023915724225734628,0.0015368966434508556,0.06639344425576078
D051,51,F009,C009,54,0.00014254866453019657,0.00014292757001125892,1.771083653223814e-05,0.02947845804988662,9403,0.024821946158841448,0.024797668465754538,0.0021041900215158795,0.08477135547916648
D052,52,F025,C019,3885,0.010255584475922475,0.010249222102152676,0.0006571595794049397,0.03729808525726893,5880,0.01552196569328807,0.015532914415573688,0.001107876831706397,0.07137477646825746
D053,53,F025,C019,1790,0.004725224250167626,0.004792657052889054,0.0003630115414854864,0.02882225515904686,10961,0.02893473910954601,0.029287555137756802,0.0025686949496378513,0.08877546605527885
D054,54,F013,C012,7,1.8478530587247703e-05,1.8508006615095048e-05,4.8916926452539106e-05,0.02040816326530612,6240,0.01647229012348938,0.016473951700889694,0.0014937468273654318,0.09068240154630099
D055,55,F002,C002,3143,0.008296860233674219,0.008330315583640209,0.0004834586982214603,0.04292175031005084,18887,0.04985771531447819,0.050121791995857846,0.0035284637694596504,0.0707706670312472
D056,56,F038,C000,5510,0.014545243362247834,0.014496891824057768,0.0010526701692191642,0.031107633616059855,11032,0.029122164205502378,0.02901598160985086,0.0018966717033547249,0.06512811650846902
D057,57,F019,C016,1392,0.0036745877967784,0.003691848922414665,0.0002472109540298335,0.029384383063570257,10526,0.02778643042305276,0.027912182701643997,0.0019492982407624821,0.07015288437860175
D058,58,F023,C018,42,0.0001108711835234862,0.00011046272187224048,9.09111380932376e-06,0.027210884353741496,11527,0.03042886029702918,0.030343542381651302,0.002059333737170205,0.06767699207489743
D059,59,F028,C021,13,3.431727109060288e-05,3.498708760745676e-05,1.3104672202180768e-05,0.029827315541601257,7545,0.01991721618296913,0.019993011149259048,0.0012269797834264038,0.06160397980093087
D060,60,F017,C011,1611,0.004252701825150864,0.0042306200470017255,0.0005159308099166893,0.02650780982784175,7283,0.019225591180989286,0.019133840711401312,0.0015275488634437125,0.07945393455334618
D061,61,F039,C017,9130,0.02410128346593879,0.024121407138214864,0.0015994164878702724,0.030192569908576793,9491,0.025054247686223993,0.02507256430164838,0.0016625296350236871,0.06635719642613035
D062,62,F014,C013,1,2.639790083892529e-06,2.6286044738848146e-06,2.1683989974831488e-06,0.02040816326530612,13171,0.0347686751949485,0.034603898340978004,0.0032098972453172875,0.09232152871282395
D063,63,F040,C013,70,0.00018478530587247703,0.00018551679072160922,2.948214537571809e-05,0.025510204081632654,6105,0.01611591846216389,0.016139297138287337,0.000984669187828985,0.061099166649467726
D064,64,F003,C003,45,0.00011879055377516379,0.0001185759418119434,3.376507010366617e-05,0.023922902494331065,5788,0.015279105005569957,0.015326270153587545,0.001381735370733819,0.09043300443514925
D065,65,F041,C011,0,0.0,0.0,6.060742539549173e-07,0.0,4564,0.012048001942885501,0.012088766291758268,0.0005418118117070981,0.04497109265715589
D066,66,F020,C013,100,0.0002639790083892529,0.00026587238830053724,5.9880136290745836e-05,0.02596938775510204,8147,0.021506369813472433,0.02149429185019892,0.0012648789031329524,0.05881415199791564
D067,67,F036,C024,23877,0.06303026783310191,0.06296232309973852,0.003701308937219435,0.04783486456525065,10593,0.027963296358673558,0.027931787033043744,0.0022814768756634716,0.08158826650477531
D068,68,F000,C000,431,0.0011377495261576799,0.001129726104061888,0.00019752633352228483,0.023947630096121976,8318,0.021957773917818054,0.02186224171677526,0.0023382227048061115,0.10648723834927164
D069,69,F042,C025,767,0.0020247189943455694,0.002042394037513947,0.00020329077309323384,0.027199797780911583,8416,0.022216473346039524,0.022419284963013188,0.0014672488669940933,0.06604328437463979
D070,70,F043,C015,0,0.0,0.0,1.2121485079098346e-07,0.0,7423,0.019595161792734243,0.019577938523092767,0.001471259014542116,0.07508276941544056
D071,71,F044,C026,2,5.279580167785058e-06,5.2531546707738045e-06,1.198680191155281e-06,0.02040816326530612,10896,0.028763152754092993,0.028762646934433575,0.001993862333476359,0.06932002032331565
D072,72,F018,C013,16,4.2236641342280465e-05,4.221239810277465e-05,2.564367510067028e-05,0.021683673469387755,3972,0.010485246213221125,0.010463342902322344,0.0007466605427575729,0.07121058748397237
D073,73,F045,C027,1751,0.004622272436895818,0.0046379700111160655,0.00025883411138901335,0.04559785079080176,13483,0.035592289701122964,0.03562680075536746,0.003479388376962442,0.09775680087400121
D074,74,F037,C003,1098,0.002898489512113997,0.0029112640445759013,0.0002821612360079004,0.02593769748336493,6980,0.01842573478556985,0.018523630016736556,0.0010039861204984065,0.0544882541826598
D075,75,F046,C021,115,0.0003035758596476408,0.00030180519007719567,6.406878280141204e-05,0.02422360248447205,9879,0.026078486238774293,0.02595847065430195,0.0023587789081440987,0.09044922648297714
D076,76,F043,C015,1,2.639790083892529e-06,2.6180751911194887e-06,7.003524712367934e-07,0.02040816326530612,5841,0.015419013880016262,0.01534836141452048,0.0014689877751496848,0.09527118832505621
D077,77,F001,C001,1149,0.0030331188063925157,0.0030213636365717216,0.0002532043549856099,0.029604269906395978,9425,0.024880021540687084,0.024817397725676146,0.001999750026902111,0.08037573535183064
D078,78,F036,C024,2053,0.005419489042231362,0.005393370644316009,0.0003337583574945957,0.02913357257174667,10172,0.026851944733354803,0.02673438285565796,0.0026612388400297227,0.09910786225937668
D079,79,F047,C008,5,1.3198950419462645e-05,1.3089331884190045e-05,2.0875890969558263e-06,0.022448979591836733,8487,0.022403898441995893,0.022430730550297658,0.0017858763802390558,0.07971275110279234
D080,80,F034,C018,2593,0.006844975687533328,0.006836536041426282,0.00053944649097014,0.028835483287028656,4784,0.012628755761341858,0.012611990638777475,0.0010417766602921193,0.08249242284668479
D081,81,F002,C002,294,0.0007760982846644035,0.0007757897843978958,7.213630453738972e-05,0.028286824934055255,9000,0.02375811075503276,0.023703835821982457,0.001965764868581607,0.0827407906651497
D082,82,F030,C012,9719,0.025656119825351487,0.0257508044794043,0.0015709309979343913,0.03366328525442485,12445,0.03285218759404252,0.032956898292839334,0.002261797509453906,0.06884769858869505
D083,83,F036,C024,489,0.0012908573510234467,0.0012953618957076557,0.00012035287851869203,0.02874462668502984,10931,0.028855545407029233,0.028915329275143776,0.001895650338340875,0.06569448997069012
D084,84,F048,C028,1681,0.004437487131023341,0.004437599601539757,0.000514610914874743,0.02554662555087472,11093,0.029283191400619822,0.029279091009011327,0.0021082183618563507,0.07199414616440089
D085,85,F028,C021,187,0.0004936407456879029,0.0004978616275861436,6.642573823345894e-05,0.02455527665611699,10814,0.028546689967213806,0.028624153094325862,0.002353079154708194,0.08242914178178737
D086,86,F041,C011,17,4.4876431426172994e-05,4.454394598577224e-05,4.032414036313383e-05,0.0234093637454982,6168,0.016282225237449117,0.016329630476902616,0.001352809214305111,0.08308503257857222
D087,87,F049,C029,0,0.0,0.0,4.444544529002727e-07,0.0,11138,0.029401981954394987,0.029402536838309942,0.0025506326370902015,0.08675036400765272
D088,88,F050,C030,174,0.0004593234745973,0.00045847014227013707,4.4660938358100135e-05,0.027826647900539528,14105,0.03723423913330412,0.03721672219273753,0.002828726833023471,0.07597111956272849
D089,89,F007,C007,117460,0.31006974325401643,0.3099272269327887,0.015716421250590317,0.042988103635801335,8057,0.021268788705922106,0.021213985410386216,0.0012737122303622275,0.05988644901096665
D090,90,F051,C020,23891,0.06306722489427641,0.06326886714635552,0.0035859662725334367,0.041617798180341156,7890,0.020827943761912052,0.020916198830119144,0.0008333012130375026,0.040008808481678156
D091,91,F027,C020,7,1.8478530587247703e-05,1.8352320700157612e-05,1.4007049424735868e-06,0.029154518950437316,9066,0.023932336900569666,0.023876944790525188,0.0027768208467569325,0.11602798582911623
D092,92,F050,C030,6575,0.01735661980159338,0.017642455140289816,0.001116469585685485,0.027405136959726857,6171,0.016290144607700795,0.016524077685335134,0.0008310773631634812,0.05101718758043488
D093,93,F000,C000,5219,0.013777064447835108,0.013807389057184477,0.0008746728949909822,0.03088694761292139,9620,0.025394780607046127,0.02543814571106778,0.001401453005264261,0.05518665535844042
D094,94,F032,C012,1,2.639790083892529e-06,2.617047447070215e-06,2.195335630992256e-06,0.030612244897959183,8881,0.023443975735049548,0.023353824835071764,0.0019350986355036143,0.0825414024213724
D095,95,F038,C000,4,1.0559160335570116e-05,1.0474910493448e-05,4.6735059138301405e-06,0.02295918367346939,7452,0.019671715705167125,0.019752832808336934,0.0014114769048190418,0.07175159126808102
D096,96,F029,C022,737,0.0019455252918287938,0.0019514919565155834,0.00012875710817353354,0.031636806690111596,10177,0.026865143683774267,0.02701845922257479,0.0017175557570619359,0.0639324984552116
D097,97,F049,C029,1,2.639790083892529e-06,2.6373394519608617e-06,4.740847497602909e-06,0.025510204081632654,9637,0.0254396570384723,0.025396937017993185,0.001527236805668682,0.060033702630465785
D098,98,F052,C026,26835,0.07083876690125601,0.07090706138858832,0.003566760452841443,0.03653182905358902,6470,0.017079441842784662,0.017137898942482504,0.0013245675847726466,0.07755332972618306
D099,99,F053,C030,0,0.0,0.0,6.73415837727686e-08,0.0,12566,0.03317160219419352,0.03341918667588905,0.002894853902639495,0.08726904072020439
D100,100,F005,C005,256,0.0006757862614764874,0.0006736516717932231,5.598779274867981e-05,0.029296875,12588,0.03322967757603915,0.03315330271049708,0.0021598263845322937,0.06499691065584322
D101,101,F024,C018,47718,0.1259655032231837,0.12607110958316542,0.006545453791228807,0.03298930536630596,9507,0.02509648432756627,0.025081227694327024,0.002089039796179477,0.08324033633208343
D102,102,F051,C020,355,0.0009371254797818477,0.0009370114577290787,9.54499608395222e-05,0.02535211267605634,7947,0.02097841179669393,0.02097710064911945,0.0013768677968674617,0.06563260413662239
D103,103,F027,C020,4431,0.011696909861727795,0.011663208427071473,0.0006748569476204231,0.03493821360636333,7199,0.019003848813942317,0.01895467119751156,0.001232259713644697,0.06484263928371398
D104,104,F046,C021,6591,0.017398856442935658,0.017434854182286835,0.0012007677802522369,0.02800587690697581,9842,0.025980814005670268,0.026009332129667464,0.0017483477739594108,0.06729380278762001
D105,105,F054,C023,253721,0.6697701798752963,0.6698693651539508,0.0565121681932016,0.08240674374045281,3272,0.008637393154496355,0.00863014049789342,0.0005988406608159952,0.06933118014944795
D106,106,F027,C020,112984,0.2982540428385135,0.2970970797961311,0.017129988435564503,0.05312066942474788,2608,0.0068845725387917155,0.006853553243573973,0.000373681587525823,0.054278110285029615
D107,107,F046,C021,24,6.33549620134207e-05,6.289650228672366e-05,1.1488474191634322e-05,0.02423469387755102,8746,0.023087604073724056,0.02304139879533805,0.001478134426790848,0.0640228592828785
D108,108,F046,C021,89,0.00023494131746643507,0.0002339952659713043,5.4802580874279085e-05,0.023446457234579225,4449,0.011744426083237862,0.011736775382189653,0.0008947181539847843,0.07618236494857451
D109,109,F023,C018,652,0.0017211431346979289,0.001737692338693481,0.0002765449479212515,0.024031238262176038,4297,0.011343177990486196,0.01146125249783922,0.0006780152797288464,0.05977295607082201
D110,110,F034,C018,527,0.0013911693742113627,0.0013859671168083964,0.00011740331714944477,0.027940208341401075,5884,0.01553252485362364,0.0154798534779955,0.0011549949946443984,0.07435977122386161
D111,111,F050,C030,2,5.279580167785058e-06,5.220592380126793e-06,4.5792276965482645e-07,0.02295918367346939,6827,0.018021846902734295,0.017940691931750637,0.0015392514631550312,0.08541030625010437
D112,112,F007,C007,4721,0.012462448986056628,0.012552636611370047,0.0008082471567575232,0.03265695178728132,7109,0.018766267706391986,0.01891848055271939,0.0013772358431541959,0.0733889052795029
D113,113,F043,C015,62069,0.16384913071712537,0.16320303177363427,0.007841321356084948,0.03354224610464786,4909,0.012958729521828425,0.012898925813368163,0.0007464787442040676,0.05760431552697015
D114,114,F012,C011,24397,0.06440295867672603,0.064359558218257,0.0037801120585503286,0.0332978377234404,9669,0.02552413032115686,0.025478634898966325,0.0020817985811102057,0.0815619789946226
D115,115,F006,C006,11304,0.029840187108321148,0.029887022356666966,0.0015698400642772724,0.039932135274491964,20207,0.05334223822521633,0.05337455802742023,0.005452747776319154,0.10222195314146926
D116,116,F023,C018,104,0.000274538168724823,0.0002734643027512547,3.829042453319622e-05,0.02717817896389325,7257,0.019156956638808082,0.019149406099995988,0.0009323755609241406,0.048670338326879024
D117,117,F040,C013,428,0.0011298301559060024,0.0011211632754226937,0.00015503379416166786,0.025426759488842265,6480,0.017105839743623587,0.016994147015161647,0.0018707780972598246,0.10936487920490312
D118,118,F041,C011,14,3.6957061174495406e-05,3.701089125114171e-05,1.1205639539788695e-05,0.02259475218658892,11091,0.029277911820452036,0.029254917098126866,0.0020186372628369143,0.06894744663541197
D119,119,F042,C025,77947,0.20576371766917095,0.20601249549381967,0.011537404586403616,0.04786566120412012,5571,0.014706270557365278,0.014746122018210638,0.0008259604284927621,0.05616382653038435
D120,120,F049,C029,246,0.0006493883606375621,0.0006484696436162115,5.206851257310468e-05,0.03137962502074,16303,0.0430364977376999,0.04313762741189155,0.0038306821183670082,0.0890100802745233
D121,121,F010,C004,0,0.0,0.0,1.8990326623920742e-06,0.0,10334,0.027279590726945392,0.027138464615844186,0.0029524801158320466,0.10823036699431626
D122,122,F007,C007,2165,0.005715145531627325,0.005720037514010463,0.00040984087884106965,0.029928830654663712,9009,0.023781868865787793,0.023791921212707453,0.0010968075223305117,0.046119484070840246
D123,123,F024,C018,82,0.00021646278687918735,0.0002156477086297402,3.7361110677132014e-05,0.027563464410154306,7332,0.019354940895100023,0.01931119180223636,0.0013264203239920583,0.06853135492280735
D124,124,F053,C030,43460,0.1147252770459693,0.11419606937542934,0.0067959510145467516,0.04625365102322567,20143,0.05317329165984721,0.0528718233426555,0.005043887216076889,0.09485753201706872
D125,125,F055,C014,56,0.00014782824469798163,0.00014826280074895442,0.00010175313308065335,0.02396137026239067,7189,0.01897745091310339,0.01902605513361861,0.0013545295910448352,0.0713757394102688
D126,126,F015,C014,592,0.0015627557296643772,0.001554957350801413,0.00011927541317832773,0.030181329288472145,9365,0.024721634135653533,0.02462802411962108,0.0022562431589510283,0.09126593924052437
D127,127,F003,C003,674,0.0017792185165435644,0.0017708914484400313,0.00027030911726389314,0.024692666384061042,7749,0.020455733360083207,0.02038910435075408,0.0013291343029916071,0.06497612574405402
D128,128,F000,C000,10323,0.027250553036022574,0.02729200787160205,0.001871638106113312,0.027116484489756378,7849,0.02071971236847246,0.020765042182289084,0.0016162559026682663,0.0780057113692174
D129,129,F038,C000,0,0.0,0.0,3.353610871883876e-06,0.0,8928,0.0235680458689925,0.023501357212594953,0.0017873564007605642,0.07583812466658998
D130,130,F036,C024,3598,0.009497964721845319,0.009527049416083984,0.0007755595519942214,0.027747841771505712,8711,0.02299521142078782,0.023126382415764143,0.001156498390404208,0.05029300967238449
D131,131,F028,C021,55251,0.1458510419251461,0.1458354414392961,0.007328730688723388,0.03361071311295871,8898,0.023488852166475723,0.023449391553137064,0.0023355865159863064,0.0994338292664532
D132,132,F030,C012,14578,0.03848285984298529,0.038514850589691556,0.002321910871851552,0.03695497268738748,11171,0.02948909502716344,0.029491555701701134,0.001694752601008077,0.05747048525724444
D133,133,F043,C015,298,0.0007866574449999736,0.0007941904771552904,6.704528080416842e-05,0.027307903026982605,11837,0.031247195223035863,0.0313247962033796,0.002942595174410283,0.09417149774265056
D134,134,F039,C017,0,0.0,0.0,1.3198950419462645e-06,0.0,6304,0.0166412366888585,0.01659383242677041,0.001293334445889648,0.07771864976570823
D135,135,F002,C002,463,0.0012222228088422408,0.001223105782823831,7.224405107142615e-05,0.038788733636003,8881,0.023443975735049548,0.023401850071693667,0.0017339702387234057,0.07396229454934389
D136,136,F047,C008,1576,0.004160309172214625,0.004142919854048805,0.00026411369155679844,0.030929503781207915,3079,0.008127913668305096,0.008094689355278788,0.000607116262609189,0.0746952154495251
D137,137,F006,C006,39,0.00010295181327180863,0.00010295867235673947,9.818402914069662e-06,0.031004709576138146,9239,0.024389020585083073,0.024363995874546872,0.0022035092737696755,0.09034841174054345
D138,138,F022,C005,65001,0.17158899524309826,0.17215672814074204,0.009664123345646248,0.04656309840131188,3562,0.009402932278825188,0.009440520281009012,0.0005004013484546357,0.05321758506987317
D139,139,F051,C020,2790,0.007365014334060156,0.007373480052978928,0.00042099264511384014,0.03172225879599151,6160,0.016261106916777977,0.01627178252116762,0.0015102548650012485,0.09287528043020178
D140,140,F016,C015,6529,0.01723518945773432,0.017274980745168523,0.001076697646309288,0.03825475664304625,9962,0.026297588815737374,0.026308943915971342,0.0022243148332212136,0.08458246300855188
D141,141,F004,C004,62720,0.1655676340617394,0.16557535072999155,0.008614820255615722,0.041193936120366516,15204,0.04013536843550201,0.04004242670991767,0.004299487230885477,0.10712464837079548
D142,142,F019,C016,9782,0.025822426600636716,0.025830972362873603,0.0015442771990771293,0.02946060861474011,8597,0.02269427535122407,0.022712555275279663,0.0017510268738224629,0.07715720580291703
D143,143,F051,C020,24652,0.06507610514811862,0.06491084766773542,0.00355146044500827,0.03734039048038492,13502,0.03564244571271692,0.035524070642881635,0.002987970414947973,0.08383180096650579
D144,144,F046,C021,15243,0.040238320248773815,0.04034821032311461,0.002530535098379589,0.049817112438362475,11679,0.030830108389780845,0.030896279673992208,0.002219204770804304,0.07198173755172059
D145,145,F005,C005,13,3.431727109060288e-05,3.399846221136092e-05,1.307773556867166e-05,0.02197802197802198,9027,0.023829385087297858,0.023955478160531167,0.0016427195781117808,0.06893671708664546
D146,146,F056,C021,334,0.0008816898880201047,0.000879751047816397,8.65743400982713e-05,0.028993034339484296,11400,0.03009360695637483,0.0300315394798068,0.0029042527531237448,0.09650729995024832
D147,147,F011,C010,1483,0.00391480869441262,0.003918178606716844,0.00037297809588385613,0.027075563873560214,5747,0.015170873612130363,0.015142536278881078,0.0012120311949319782,0.07989198420075555
D148,148,F035,C010,23849,0.06295635371075292,0.06288622097691714,0.003597697176426653,0.033972459376639244,8040,0.02122391227449593,0.021198799090443286,0.0017053279667075185,0.08034936936470258
D149,149,F002,C002,3404,0.008985845445570169,0.008929329072454199,0.0006120272499604301,0.029123899853713518,8970,0.023678917052515985,0.023517055953760534,0.002225814725383152,0.09399985313714547
D150,150,F044,C026,989,0.002610752392969711,0.0026012503217811857,0.00024892143025766184,0.028626111718701636,8263,0.021812585463203967,0.021725836761793543,0.001736642212212658,0.07961652299963387
D151,151,F012,C011,657,0.0017343420851173915,0.0017278868321200602,0.00012672339234359595,0.02902028391265182,9804,0.025880501982482353,0.025971139513595077,0.001644027536702811,0.06352378859635714
D152,152,F057,C027,209,0.0005517161275335386,0.0005529646707129838,3.38458800041935e-05,0.029879894541548678,11672,0.0308116298591936,0.030879727267225293,0.001966613407849577,0.06382698405883834
D153,153,F058,C031,285,0.0007523401739093707,0.0007551696194343108,6.221015508928362e-05,0.02957393483709273,11638,0.03072187699634125,0.030815429033332422,0.0025471577608600824,0.08291022586814699
D154,154,F000,C000,22532,0.05947975017026646,0.05948202239790245,0.0035774947012948226,0.028531530666589377,5786,0.015273825425402171,0.01527865768799951,0.0014233335151499235,0.09318775588352293
D155,155,F037,C003,2513,0.006633792480821925,0.006618330299726441,0.0004202384193755851,0.027668369377197754,7888,0.020822664181744267,0.020739544578045787,0.0016332772368709044,0.07843747671361083
D156,156,F057,C027,124,0.0003273339704026736,0.0003264039391861382,2.259983551414114e-05,0.03295753785385122,10347,0.027313907998035996,0.027234155617275525,0.001847466750552013,0.06763831637292089
D157,157,F044,C026,50485,0.13326980238531433,0.13276953848100417,0.007020319703360862,0.03538017960477248,5635,0.0148752171227344,0.014802180063262494,0.0011581636233469028,0.07785860292263123
D158,158,F020,C013,31,8.18334926006684e-05,8.167700855044885e-05,1.942131276006646e-05,0.021724818959842,5994,0.015822901762851817,0.015780409938230783,0.0011628516451007297,0.07349168076305776
D159,159,F059,C024,6114,0.016139676572918923,0.01607111074052483,0.0009860289379176324,0.030628934596409713,4546,0.012000485721375437,0.011949013681967869,0.0009648323988826252,0.0803994455961105
D160,160,F017,C011,445,0.0011747065873321753,0.0011739371710253056,8.471571238614289e-05,0.03375372620958496,13964,0.036862028731475274,0.03687205877922611,0.0023165516454333943,0.0628438456903314
D161,161,F042,C025,41924,0.11067055947711038,0.11042300965573877,0.005468594525118465,0.04027100058609456,8650,0.022834184225670375,0.02273479011819938,0.001991617599130353,0.08722087811183378
D162,162,F051,C020,71,0.00018742509595636955,0.00018917960889736085,2.090282760306737e-05,0.029031330842196033,13691,0.03614136603857261,0.03645648113716856,0.0024886597085485842,0.06885903830786338
D163,163,F035,C010,139687,0.36874435744869566,0.36934881574642897,0.017627413778260433,0.039797101771117144,7956,0.02100216990744896,0.02100097705246511,0.001214469340582058,0.057825898273078685
D164,164,F001,C001,35598,0.09397124740640624,0.09450375376158902,0.005039184182033029,0.028983083204628557,4242,0.011197989535872107,0.011322222719326622,0.0007475535341574005,0.06675783467761388
D165,165,F025,C019,1140,0.003009360695637483,0.0029979536725699587,0.000286067047866721,0.025035803795202292,4014,0.010596117396744612,0.010532267142376052,0.0008192946715435545,0.07732027127174544
D166,166,F040,C013,2,5.279580167785058e-06,5.432280028119456e-06,1.7104762278283222e-06,0.025510204081632654,2259,0.005963285799513223,0.005988649105141378,0.00023578422975419793,0.03953931400930755
D167,167,F017,C011,36377,0.09602764388175852,0.09638466008139486,0.005063036571005343,0.04050187576473809,19045,0.050274802147733215,0.050461349071945744,0.005756952661664597,0.11450970298694982
D168,168,F028,C021,71914,0.18983786409304731,0.1892305492993162,0.009921273917440942,0.03999739200961693,10828,0.028583647028388302,0.02847951691345577,0.0026652964634975417,0.09324550015785112
D169,169,F008,C008,117,0.00030885543981542586,0.0003072465964155833,2.495679094618804e-05,0.027603349031920462,11477,0.030296870792834555,0.03016708565213773,0.002753105513479971,0.09087095272331233
D170,170,F031,C001,587,0.0015495567792449144,0.0015494113551837863,0.00030842445367928014,0.024701873935264053,6476,0.017095280583288016,0.017071003565894652,0.0012546814227396342,0.07339343841868172
D171,171,F033,C023,81136,0.21418200824670422,0.21494959581163645,0.012014182999514818,0.047959095637860744,7884,0.0208121050214087,0.020881422112570654,0.0013903135888309992,0.06680312190433554
D172,172,F042,C025,314,0.000828894086342254,0.0008328137090278053,9.697188063278678e-05,0.023446639802417783,12775,0.03372331832172706,0.03378658374355821,0.0020743492652423464,0.06151082895973191
D173,173,F059,C024,1090,0.0028773711914428565,0.0028651199630735625,0.0002338234471758071,0.02972757910503651,11996,0.031666921846374776,0.03154625628675933,0.0026008380685466543,0.08213106664310657
D174,174,F010,C004,5173,0.013655634103976052,0.013568247422317296,0.0009169903462337899,0.03019406099961732,4299,0.011348457570653982,0.011274129409464408,0.0006941165202894857,0.06116395254315478
D175,175,F025,C019,17243,0.04551790041655888,0.04596780959021055,0.0025313431973848625,0.032591752701776645,4638,0.01224334640909355,0.012447369543157685,0.000524811272442933,0.04286501867276564
D176,176,F015,C014,165,0.00043556536384226725,0.0004374121122119659,6.202159865471988e-05,0.026283240568954855,13421,0.03542862271592163,0.03551242299837314,0.0026170737610554384,0.0738689105145294
D177,177,F023,C018,6132,0.016187192794428987,0.016094334499269308,0.0013215785815405836,0.028493882876046702,7164,0.018911456161006077,0.01879984151912308,0.001391019018529774,0.07355430521516078
D178,178,F025,C019,46944,0.12392230569825087,0.12412331768211757,0.006649846714393353,0.027429446983292294,6705,0.017699792512499406,0.017924246387166335,0.0012984595640284846,0.07336015736407793
D179,179,F060,C031,41413,0.1093216267442413,0.10884755992688042,0.0060777530236101746,0.042925124073728206,8986,0.023721153693858264,0.023608093748234023,0.0014734435603800248,0.0621151727861162
D180,180,F052,C026,57505,0.15180112877423987,0.1513140775545202,0.009213769770007482,0.051888389474562105,4154,0.010965688008489564,0.010935996510146517,0.0006984536984757713,0.06369447114809694
D181,181,F045,C027,73954,0.19522303586418807,0.1942492676454566,0.010022111204982287,0.041625020075910395,3610,0.00952964220285203,0.009470235726303693,0.000603148214062845,0.0632918005969138
D182,182,F009,C009,11011,0.029066728613740635,0.028943532375115193,0.0016246022402012878,0.039100973238264516,8511,0.02246725340400931,0.022377729474770725,0.0018205496687555254,0.08103125184098585
D183,183,F023,C018,2200,0.005807538184563563,0.005782830909232623,0.0003419470940813644,0.02959879406307978,8651,0.022836824015754268,0.022737969838931386,0.0013510464062042303,0.059160871287189234
D184,184,F005,C005,947,0.002499881209446225,0.0025013248657868234,0.00015603044960150482,0.03322522250716548,10912,0.028805389395435275,0.028837427906045477,0.001643129775024002,0.057042442734149774
D185,185,F058,C031,296,0.0007813778648321886,0.0007839005104588084,7.656738074963789e-05,0.02640650854936569,10789,0.028480695215116494,0.028437639915286344,0.002877580756089025,0.10103618378534918
D186,186,F053,C030,142108,0.3751352892417995,0.3741769744811704,0.018837393887172788,0.04299776599918544,7671,0.02024982973353959,0.02019071013214291,0.001836577943652285,0.09069596968563047
D187,187,F049,C029,1,2.639790083892529e-06,2.625498844780508e-06,2.8552831519653884e-06,0.02040816326530612,8865,0.02340173909370727,0.023602057735697284,0.0017586010279525377,0.07514830504308229
D188,188,F010,C004,2325,0.006137511945050129,0.0061617898567163315,0.0004296123678367545,0.02806012727671714,6662,0.017586281538892027,0.017661917943618863,0.0012462002350716594,0.07086206554328668
D189,189,F028,C021,53,0.00013990887444630403,0.00014012543697407127,2.695010182586199e-05,0.029072006160954948,8347,0.022034327830250937,0.022006175114742937,0.0014370904271590761,0.06522052491141091
D190,190,F015,C014,4992,0.013177832098791505,0.013168098593947805,0.0008541606485737968,0.032005290096807956,13302,0.03511448769593842,0.035081532714173976,0.0029171149724980237,0.08307439931226554
D191,191,F043,C015,3772,0.009957288196442619,0.009912298499202244,0.000519230547521555,0.02674107819161599,14031,0.037038894667096076,0.0369013400183107,0.005012531874055966,0.1353315729075713
D192,192,F058,C031,2935,0.007747783896224572,0.0077562757318057046,0.0006023031252636423,0.026760073705802592,5386,0.014217909391845161,0.014210100344957191,0.001055381891175599,0.07422904887696956
D193,193,F052,C026,148,0.0003906889324160943,0.0003898236963679029,3.318593248322036e-05,0.029715940430226146,12760,0.03368372147046867,0.03385879941479904,0.001961496122095781,0.05823276159718493
D194,194,F055,C014,260,0.0006863454218120575,0.0007054673681574902,0.00016495994360977395,0.02423469387755102,9344,0.02466619854389179,0.024985048839378212,0.00184901439437867,0.0749614656303231
D195,195,F030,C012,2306,0.006087355933456172,0.006129853885046386,0.0005385979870146032,0.02720498433545144,11306,0.02984546668848893,0.030029291331386022,0.0020885652971494024,0.06997931441142245
D196,196,F002,C002,174,0.0004593234745973,0.00045976263369413873,8.854071434443615e-05,0.024894440534834625,5589,0.014753786778875344,0.014729288247960855,0.0009971368353760802,0.06758514612694506
D197,197,F009,C009,463,0.0012222228088422408,0.0012176068258062875,7.236526592221712e-05,0.03149380702605016,3527,0.00931053962588895,0.009264333539708937,0.0007416161167261429,0.07965339781853246
D198,198,F013,C012,92,0.00024286068771811264,0.00024291587845712932,3.582572256711289e-05,0.0285603371783496,9116,0.024064326404764292,0.023976424245913,0.0021710934231500795,0.0902204111859222
D199,199,F037,C003,1757,0.004638111177399173,0.004640511200230247,0.0003008417913464664,0.03385583032302278,11165,0.029473256286660084,0.029599262321597597,0.001604783915869944,0.054448816250964656
D200,200,F018,C013,0,0.0,0.0,0.0,0.0,9148,0.024148799687448853,0.024133230257719455,0.0020347717109361744,0.0842597452987997
D201,201,F037,C003,564,0.0014888416073153862,0.0014780808588377155,0.0004767514764776925,0.022841583441887393,5885,0.015535164643707532,0.015433869044827336,0.0016531387925950876,0.10641269857829837
D202,202,F003,C003,1018,0.0026873063054025943,0.002678667916980758,0.00041287125011084424,0.026116635259211738,5334,0.01408064030748275,0.014038186081161665,0.0013496684311784482,0.09585277385867219
D203,203,F050,C030,4831,0.012752825895284807,0.012987279721683927,0.0007853914232250456,0.029397724728475533,8192,0.021625160367247598,0.021867555298089807,0.0017573938817444295,0.0812661664422194
D204,204,F011,C010,38,0.0001003120231879161,0.0001003523081804563,1.7023952377755902e-05,0.025107411385606876,10845,0.028628523459814474,0.028562731188666757,0.0026960982194421212,0.09417524530130249
D205,205,F011,C010,0,0.0,0.0,3.2323960210928923e-07,0.0,6429,0.01697121044934507,0.017111252642201435,0.0014743034425982848,0.08687084795741128
D206,206,F053,C030,70,0.00018478530587247703,0.00018479425525831512,1.7953266233820108e-05,0.027551020408163266,11223,0.02962636411152585,0.029609672564449057,0.0025892144253452957,0.0873956188345767
D207,207,F011,C010,3815,0.010070799170049998,0.010079878932959257,0.0005985454648891218,0.037737716318506434,9732,0.02569043709644209,0.02567030694531614,0.0019368213235050218,0.07539075011585751
D208,208,F046,C021,1534,0.004049437988691139,0.004058355240904743,0.0004370738153187773,0.027748583135992336,7183,0.018961612172600034,0.01899473697506174,0.0013978230350684395,0.07371857531651903
D209,209,F040,C013,2820,0.0074442080365769315,0.0074271736602502594,0.0005857775006058049,0.031989072224634534,6154,0.016245268176274624,0.01619480490911084,0.0012896819852240182,0.07938816221621581
D210,210,F045,C027,3629,0.009579798214445987,0.009611838568162874,0.000608767917305828,0.032032212168416556,14023,0.03701777634642493,0.03715759940414833,0.003794428163160112,0.10250286585694839
D211,211,F051,C020,188,0.0004962805357717954,0.0004942674497672657,3.641832850431325e-05,0.028495440729483283,12958,0.03420639990707939,0.03416498206010861,0.0028229490432238576,0.08252692627380578
D212,212,F019,C016,35570,0.09389733328405725,0.09364085548821008,0.004397445825312053,0.031354816315055684,3636,0.009598276745033234,0.009574795931851024,0.0005784939314351725,0.06027060344290681
D213,213,F011,C010,26896,0.07099979409637346,0.07093505425439364,0.0038226719394947183,0.04046406263278661,13689,0.036136086458404826,0.0361246850480656,0.0030965243811700736,0.08569064015093031
D214,214,F011,C010,127,0.0003352533406543512,0.0003400272888321939,3.9219738389260426e-05,0.026394022175799454,12278,0.03241134265003247,0.032633986353250724,0.002700414312511181,0.08331695300837762
D215,215,F047,C008,3143,0.008296860233674219,0.008299170312250017,0.0005863566382262507,0.03375008928165603,6351,0.01676530682280145,0.016768401781467185,0.0011106788874816688,0.06624864663801462
D216,216,F034,C018,24880,0.06567797728724611,0.06552171891208604,0.00342410404177721,0.04145982347923092,16256,0.04291242760375695,0.042791891732835076,0.0037380908272853204,0.08710974969307152
D217,217,F031,C001,2479,0.006544039617969579,0.006529104659659002,0.0007147501018474113,0.025549308065299536,4166,0.010997365489496275,0.010962457744706416,0.0005625314924628116,0.051151477415213004
D218,218,F049,C029,889,0.002346773384580458,0.0023450177915053886,0.00027778403306267044,0.0268187139872822,7656,0.0202102328822812,0.02017124988488673,0.001228076420077591,0.06076508010723
D219,219,F046,C021,353,0.0009318458996140627,0.0009299155279670558,8.665514999879862e-05,0.027996184309417818,12080,0.03188866421342175,0.031736692077412684,0.002277372662042498,0.07141637062000124
D220,220,F011,C010,7,1.8478530587247703e-05,1.8425018926935503e-05,2.114525730464934e-06,0.027696793002915453,10438,0.027554128895670216,0.02761030350266289,0.001718271302862444,0.06235984847746171
D221,221,F020,C013,23381,0.06172093195149122,0.06151989107609453,0.0035621273518778767,0.041165685725981935,15253,0.040264718149612744,0.04012069609582408,0.0033282732597139887,0.08265979280786297
D222,222,F054,C023,34,8.975286285234599e-05,8.939786724415308e-05,1.9057668207693513e-05,0.024459783913565427,5957,0.015725229529747795,0.015679002074249902,0.0011420156590851425,0.07262314721224031
D223,223,F030,C012,8319,0.021960413707901947,0.0221127665785885,0.001277927766939075,0.032490168804629675,10408,0.02747493519315344,0.027688827415461994,0.002093254458504676,0.07618778511354962
D224,224,F027,C020,3870,0.010215987624664087,0.010188800158365601,0.0005660329482436292,0.030550282128355217,9853,0.026009851696593086,0.02593161981183014,0.002185445453632883,0.08402375681054516
D225,225,F048,C028,0,0.0,0.0,1.2121485079098346e-07,0.0,8507,0.022456694243673744,0.022357288561625024,0.0018869361012968488,0.08402555072541079
D226,226,F014,C013,23,6.071517192952816e-05,6.129013686994225e-05,2.2680645414668463e-05,0.022626441881100266,7121,0.018797945187398697,0.018836073526009477,0.0016816306087149386,0.08945821428622043
D227,227,F060,C031,0,0.0,0.0,1.3468316754553718e-08,0.0,11167,0.02947853586682787,0.02947894644187403,0.002615836864055021,0.08873700091050371
D228,228,F007,C007,395,0.001042717083137549,0.0010472551460749214,8.339581734419662e-05,0.031051407904934127,5686,0.01500984641701292,0.015077245525372296,0.0007940166217015283,0.05289971660213323
D229,229,F025,C019,2,5.279580167785058e-06,5.248104122385788e-06,3.1919910708292314e-06,0.02806122448979592,9595,0.025328785854948816,0.02523574834346023,0.0017614788589118593,0.06954454386402009
D230,230,F006,C006,0,0.0,0.0,1.2121485079098346e-07,0.0,7556,0.01994625387389195,0.020043408741452457,0.001768507404921873,0.0886636365957774
D231,231,F001,C001,168,0.0004434847340939448,0.0004440235504872581,5.383286206795121e-05,0.026056851311953354,9816,0.025912179463489064,0.025932294477471397,0.0015361356625969993,0.05928237973040648
D232,232,F054,C023,336,0.0008869694681878896,0.0008806734156069831,0.0001200700438668464,0.026269436345966957,7683,0.020281507214546298,0.020128993027774066,0.0016356125864463987,0.0806455146131006
D233,233,F046,C021,14026,0.03702569571667661,0.036893771208690515,0.002158782619320397,0.0375992689960627,9774,0.025801308279965577,0.0257067012129093,0.0023624943384177805,0.09156490487934793
D234,234,F046,C021,85,0.00022438215713086495,0.00022277270692695346,3.907158690496034e-05,0.023349339735894356,14218,0.03753253541278397,0.0373771915119306,0.002800467616196645,0.07461440015701087
D235,235,F014,C013,2187,0.00577322091347296,0.0057506521549451845,0.00036458733454576916,0.04500620550003266,17155,0.04528559888917633,0.04511587281587317,0.003610558577773985,0.07972862601662405
D236,236,F029,C022,64227,0.16954579771816544,0.1691614867413955,0.008159119758225397,0.040323972084980474,2427,0.006406770533607167,0.006376756400093184,0.0005289782018322366,0.08256549833608745
D237,237,F021,C017,519,0.0013700510535402226,0.0013681918839284584,0.00010497206078499169,0.025254610514726123,8865,0.02340173909370727,0.02339017226299191,0.0024108172033147773,0.10301871983364888
D238,238,F031,C001,0,0.0,0.0,1.1448069241370662e-06,0.0,10317,0.02723471429551922,0.027245405840628227,0.001995621290942976,0.0732749119116445
D239,239,F036,C024,0,0.0,0.0,6.060742539549173e-07,0.0,6681,0.017636437550485985,0.017734291257560528,0.001285168286735214,0.07287006137471341
D240,240,F009,C009,850,0.0022438215713086497,0.0022488562074522885,0.0001519091446746114,0.037436974789915964,13139,0.034684201912263936,0.03474122426592211,0.0023236799452778117,0.06699534131290434
D241,241,F008,C008,107,0.0002824575389765006,0.00028084115825448747,3.6593416622122455e-05,0.02608239557505245,6603,0.01743053392394237,0.0174434926970696,0.0009926590402885632,0.05694943394275828
D242,242,F011,C010,2,5.279580167785058e-06,5.215667866270276e-06,2.3165504817832397e-06,0.03571428571428571,8347,0.022034327830250937,0.021893892792998946,0.001840116849618558,0.08351136752591386
D243,243,F059,C024,0,0.0,0.0,9.023772225550991e-07,0.0,5295,0.01397768849421094,0.013968449482249371,0.001059833078801889,0.07582320061295071
D244,244,F049,C029,4,1.0559160335570116e-05,1.0483496520567372e-05,3.8115336415387026e-06,0.021683673469387755,11835,0.03124191564286808,0.031223001750699756,0.0023900531237274016,0.07650149085121816
D245,245,F022,C005,98136,0.2590584396728772,0.25926417226136783,0.013708389500703638,0.04520611130243244,4929,0.013011525323506275,0.01311084260449435,0.001019122673095609,0.07832461204640545
D246,246,F029,C022,2983,0.007874493820251413,0.007905884884550463,0.0005166446307046807,0.030328323082501524,7323,0.01933118278434499,0.01940348685658626,0.001575456044207792,0.08149817120779836
D247,247,F049,C029,327,0.000863211357432857,0.0008821913707178339,0.0001073828894840568,0.02600948636335268,5972,0.015764826381006184,0.016008809933933048,0.0010420340087798033,0.06609866696884588
D248,248,F051,C020,286,0.0007549799639932633,0.0007587733329560546,7.470875303750948e-05,0.029095904095904096,6194,0.016350859779630324,0.016433972216822156,0.0008740694067566217,0.05345709146411526
D249,249,F000,C000,3,7.919370251677587e-06,7.895660108270362e-06,4.107836610138884e-06,0.025510204081632654,6793,0.017932094039881948,0.017893172193786784,0.0015191164115469424,0.08471494785652725
D250,250,F044,C026,16958,0.04476556024264951,0.04471868868314077,0.002210999283377802,0.03163397685999745,8209,0.02167003679867377,0.02163761077090433,0.0015461071330113902,0.07134769300927139
D251,251,F021,C017,4207,0.011105596882935869,0.011104751426958973,0.0008671979791922049,0.02582309367768976,9074,0.023953455221240805,0.023915117843144828,0.0021971959305298974,0.09172772404799147
D252,252,F040,C013,26000,0.06863454218120575,0.06853801572321906,0.003666291313657595,0.03139423076923077,11014,0.029074647983992313,0.029048255670195373,0.0022797213923075235,0.07840925171519443
D253,253,F013,C012,0,0.0,0.0,2.424297015819669e-07,0.0,10720,0.02829854969932791,0.02820446067091323,0.0020014236501265316,0.07072530823634632
D254,254,F002,C002,14,3.6957061174495406e-05,3.676431031207096e-05,4.1751781939116525e-06,0.026603498542274052,10724,0.02830910885966348,0.028500442981981587,0.0017563887370617755,0.062043236534527015
D255,255,F042,C025,95,0.00025078005796979024,0.0002530571109531283,3.121955823705552e-05,0.024919441460794844,12806,0.03380515181432772,0.03396064797702267,0.0031637473165315806,0.09358772692127598
D256,256,F015,C014,2281,0.006021361181358859,0.006055938066869086,0.00046838765177311466,0.027847614275872557,6877,0.01815383640692892,0.018308562196062663,0.0014969264064259016,0.0824578547956154
D257,257,F014,C013,188,0.0004962805357717954,0.0004955222044851814,8.36651836792877e-05,0.024153278332609638,12291,0.032445659921123075,0.03236067481927012,0.003386702166217958,0.10438074535858388
D258,258,F028,C021,0,0.0,0.0,1.7508811780919835e-07,0.0,12911,0.03408232977313644,0.03393982880598598,0.0029169429520374576,0.08558519829640815
D259,259,F057,C027,8,2.1118320671140232e-05,2.1037449221922636e-05,4.1751781939116525e-06,0.022321428571428572,13898,0.036687802585938366,0.036752581728103625,0.002147098112049931,0.0585234863009448
D260,260,F056,C021,38,0.0001003120231879161,0.00010006214981719937,6.497116002396714e-05,0.021482277121374866,14212,0.03751669667228062,0.037422721695055235,0.0037420979268488856,0.09974486718639468
D261,261,F013,C012,620,0.001636669852013368,0.001633894091995217,0.00022470539673297426,0.024588545095457538,8479,0.022382780121324754,0.022360889357400705,0.002025967365647578,0.09051455425402571
D262,262,F010,C004,30,7.919370251677587e-05,7.99286336987519e-05,6.074210856303727e-06,0.02891156462585034,12403,0.032741316410519035,0.03285247712274045,0.0026821505934728047,0.08191944880417487
D263,263,F037,C003,766,0.002022079204261677,0.002013849491076511,0.00017558644552911684,0.024151436031331592,14678,0.03874683885137454,0.038709149072934976,0.0034724953987000902,0.0896200955133377
D264,264,F003,C003,406,0.0010717547740603667,0.001074924195345073,6.526746299256732e-05,0.04381974464662712,13438,0.035473499147347806,0.03560098471426316,0.0022928582157438868,0.06463580618928916
D265,265,F009,C009,5015,0.013238547270721032,0.013215332635626976,0.0007115581107765821,0.04129957067572792,22390,0.05910489997835372,0.05906078956559499,0.0056462882375842285,0.09552995165632792
D266,266,F013,C012,42826,0.11305165013278144,0.11367286915400354,0.005459153235073523,0.0337638207573694,5814,0.015347739547751163,0.015562278228103412,0.0011385744379800683,0.07418515504759778
D267,267,F027,C020,48755,0.12870296554018024,0.12890385176904032,0.006498408960805151,0.03964868072139121,6127,0.016173993844009523,0.016210949144377297,0.0010665319458951653,0.06594116185410719
D268,268,F029,C022,1540,0.004065276729194494,0.004055283853725842,0.00025371615102228297,0.030496289424860854,9524,0.025141360758992443,0.02508845261037851,0.0019176749398174143,0.07627570194789514
D269,269,F007,C007,64582,0.1704829231979473,0.1705432636716915,0.008697461847221664,0.040713783268099595,9182,0.0242385525503012,0.02429888307096362,0.0020816579105264825,0.08588210480830115
D270,270,F012,C011,37907,0.1000665227101141,0.09992107014392686,0.0053282007912689965,0.03964011277869631,2775,0.007325417482801767,0.007312612926360451,0.0004894762589177289,0.06681888917142206
D271,271,F036,C024,173,0.0004566836845134075,0.0004575246448092961,3.606815226869486e-05,0.031791907514450865,10618,0.028029291110770873,0.028216224512568767,0.0015684349819176733,0.055956997831991824
D272,272,F036,C024,2316,0.006113753834295097,0.00611281715050682,0.0004457474113087099,0.028457756159458603,6533,0.017245748618069892,0.017249136076498642,0.0011947914376718282,0.06928034637011582
D273,273,F061,C014,0,0.0,0.0,0.0,0.0,9612,0.025373662286374988,0.025297874096675697,0.0014489729145184724,0.05710539133708476
D274,274,F009,C009,2925,0.007721385995385647,0.007716837416552223,0.0004569665191652531,0.03497645211930926,14626,0.038609569767012124,0.03857990470365653,0.002972507750081266,0.07698888560579004
D275,275,F041,C011,0,0.0,0.0,1.481514843000909e-07,0.0,12930,0.034132485784730396,0.034043034802259876,0.0024046140894813726,0.07044942769908388
D276,276,F008,C008,121,0.00031941460015099597,0.0003182136220501857,3.534086316394896e-05,0.02593186034744476,8012,0.02114999815214694,0.021072959900511848,0.0020003577383434757,0.09457957035993494
D277,277,F017,C011,8,2.1118320671140232e-05,2.1053635694387758e-05,7.93283856843214e-06,0.02295918367346939,7404,0.019545005781140285,0.019507277380184266,0.0016208810655152035,0.08293070279259028
D278,278,F045,C027,21923,0.05787211800917591,0.05834647322322479,0.003082803426900064,0.038792778435097985,10058,0.026551008663791054,0.02682752241817883,0.0014978143991672109,0.056412711778059704
D279,279,F031,C001,13369,0.03529135363155922,0.03559661486391605,0.0024600015235359913,0.02833848027953795,7551,0.019933054923472485,0.020121383832852696,0.001394405870957385,0.0699544488444358
D280,280,F040,C013,13,3.431727109060288e-05,3.417292058770463e-05,5.7644395709489916e-06,0.02708006279434851,10305,0.02720303681451251,0.02740399665382531,0.001861047431660515,0.06841322328644085
D281,281,F052,C026,2554,0.006742023874261519,0.006700771131069667,0.00039860830266777187,0.033398989979703704,8584,0.022659958080133467,0.022529735901192564,0.0018112786302516984,0.07993300887170175
D282,282,F012,C011,1827,0.00482289648327165,0.004844311710978191,0.0003538396177756353,0.029514761569652492,2865,0.007562998590352095,0.007618316699856282,0.00042758230237459734,0.05653608119404545
D283,283,F052,C026,24,6.33549620134207e-05,6.347875438126457e-05,2.9697638443790948e-05,0.022108843537414966,6498,0.017153355965133652,0.01715199285534947,0.0011290401699905405,0.06582036613042115
D284,284,F052,C026,47457,0.12527651801128775,0.12484933488392422,0.007341619867857496,0.05038599926980085,5654,0.014925373134328358,0.014865264302743137,0.0010249923433700602,0.06867448700579404
D285,285,F001,C001,839,0.0022147838803858316,0.0022234277327222644,0.00016455589410713733,0.0377028046021746,12929,0.0341298459946465,0.03432145000411794,0.002390106083745605,0.07002979398502146
D286,286,F021,C017,185,0.0004883611655201179,0.0004893295305779826,6.121349964944665e-05,0.025041367898510757,10416,0.02749605351382458,0.027545443480743552,0.002153961383969583,0.07833711055612418
D287,287,F051,C020,912,0.0024074885565099863,0.0023957752998814115,0.00018236100885665735,0.029297574292875044,7878,0.02079626628090534,0.020697891431093136,0.0019145556327752366,0.09206246962384483
D288,288,F014,C013,430,0.0011351097360737875,0.0011277939625773466,0.00011034591917005862,0.025237304224015187,10959,0.028929459529378223,0.028791462922306218,0.0024945059439809548,0.08622718794479217
D289,289,F041,C011,28401,0.07497267817263172,0.07530926193904539,0.003929960550761493,0.03206555676036127,5388,0.014223188972012945,0.014275166422598254,0.0007477330561287686,0.05257140698897325
D290,290,F017,C011,1436,0.0037907385604696716,0.0038001806121146,0.000382096146326689,0.02592234665453925,7698,0.020321104065804688,0.020361017818792067,0.0015205320735871158,0.0748252687778805
D291,291,F001,C001,0,0.0,0.0,1.2121485079098346e-07,0.0,10819,0.02855988891763327,0.028545058673750585,0.002190140891981057,0.07668590372663646
D292,292,F062,C005,16553,0.04369644525867303,0.04391101577784751,0.0027556041396649363,0.0449437613503687,10231,0.02700769234830446,0.027139888307309488,0.0013868660550553297,0.051350779517539816
D293,293,F056,C021,42781,0.11293285957900628,0.11278656811382616,0.005740452498809131,0.03149774671094215,7347,0.01939453774635841,0.019351592545432353,0.001636098555422838,0.0843587290823695
D294,294,F019,C016,10540,0.027823387484227254,0.02770376476222606,0.0015599139148291662,0.035890001161755024,13591,0.03587738703018336,0.03571442558991163,0.0036741588648130804,0.10240876409762059
D295,295,F022,C005,15735,0.04153709697004894,0.0415432828170745,0.0021941773557513644,0.033077825982633285,4393,0.01159659783853988,0.0115911256890937,0.0008072754652948683,0.06961312934488309
D296,296,F016,C015,0,0.0,0.0,1.346831675455372e-07,0.0,3426,0.009043920827415805,0.00901898586151058,0.0005690915691564253,0.06292531524947423
D297,297,F008,C008,1,2.639790083892529e-06,2.6373394519608617e-06,8.350356387823306e-07,0.02040816326530612,10690,0.028219355996811135,0.028173517479609174,0.002817989651136701,0.09986016872444367
D298,298,F045,C027,9346,0.024671478124059575,0.02486975444693585,0.001340218731928886,0.03626947247976871,9931,0.026215755323136705,0.0264514539483167,0.0013836203461080829,0.052778198798909645
D299,299,F039,C017,609,0.00160763216109055,0.001609304043048418,0.00019568117412691098,0.026247444790724172,8735,0.02305856638280124,0.023022907781813585,0.0019374586926698678,0.0840233803136593
D300,300,F042,C025,5904,0.01558532065530149,0.015556133812137973,0.0008553054554979339,0.03177973425142415,9369,0.024732193295989104,0.0247152582839697,0.0017025221013376585,0.06883829836530357
D301,301,F046,C021,430,0.0011351097360737875,0.0011299644697161635,7.958428370265793e-05,0.029769814902705267,16353,0.043168487241894524,0.04315109733606313,0.003769031880379695,0.08730979752104662
D302,302,F035,C010,1,2.639790083892529e-06,2.612944527187688e-06,1.4141732592281405e-06,0.02040816326530612,13132,0.034665723381676686,0.034582452197107504,0.0029443207041578274,0.08493463908830794
D303,303,F059,C024,4703,0.012414932764546563,0.01237703356832738,0.0007567712501216189,0.031305462861308676,8813,0.023264470009344857,0.02320934455704051,0.0017402639571852643,0.07480350751537586
D304,304,F001,C001,137,0.00036165124149327644,0.00036167265897462145,0.00010607646275886509,0.023834351258751676,7290,0.019244069711576536,0.019249824405506242,0.00167387564596448,0.08698137509642968
D305,305,F034,C018,8214,0.02168323574909323,0.02162079191717783,0.0013047701222309005,0.038839239128814415,14809,0.03909265135236446,0.03894245381867137,0.00390596532109958,0.0999155899121008
D306,306,F051,C020,1290,0.0034053292082213624,0.003390739886616999,0.00025958833712726837,0.028539788008226548,8829,0.023306706650687136,0.02320938302317975,0.002759283862636337,0.11839012280849155
D307,307,F010,C004,533,0.001407008114714718,0.0013951615797448424,0.0001305214576683801,0.027089635103572384,16448,0.04341926729986431,0.0432653216280097,0.004710802786956049,0.1084956766870815
D308,308,F025,C019,4212,0.011118795833355332,0.01123516941514401,0.0009114144630974046,0.02621155299726728,10890,0.02874731401358964,0.02908362958125832,0.00246623380006143,0.08579006020860153
D309,309,F044,C026,1,2.639790083892529e-06,2.6102845210127905e-06,4.175178193911653e-07,0.025510204081632654,9361,0.02471107497531796,0.024644389757811587,0.0021355767441743486,0.08642184713969003
D310,310,F012,C011,364,0.0009608835905368805,0.0009583220122529176,0.00010707311819870207,0.02782294236375869,8578,0.022644119339630113,0.022632670587776852,0.0015527670631515231,0.06857264086371342
D311,311,F003,C003,721,0.0019032886504865133,0.001915798447571406,0.00011439988251317929,0.03454668968835801,17260,0.04556277684798505,0.045922626119503616,0.0027638777006142533,0.060660870381882406
D312,312,F044,C026,391,0.0010321579228019788,0.001035286399363144,9.403578758029406e-05,0.029463959496842215,10767,0.028422619833270858,0.02855336176809869,0.0018690075347869012,0.06575775019159509
D313,313,F001,C001,3760,0.009925610715435908,0.009957205485547195,0.0007357202710342514,0.028236267911419886,10552,0.027855064965233964,0.027969524751079153,0.002019204250018141,0.07248966220464102
D314,314,F040,C013,67,0.00017686593562079943,0.0001793296796728933,2.0081260281039593e-05,0.026576302162656107,10844,0.02862588366973058,0.02895976648439859,0.0025616555669495025,0.08948738828482816
D315,315,F010,C004,12489,0.032968338357733794,0.032981218858860246,0.0019699702867383086,0.0389228235132631,12222,0.03226351440533449,0.03228133581748313,0.0023887455291904734,0.0740386028372506
D316,316,F053,C030,14478,0.038218880834596035,0.03856575782176342,0.001989916863851803,0.03250604012844259,3292,0.008690188956174206,0.00867418845218232,0.0004553365130866359,0.052396618230392836
D317,317,F016,C015,14028,0.0370309752968444,0.037056702685764296,0.001973350834243702,0.031552056237379465,3906,0.010311020067684218,0.010285150219395458,0.0006208918883068021,0.060216339821967786
D318,318,F044,C026,12827,0.033860587406089465,0.034319298999726425,0.0020891379533826,0.032079176100158625,8782,0.02318263651674419,0.02348230596870243,0.000999057401749303,0.043095072513763086
D319,319,F007,C007,31919,0.08425945968776563,0.08391814539728501,0.004311167788182382,0.03574609454671934,6969,0.018396697094647033,0.018301298762839903,0.0016762077137820399,0.09111460090679938
D320,320,F008,C008,8,2.1118320671140232e-05,2.0977505403276856e-05,1.6566029608101075e-06,0.025510204081632654,6952,0.01835182066322086,0.018277537230041708,0.001289752179850567,0.0702792493191358
D321,321,F021,C017,959,0.002531558690452935,0.0025401123914921557,0.00020982290671919237,0.02843097614436807,10571,0.027905220976827922,0.028018658051245433,0.0017620331048682236,0.06314349226373765
D322,322,F036,C024,2410,0.0063618941021809945,0.006375336515125791,0.0006114750489734933,0.026909560504699805,7316,0.01931270425375774,0.01935616248618267,0.0013038923359596207,0.06751474670906937
D323,323,F014,C013,2,5.279580167785058e-06,5.265102560518025e-06,1.2390851414189422e-06,0.02040816326530612,10261,0.027086886050821237,0.02709390548097478,0.0023669591552777235,0.08738395217659065
D324,324,F015,C014,1344,0.0035478778727515586,0.003562736334600125,0.00041195540457153457,0.024470055879494655,10226,0.026994493397885,0.027110103965584102,0.0020232161714596034,0.0749492180363763
D325,325,F060,C031,41741,0.11018747789175805,0.11039783467766566,0.0062657841938204995,0.04065608179497572,11002,0.029042970502985602,0.02913399178028486,0.0020105097644875078,0.06922534884235855
D326,326,F014,C013,1754,0.004630191807147496,0.004710675059654527,0.00033179198324843087,0.03151106508738045,10688,0.02821407641664335,0.028569433488522252,0.002082541538316145,0.07381214637554691
D327,327,F006,C006,111,0.0002930166993120707,0.00029228731268691967,3.9704597792424365e-05,0.02587791873506159,12163,0.03210776679038483,0.03210149320846367,0.0027199641682538753,0.08471358926988379
D328,328,F055,C014,2810,0.007417810135738006,0.007406599827406049,0.0006925139108856431,0.028565981552763454,8996,0.02374755159469719,0.023701809061439674,0.002532067970102651,0.10662438020212828
D329,329,F036,C024,172359,0.4549915790696324,0.456298818116668,0.02850337586053116,0.0580313444020673,16412,0.04332423485684418,0.04379059127825515,0.003653994543530534,0.08434065957781806
D330,330,F054,C023,6,1.5838740503355174e-05,1.6189609133074784e-05,2.235740581255917e-06,0.025510204081632654,8851,0.023364782032532772,0.023500719863343837,0.0017953964601197636,0.0768419948287932
D331,331,F057,C027,1857,0.004902090185788426,0.004878687187384018,0.00030659276260066085,0.030848526809754598,12406,0.032749235780770714,0.032628922032587125,0.0038286508996080754,0.1169080990236766
D332,332,F042,C025,6278,0.016572602146677298,0.01664266840807923,0.0010651418305338807,0.03699345300401142,9379,0.02475859119682803,0.024855377486677783,0.001451725682214016,0.05863522971371672
D333,333,F032,C012,7219,0.019056644615620167,0.019016693636749456,0.0018668164487151819,0.025296765055932334,9720,0.02565875961543538,0.025589556399521478,0.002476370086840306,0.09651168349348468
D334,334,F015,C014,708,0.0018689713793959104,0.0018767707423352526,0.00016434040103906447,0.02645422575809985,3902,0.010300460907348648,0.010282444938051773,0.0008846060927992876,0.08588024368581254
D335,335,F029,C022,105874,0.2794851353420376,0.279573496671726,0.014705637546477815,0.04476672887641182,6277,0.016569962356593405,0.016533111505494788,0.0015474339903274385,0.09338790016693638
D336,336,F058,C031,252965,0.6677744985718735,0.6676099443921546,0.04134400171273891,0.058977687886966695,3604,0.009513803462348674,0.009475462961215105,0.0008013980288918462,0.08423529370387109
D337,337,F021,C017,124805,0.32945900142020706,0.3287855792776741,0.016752956376337527,0.04212158722709468,10332,0.02727431114677761,0.027164167308457828,0.00238197021864228,0.08733383607100573
D338,338,F052,C026,17,4.4876431426172994e-05,4.478309588139219e-05,6.572538576222214e-06,0.022809123649459785,12130,0.03202065371761637,0.032126258999584746,0.0017888775721306197,0.055866366374227296
D339,339,F027,C020,1549,0.0040890348399495275,0.004071312783835717,0.0003088419714986713,0.027410706051303673,4902,0.012940250991241176,0.012877991700418564,0.0007493295509710935,0.05790687920027901
D340,340,F014,C013,23,6.071517192952816e-05,6.016254140896554e-05,1.2188826662871115e-05,0.023070097604259095,7966,0.021028567808287886,0.02107770359521831,0.0015702001371939482,0.07466985633586957
D341,341,F005,C005,5982,0.01579122428184511,0.015909226308236265,0.0009878067557292335,0.030591775325977934,7069,0.018660676103036285,0.01876853672921942,0.001069969627591914,0.057338202629100825
D342,342,F046,C021,66557,0.17569650861363503,0.17534352811531928,0.008756143303321254,0.03832168713451996,5763,0.015213110253472644,0.015170135251291161,0.001462646890602459,0.09614384345032835
D343,343,F021,C017,3931,0.010377014819781531,0.010349045347799611,0.0006695908357693927,0.03240723916124578,11957,0.03156397003310297,0.0314911731281222,0.0020611778775143303,0.06530160418200415
D344,344,F027,C020,8532,0.022522688995771055,0.022471778313123632,0.0012896856074658004,0.044837801505975106,14154,0.03736358884741486,0.037263056011304,0.0019039895445156717,0.050958422444138604
D345,345,F031,C001,2004,0.005290139328120628,0.0053812630482638355,0.0006566612516850211,0.02492464051488859,4668,0.012322540111610325,0.012466074282289031,0.0007928908508095167,0.06434475713838035
D346,346,F007,C007,104,0.000274538168724823,0.00027416776606730293,3.594693741790388e-05,0.02712912087912088,7063,0.01864483736253293,0.018611107619337174,0.0014454215796153452,0.07752395751758825
D347,347,F002,C002,0,0.0,0.0,6.73415837727686e-08,0.0,8442,0.022285107888220728,0.022335657338615898,0.0018375769468150082,0.0824576195023179
D348,348,F017,C011,1342,0.0035425982925837737,0.003575693496481459,0.000394379251206842,0.026586118799233553,5808,0.015331900807247808,0.015441137159050424,0.001048277220271529,0.06837229339339188
D349,349,F022,C005,333,0.0008790500979362121,0.000877325525456104,9.881704002816064e-05,0.025081203652632222,10281,0.02713968185249909,0.0271226525169065,0.0018835873114582437,0.06940344111973436
D350,350,F017,C011,400,0.0010559160335570116,0.0010499100001306071,8.393455001437878e-05,0.029375,9820,0.025922738623824635,0.025801427490226785,0.0019599566189200737,0.07560762183972143
D351,351,F048,C028,2,5.279580167785058e-06,5.223842414971297e-06,4.5792276965482645e-07,0.025510204081632654,8976,0.02369475579301934,0.02360636598418541,0.001796237163039597,0.07580737183916378
D352,352,F055,C014,272,0.0007180229028187679,0.0007193581864907187,0.00012646749432525942,0.023653211284513805,13417,0.03541806355558606,0.03543811333535904,0.0034408409788588045,0.09714932532826523
D353,353,F007,C007,13273,0.03503793378350554,0.03484834539690575,0.0020306315854008187,0.032368149550183974,5885,0.015535164643707532,0.015447661431782004,0.0015080082744833143,0.0970706335638437
D354,354,F002,C002,4218,0.011134634573858687,0.011194015263773317,0.0006130643103505307,0.03976882360341007,14033,0.037044174247263854,0.037169464697014404,0.0023826183716757357,0.06431830159776661
D355,355,F050,C030,233,0.0006150710895469593,0.0006123960505636361,4.770477794462927e-05,0.0297144608916528,7863,0.020756669429646955,0.02068840601600289,0.001312248817691474,0.06322058662345781
D356,356,F022,C005,24941,0.06583900448236356,0.06599640309911081,0.003823951429586401,0.04239883676496941,14360,0.03790738560469671,0.03803727031191988,0.0028721493180395314,0.07576753902236068
D357,357,F013,C012,219,0.0005781140283724638,0.000584789202385665,4.9253634371402946e-05,0.024904482340881558,11867,0.03132638892555264,0.031757039865003174,0.0022527045779389358,0.07191076454079984
D358,358,F049,C029,661,0.0017449012454529616,0.0017388521364083847,0.00021166806611456625,0.025595109450739447,12402,0.03273867662043514,0.03264846531376459,0.0026530033255301377,0.08103575340837572
D359,359,F034,C018,4836,0.01276602484570427,0.01275245166250652,0.0008067252369642587,0.03142671460643811,11121,0.029357105522968812,0.029322333719204115,0.0022229520410806105,0.07572109039637395
D360,360,F048,C028,83,0.0002191025769630799,0.00021790031060135373,5.7092194722553215e-05,0.025141381853946397,11708,0.030906662302213728,0.030799820994904713,0.003006772174441166,0.09728556726831684
D361,361,F036,C024,85836,0.22658902164099912,0.22604475157764445,0.017820697592005035,0.0736243819490609,6974,0.018409896045066498,0.01838490723247933,0.0012494372845072725,0.06786769905971839
D362,362,F061,C014,533,0.001407008114714718,0.0014020308234745495,0.00013966644474472208,0.02805643833518398,8271,0.021833703783875107,0.021774696457956093,0.0012531920423694597,0.05739713494212477
D363,363,F028,C021,177,0.0004672428448489776,0.0004677423031655059,0.00010806977363853904,0.024587801222183788,8292,0.02188913937563685,0.02190094077977595,0.0021456722800866274,0.09802451541218718
D364,364,F042,C025,18212,0.048075857007850734,0.04808349766109628,0.0026139443840405402,0.02818588999403847,8363,0.02207656447159322,0.022025748546892557,0.0018944140276032709,0.0858110884979811
D365,365,F026,C016,7,1.8478530587247703e-05,1.8706728730588043e-05,5.373858385066934e-06,0.033527696793002916,8462,0.02233790368989858,0.022456042230752014,0.001728700647523604,0.07738866956908493
D366,366,F002,C002,1121,0.002959204684043525,0.0029571025011467726,0.0003526274692677255,0.02448615485444847,8094,0.021366460939026128,0.02140724424476729,0.0014610174058352953,0.06837900811016986
D367,367,F036,C024,0,0.0,0.0,2.963029686001818e-07,0.0,7157,0.01889297763041883,0.018921660623084317,0.0013059202664701891,0.06912199294448848
D368,368,F009,C009,328,0.0008658511475167494,0.0008603439176693483,8.81770697920632e-05,0.026474614235938276,5723,0.015107518650116943,0.015023121130314974,0.001170288577405739,0.07746398363020919
D369,369,F016,C015,7811,0.020619400345284544,0.020717745835711936,0.0012064244732891494,0.04147539184666313,7210,0.019032886504865135,0.019111992341952835,0.0010815575894986692,0.05682572578900234
D370,370,F040,C013,153,0.0004038878828355569,0.00040127001804278294,7.565153521032824e-05,0.024809923969587835,9142,0.0241329609469455,0.024037783119759723,0.0020750602643591757,0.08598448689827327
D371,371,F056,C021,0,0.0,0.0,3.0977128535473555e-07,0.0,7259,0.019162236218975868,0.01922237152047033,0.0015809334066398627,0.08250255286354864
D372,372,F001,C001,113822,0.30046618692881544,0.29981300544565354,0.018786483649840573,0.05634477965774702,12930,0.034132485784730396,0.034042870621163415,0.00270746094579622,0.07932211450615874
D373,373,F056,C021,3090,0.008156951359227914,0.008225953527018602,0.000621293451887563,0.02773264645664091,7897,0.0208464222924993,0.021029651520094488,0.0016713594929707795,0.08017488418490627
D374,374,F013,C012,262,0.0006916250019798426,0.0006951151238726112,5.324025613075085e-05,0.035577971646673937,13827,0.036500377489982,0.03649309764599296,0.0036901154372778007,0.10109800750117176
D375,375,F061,C014,36054,0.09517499168466123,0.09528205958303947,0.005035466926608771,0.036146743603415736,6979,0.01842309499548596,0.018420055525139267,0.00150394460157116,0.08163365612236476
D376,376,F043,C015,28,7.391412234899081e-05,7.475428032918109e-05,7.030461345877041e-06,0.02587463556851312,10218,0.02697337507721386,0.027018315764534468,0.0024278327807816255,0.09000849073694793
D377,377,F054,C023,56,0.00014782824469798163,0.00014719939626428908,1.5596310801773208e-05,0.025965743440233235,5348,0.014117597368657244,0.01420818202203273,0.0010564973490010034,0.07483549228755837
D378,378,F055,C014,716,0.0018900897000670507,0.0018925166816863065,0.00021596445915926887,0.0368971610990765,11112,0.02933334741221378,0.029413789697775975,0.002431671582087052,0.08289785505607027
D379,379,F007,C007,1859,0.004907369765956211,0.004916856074651344,0.0003192395120331868,0.035261441854848447,13773,0.0363578288254518,0.03643521259693822,0.0027153318341901697,0.07468355294883117
D380,380,F010,C004,556,0.001467723286644246,0.0014641098232895803,0.00016160633273789007,0.025638672735281164,8222,0.021704354069764373,0.021642213847413213,0.0016713750349125524,0.07700643979269074
D381,381,F005,C005,98,0.0002586994282214678,0.00025847630831979536,3.6014279001676645e-05,0.025926697209496044,9290,0.024523649879361592,0.024528312136645837,0.0019107571952160808,0.07791487827528151
D382,382,F031,C001,3069,0.00810151576746617,0.008069902176080035,0.0007745898331878935,0.02657084339111989,6437,0.016992328770016208,0.016956380507167797,0.0015664639208077943,0.09218653558374507
D383,383,F011,C010,685,0.0018082562074663822,0.0018041807239974562,0.00011623157359179859,0.03516311634142708,18941,0.05000026397900839,0.04989147293956241,0.004351744958161596,0.0870344396579304
D384,384,F060,C031,0,0.0,0.0,2.0202475131830578e-07,0.0,7888,0.020822664181744267,0.020738598274773024,0.002092521282022267,0.10049248567610435
D385,385,F026,C016,1551,0.004094314420117312,0.004084383652049534,0.00028189186967280934,0.028789852498059185,8921,0.02354956733840525,0.02348527925957966,0.0018597363230476052,0.07897114610741483
D386,386,F045,C027,76677,0.20241118426262744,0.20315736277067592,0.01015944763092847,0.040716384366650135,7543,0.019911936602801345,0.020046237210654995,0.001107153104576663,0.055602482403489625
D387,387,F049,C029,2989,0.007890332560754769,0.007884511785252757,0.001067795088934528,0.024428004724807287,11066,0.029211917068354725,0.02917431031387461,0.0024726814083870547,0.08464632439565943
D388,388,F020,C013,727,0.0019191273909898686,0.0019152973389687784,0.00015927631393935227,0.031075428796002582,11454,0.030236155620905026,0.03019459548307843,0.002070898721205383,0.06849080773263322
D389,389,F020,C013,1002,0.002645069664060314,0.0026733934688890444,0.0001953848711583108,0.028071408204000163,14427,0.03808425154031751,0.03841556860651206,0.0032125355442937952,0.08435338530659783
D390,390,F022,C005,401,0.001058555823640904,0.0010568847071961652,0.00011941009634587327,0.027049722632195024,9494,0.025062167056475668,0.024975938641846322,0.001987111881863944,0.0792873129201533
D391,391,F048,C028,1358,0.0035848349339260544,0.003566323028329864,0.0006392871230716468,0.024777584082233777,5070,0.01338373572533512,0.013304641879435494,0.0010224034075975463,0.0763914820629758
D392,392,F009,C009,4213,0.011121435623439225,0.011077233984975149,0.0006604323803762962,0.03560892669434258,7847,0.020714432788304673,0.02066288199634571,0.0017742315079730662,0.08565194741778272
D393,393,F004,C004,7353,0.019410376486861766,0.019418296970694946,0.001087957159116095,0.03592730441829935,13296,0.03509864895543506,0.03509682447942997,0.0021422769264646973,0.061035880018765316
D394,394,F022,C005,7619,0.02011256064917718,0.020036665458886514,0.0013387237487691305,0.03077764771744109,7847,0.020714432788304673,0.020635499265026565,0.0013634217061081425,0.06581989089645397
D395,395,F038,C000,21496,0.0567449276433538,0.05682842590721308,0.003281326415862186,0.028887196858646696,9239,0.024389020585083073,0.024401707459995075,0.0017279073300115748,0.07084775397124415
D396,396,F037,C003,1016,0.0026820267252348094,0.002692542189331272,0.0002703495222141568,0.02780511811023622,11704,0.030896103141878156,0.031024566100014327,0.0024634375692679554,0.0797329539571897
D397,397,F015,C014,1759,0.004643390757566959,0.004624751896423646,0.0003023906477732401,0.030003132577647317,8004,0.0211288798314758,0.021039644394688046,0.0017038124165707819,0.08063903198657052
D398,398,F015,C014,1561,0.004120712320956238,0.004110871935249415,0.00030629645963206067,0.026830655388356495,6852,0.01808784165483161,0.018047198449164695,0.001152458063193983,0.06371451526313751
D399,399,F015,C014,3779,0.009975766727029867,0.010016186383665599,0.0006131989935180762,0.030145109115358237,6197,0.016358779149882003,0.016423503765774904,0.0011753310222900493,0.07184711105403774
D400,400,F060,C031,1756,0.004635471387315281,0.004719587378399282,0.00032266046448884344,0.02763702291850681,13069,0.03449941660639146,0.03498393719659822,0.0026684659977920006,0.07734814846978118
D401,401,F015,C014,5,1.3198950419462645e-05,1.3388801616938403e-05,1.2390851414189422e-06,0.02857142857142857,11995,0.031664282056290884,0.03217601570231886,0.0020069172099274448,0.06338110576325925
D402,402,F048,C028,3,7.919370251677587e-06,8.17403086380591e-06,4.713910864093802e-06,0.02040816326530612,11051,0.029172320217096336,0.02913613469929057,0.0019746349039504677,0.06768864763774393
D403,403,F040,C013,397,0.0010479966633053339,0.0010724506316484943,8.390761338086966e-05,0.0328227008687606,9403,0.024821946158841448,0.025385838755750043,0.0023404067966286287,0.09428780409287078
D404,404,F011,C010,6715,0.01772619041333833,0.017687333460955634,0.0011236212618821531,0.029501420821493155,8264,0.02181522525328786,0.02176745859114668,0.001973474688171042,0.0904631818034339
D405,405,F052,C026,7,1.8478530587247703e-05,1.8411607396899667e-05,9.831871230824215e-07,0.03279883381924198,10034,0.026487653701777636,0.02655463393613915,0.0015389392064581644,0.0581002463934691
D406,406,F036,C024,1071,0.0028272151798488985,0.0028130345757224526,0.0002534602530039464,0.025786505078221764,8145,0.021501090233304647,0.021442189482718938,0.0014061729702775489,0.06540007762487422
D407,407,F002,C002,1867,0.004928488086627351,0.004913659681574246,0.00029340728049795275,0.034326049648568585,7809,0.020614120765116758,0.02054650948543232,0.0018219890028875695,0.08838548214827294
D408,408,F013,C012,0,0.0,0.0,1.3468316754553718e-08,0.0,13444,0.035489337887851156,0.035487691420620644,0.003626074688536396,0.1021736359239795
D409,409,F010,C004,83,0.0002191025769630799,0.00021846262375574204,4.207502154122582e-05,0.025264322596508484,7864,0.020759309219730848,0.020676926128617257,0.0016751813973767179,0.08069543064489491
D410,410,F029,C022,2293,0.006053038662365569,0.006045525248092645,0.0003702170909491726,0.036533104301467646,11831,0.03123135648253251,0.031170647809229072,0.0036883363328290247,0.1180972185723629
D411,411,F009,C009,219,0.0005781140283724638,0.00057604915306913,6.949651445349719e-05,0.025626689031777096,10715,0.028285350748908446,0.028180386793413535,0.0026198805410841868,0.09262322975384316
D412,412,F033,C023,14243,0.03759853016488129,0.037614648183342314,0.0020393994596080334,0.03293096358110751,5540,0.01462443706476461,0.01463998262691983,0.0012616387380157332,0.08626921723062166
D413,413,F047,C008,32603,0.08606507610514812,0.08576649774170471,0.004369983927449517,0.03579159173407731,11300,0.029829627947985576,0.029705973448793145,0.0029346135345827327,0.09837915309235058
D414,414,F051,C020,1,2.639790083892529e-06,2.806781183338947e-06,2.424297015819669e-07,0.02040816326530612,20306,0.05360357744352169,0.05427072070271523,0.004657571036410993,0.08688918274751992
D415,415,F035,C010,7,1.8478530587247703e-05,1.8862023904581128e-05,2.20880394774681e-06,0.026239067055393587,9865,0.026041529177599797,0.026092235856163742,0.002040511762151982,0.07835606535376478
D416,416,F063,C013,0,0.0,0.0,1.0774653403642974e-07,0.0,8889,0.02346509405572069,0.02374577421503078,0.0014176021018306518,0.06041322904840633
D417,417,F047,C008,3569,0.009421410809412436,0.009492580525729427,0.0005238097752181032,0.03662347539183788,14192,0.03746390087060277,0.03769125320214447,0.0034187423211073905,0.09125430725741682
D418,418,F010,C004,136118,0.35932294663928327,0.3601082088240693,0.02020499370706368,0.049845144863805146,11134,0.029391422794059416,0.029588774926066624,0.0025569260971936222,0.0869956556751117
D419,419,F018,C013,66498,0.17554076099868537,0.17505681349615196,0.009140758024881046,0.03976327966899112,9858,0.02602305064701255,0.025940551654184688,0.0021634492176156044,0.08313588006884845
D420,420,F061,C014,1207,0.0031862266312582825,0.0031754424189569777,0.00019807853450922155,0.028418409617368075,13963,0.03685938894139138,0.03680492007300358,0.0034243849012528206,0.09290400626819387
D421,421,F010,C004,669,0.0017660195661241018,0.0017585748988264511,0.00015786214068012414,0.028126048625728317,6801,0.01795321236055309,0.01789610176748511,0.0015203740080224296,0.08468534641538608
D422,422,F016,C015,22,5.807538184563563e-05,5.8045544117747194e-05,3.120608992030097e-05,0.021799628942486084,10107,0.02668035837790179,0.026703589475302117,0.002314802006532377,0.08676052899085604
D423,423,F025,C019,1,2.639790083892529e-06,2.9201343261790043e-06,1.7104762278283222e-06,0.02040816326530612,7004,0.018489089747583273,0.018407721870139056,0.0013390879235835888,0.07242584366591776
D424,424,F028,C021,989,0.002610752392969711,0.0026051853185431206,0.00028509732906039314,0.02744474938610429,10157,0.026812347882096417,0.026813732150767686,0.0015863568835774596,0.05916516116206026
D425,425,F033,C023,651,0.0017185033446140362,0.0017121851428844852,0.0001218747983119566,0.036882033919558604,13080,0.03452845429731428,0.03441094938785653,0.0018121543246121302,0.052482926371629816
D426,426,F002,C002,6193,0.01634821998954643,0.016395059062276417,0.001070475283968684,0.03317768250526434,13429,0.03544974103659277,0.03555943420665611,0.0025064362463752656,0.07070393670261266
D427,427,F045,C027,770,0.002032638364597247,0.002051041005801855,0.00012613078640639558,0.030280943546249668,10256,0.027073687100401776,0.027276811878925788,0.002296709384518848,0.08483179169507224
D428,428,F031,C001,0,0.0,0.0,1.0774653403642974e-07,0.0,16728,0.044158408523354224,0.0446912136598633,0.003375999735901239,0.07645202462665206
D429,429,F052,C026,50793,0.13408285773115322,0.13425267203026145,0.0070342998161520886,0.041961430487970984,14971,0.03952029734595505,0.03951799133814676,0.0026568770940452245,0.06722816558760429
D430,430,F041,C011,13501,0.03563980592263303,0.03562956518056481,0.0021781635271302,0.03378358972653575,8406,0.0221900754452006,0.022170440630358987,0.001109925057586573,0.050018985303929384
D431,431,F009,C009,137,0.00036165124149327644,0.000363361509203317,3.385934832094805e-05,0.027632950990615225,10116,0.026704116488656823,0.026773906820015642,0.00187286625510306,0.07013399061147005
D432,432,F061,C014,166,0.0004382051539261598,0.0004363820239384087,0.00011306651915447847,0.023082124416031472,9186,0.02424911171063677,0.024188407869354504,0.0015973778110015232,0.06587366292270574
D433,433,F012,C011,6433,0.016981769609680637,0.01693787493871939,0.001021046561479472,0.03894380696472589,11983,0.031632604575284176,0.03157165157974591,0.0024345861591844745,0.07696445461486642
D434,434,F062,C005,3010,0.007945768152516512,0.007947178732160814,0.0005773867392677179,0.029600311885551563,7074,0.01867387505345575,0.018637458268847117,0.0015320060441361052,0.08204007147689442
D435,435,F047,C008,230,0.0006071517192952817,0.0006068967246092317,3.907158690496034e-05,0.031033717834960072,8225,0.02171227344001605,0.021671761085707425,0.0016773065284837578,0.07725153854190397
D436,436,F054,C023,92457,0.24406707178645154,0.2434183309789657,0.013458444478372631,0.046313200642858134,10381,0.027403660860888343,0.027266571980681175,0.0027037757751645357,0.09866476559062509
D437,437,F057,C027,174828,0.46150922078676304,0.46095045924011746,0.037418216340171326,0.07771334905023854,4622,0.012201109767751269,0.012170435712597143,0.0008655076723176956,0.07093679909390845
D438,438,F058,C031,24213,0.0639172373012898,0.0636318109589794,0.0034657480771822903,0.032458739907808,4938,0.013035283434261307,0.012964121295764543,0.0008974242517200876,0.06884577970597411
D439,439,F038,C000,1342,0.0035425982925837737,0.0035184151117883247,0.0007597612164411298,0.023107454606283648,9326,0.024618682322381725,0.024449725598398798,0.0019216495093866734,0.07805655413326623
D440,440,F062,C005,410,0.0010823139343959368,0.001079554873520006,6.925408475191523e-05,0.029616724738675958,1644,0.004339814897919317,0.004331810365562212,0.00024398343210954208,0.05621977845795165
D441,441,F036,C024,2155,0.0056887476307884,0.00567952383724579,0.00044263623013840795,0.02837018798238553,6862,0.018114239555670535,0.018210857215345846,0.001205332040017647,0.06654058186176115
D442,442,F029,C022,64531,0.1703482939036688,0.17013288878217037,0.008313951527635748,0.03779768559265457,7170,0.01892729490150943,0.01889318477470571,0.0014448722961726895,0.07633802419686833
D443,443,F044,C026,59,0.0001557476149496592,0.0001548291430709669,4.65599710204922e-05,0.022483569699066067,10289,0.02716080017317023,0.027217205878026018,0.0022134760926307783,0.08149524603539762
D444,444,F043,C015,470,0.0012407013394294885,0.0012606416565398583,0.00010472963108340971,0.027920104211897525,11654,0.03076411363768353,0.030975252057801037,0.001959382797119696,0.06369053307356179
D445,445,F056,C021,46,0.00012143034385905632,0.0001219856410628419,2.0633461267976296e-05,0.025732031943212066,11469,0.030275752472163412,0.03026703566609515,0.002316874596942308,0.07652574776044042
D446,446,F063,C013,656,0.0017317022950334988,0.0017263337627598829,0.00023209950263122423,0.02654461174713788,10626,0.028050409431442012,0.028033567642057687,0.00189698286745659,0.06762763559986547
D447,447,F042,C025,1973,0.0052083058355199595,0.005197372400898904,0.00045968711914967295,0.02557226641290069,7347,0.01939453774635841,0.01933307643522309,0.0014862069714980638,0.0766301827315848
D448,448,F037,C003,817,0.002156708498540196,0.0021426350760498495,0.00016964691784035864,0.02956935528189244,8790,0.023203754837415328,0.023129845969898845,0.0019732876439588327,0.08504173819217259
D449,449,F009,C009,44869,0.11844474127417388,0.11786937672997115,0.007074852917900051,0.04987580625867321,9635,0.025434377458304517,0.02529668249332663,0.003133774006772881,0.12321017142684891
D450,450,F021,C017,117084,0.3090771821824729,0.30955610367043646,0.017931959356714402,0.050824360183757834,9364,0.02471899434556964,0.024727740413121514,0.0017147335020196689,0.0693690640504151
D451,451,F008,C008,41029,0.10830794735202656,0.10850467100741738,0.0062830505758998375,0.04977775799198277,11201,0.029568288729680217,0.029552165879601862,0.0018619107896022179,0.06296985282524176
D452,452,F022,C005,27,7.127433226509828e-05,7.14684667122599e-05,7.340232631231777e-06,0.028533635676492818,12629,0.03333790896947875,0.03328176786924476,0.00305003975107356,0.09148863397119202
D453,453,F028,C021,73,0.0001927046761241546,0.00019220831085015651,1.8896048406638866e-05,0.0273972602739726,13255,0.03499041756199547,0.03496588365574931,0.0030853740501548817,0.08817768592467537
D454,454,F023,C018,13389,0.03534414943323707,0.03544438734847807,0.002160398817330944,0.03466941336247697,10799,0.02850709311595542,0.028565210334799074,0.0024508995669183737,0.08597507844623432
D455,455,F054,C023,18292,0.048287040214562135,0.04811694012338138,0.002509632270776522,0.03419890260937088,11795,0.03113632403951238,0.031022492954704863,0.002567258864732921,0.08245221438070333
D456,456,F004,C004,18450,0.04870412704781716,0.04915022406653469,0.0026660398332471543,0.033322548531607765,6207,0.016385177050720928,0.016560441516472693,0.0006645662759171694,0.04055899267124058
D457,457,F002,C002,2435,0.0064278888542783075,0.006424312237878695,0.00042518129162450634,0.03297573649583037,7708,0.020347501966643613,0.020303182685734635,0.001197985206225251,0.05887627917122952
D458,458,F028,C021,38873,0.10261655993115427,0.10234395939547611,0.005255162109509052,0.032324912575067845,9288,0.02451837029919381,0.024448914542961067,0.002118290669553312,0.08639606318463035
D459,459,F006,C006,10,2.639790083892529e-05,2.616313741423197e-05,8.161799953259553e-06,0.02806122448979592,9397,0.024806107418338094,0.024847364898635923,0.0018286095355687381,0.0737161016329763
D460,460,F006,C006,169,0.00044612452417783737,0.0004536922089736667,6.464792042185785e-05,0.0254196353097452,7050,0.018610520091442328,0.018856246362628226,0.0013808189580234735,0.07419561362277109
D461,461,F060,C031,7060,0.018636917992281253,0.018614985946959678,0.001310399878634304,0.032588021044111695,14473,0.03820568188417657,0.038093651677227086,0.0032729092565264135,0.08566551086428681
D462,462,F054,C023,22,5.807538184563563e-05,5.7932102286354354e-05,4.484949479266388e-06,0.030148423005565864,3134,0.008273102122919186,0.008227038855250059,0.00041362100645893243,0.049995878246573026
D463,463,F049,C029,64,0.00016894656536912186,0.0001687392789743873,5.9152847185999933e-05,0.022480867346938774,4336,0.011446129803758006,0.01143741340736226,0.0008908937200322114,0.07783362021106141
D464,464,F000,C000,6093,0.01608424098115718,0.016051906512157786,0.0014685179173327648,0.026539320799713287,8414,0.022211193765871738,0.02214708946008864,0.0014870331128831883,0.06694971592063033
D465,465,F012,C011,6160,0.016261106916777977,0.016374449927533674,0.0009745674003595071,0.03574824410283594,11399,0.030090967166290936,0.030411492453754643,0.002072962468896551,0.06888985845622017
D466,466,F020,C013,3776,0.009967847356778189,0.010004819531495663,0.0009285596303259516,0.026354689121411277,7939,0.020957293476022786,0.020991114299361412,0.0016599029734662984,0.07920407162143296
D467,467,F038,C000,235,0.0006203506697147443,0.0006268536810994352,6.602168873082233e-05,0.02898393399913157,8153,0.021522208553975786,0.021578211110612144,0.001579334010182104,0.07338159586277006
D468,468,F038,C000,18,4.751622151006552e-05,4.7288348874190305e-05,5.414263335330595e-06,0.02947845804988662,8257,0.02179674672270061,0.021722051437751567,0.0016107900769454801,0.07390048145432153
D469,469,F006,C006,3,7.919370251677587e-06,7.858831622696154e-06,1.2121485079098346e-06,0.025510204081632654,7692,0.02030526532530133,0.020262041196709376,0.002187582256892674,0.10773472899006359
D470,470,F050,C030,123,0.00032469418031878106,0.00032607724284928314,3.227008694391071e-05,0.028787124605939938,9910,0.026160319731374962,0.02649369761775628,0.0012639827473978809,0.04831679277535524
D471,471,F013,C012,189223,0.499508999044396,0.4995412127818857,0.02586381473802346,0.04672545415855841,8562,0.02260188269828783,0.022527880181212673,0.00149680210620064,0.06622466482909532
D472,472,F049,C029,472,0.0012459809195972736,0.001244271941285298,0.00021480618391837725,0.02298080249048772,7211,0.019035526294949024,0.01899285240073714,0.0011553567055046974,0.06069476029203696
D473,473,F032,C012,9,2.375811075503276e-05,2.437249670557251e-05,1.0262857366969933e-05,0.02834467120181406,7668,0.020241910363287912,0.020439219848974958,0.0011800815981857554,0.05829892421251063
D474,474,F040,C013,48212,0.1272695595246266,0.12691006021925832,0.006566558643583193,0.036002024222947286,9675,0.025539969061660218,0.025442602508537603,0.0015734307664341807,0.061606604245898026
D475,475,F024,C018,0,0.0,0.0,4.0404950263661154e-08,0.0,10395,0.027440617922062836,0.02731607011421601,0.0022423223355061655,0.08171544612715484
D476,476,F008,C008,54859,0.14481624421226025,0.14473869660605623,0.007492357268974461,0.0394554165018967,5123,0.013523644599781426,0.013505176060718084,0.0008720275760074586,0.06448169867030908
D477,477,F013,C012,86981,0.22961158128705605,0.22888028612155628,0.011732547027860345,0.041002445056614524,8715,0.02300577058112339,0.02290418634434937,0.0018249283222110445,0.07932480747714785
D478,478,F040,C013,54,0.00014254866453019657,0.00014296361132630646,2.3313656302132488e-05,0.025699168556311415,6897,0.01820663220860677,0.018352798101374475,0.0017128306722010232,0.09407729296532509
D479,479,F008,C008,31601,0.08342000644108781,0.08388561927993202,0.004763231840048977,0.04362801099681036,13229,0.034921783019814266,0.03513858300205449,0.0034114469645256957,0.09768822406891639
D480,480,F040,C013,258,0.0006810658416442724,0.0006941086586477263,9.307953709072076e-05,0.0258859357696567,9355,0.024695236234814608,0.025197890548936758,0.0015228708447007988,0.06166658339367902
D481,481,F037,C003,278,0.000733861643322123,0.0007321984000826798,7.720039163710192e-05,0.02683159594773161,10770,0.028430539203522537,0.028389402868360888,0.0020471630173411258,0.07200577529276977
D482,482,F042,C025,6,1.5838740503355174e-05,1.5843343980380537e-05,2.154930680728595e-06,0.02295918367346939,16813,0.04438279068048509,0.04434244766657027,0.004063449606048988,0.09155462159425834
D483,483,F004,C004,128,0.0003378931307382437,0.0003383695332246637,2.5091474113733578e-05,0.029296875,9519,0.025128161808572982,0.025131209825338726,0.002354159876707756,0.09368611578681361
D484,484,F039,C017,0,0.0,0.0,2.8956881022290495e-06,0.0,5808,0.015331900807247808,0.015255573019880867,0.0012261472456638089,0.07997359629956487
D485,485,F048,C028,24,6.33549620134207e-05,6.281457330113555e-05,2.19129513596589e-05,0.022321428571428572,11373,0.03002233262410973,0.029864779714755207,0.002806391909155459,0.09347681088916317
D486,486,F045,C027,1490,0.003933287224999868,0.003917283776733333,0.00024228155009766683,0.03238939871250514,9180,0.024233272970133415,0.024169825380541007,0.0024722466061624293,0.10201868353521122
D487,487,F007,C007,75,0.00019798425629193966,0.0001971339962010399,2.367730085450544e-05,0.02707482993197279,8470,0.022359022010569718,0.022278722262786696,0.0015524602550327114,0.06943328086080067
D488,488,F062,C005,81,0.00021382299679529484,0.00021441409727398968,4.251947599412609e-05,0.024376417233560092,6889,0.01818551388793563,0.018200818487235336,0.001264784556830782,0.06954901382632069
D489,489,F026,C016,72,0.0001900648860402621,0.0001893437593864377,1.1178702906279587e-05,0.03479308390022676,8174,0.02157764414573753,0.021578598740562144,0.0020079086514642195,0.0930550452080221
D490,490,F058,C031,1133,0.002990882165050235,0.002995141091655997,0.0002434936986055767,0.029486463605742384,9315,0.024589644631458907,0.024605035372359082,0.0018547495031125956,0.0754280727074726
D491,491,F040,C013,85221,0.2249655507394052,0.22443645753480312,0.010868433293204933,0.03423026900766291,7417,0.019579323052230885,0.019488165917280045,0.0017329522283569827,0.08850930258079216
D492,492,F026,C016,99,0.00026133921830536036,0.0002620215551869384,4.65599710204922e-05,0.026128633271490415,8559,0.022593963328036155,0.022548886713127828,0.0021172147357600853,0.09370709799873396
D493,493,F037,C003,2,5.279580167785058e-06,5.2505841274841825e-06,2.4647019660833307e-06,0.02040816326530612,6605,0.017435813504110154,0.01733156255066405,0.001267966578711978,0.07272196266684543
D494,494,F040,C013,721,0.0019032886504865133,0.0019069501707464197,0.0001546432129757858,0.028015228282713918,11246,0.02968707928345538,0.029829105707950047,0.002633162450922204,0.08869725532042037
D495,495,F025,C019,14236,0.037580051634294044,0.03749250809646437,0.0022733037166843676,0.028491292555235075,5064,0.013367896984831765,0.013355927094090201,0.0008363724476303907,0.06256574602418036
D496,496,F015,C014,41988,0.1108395060424795,0.11099851458143015,0.005642941885506163,0.03502130346279695,15263,0.040291116050451665,0.04035769052011055,0.004404739649262865,0.10932285032133002
D497,497,F035,C010,0,0.0,0.0,1.6161980105464462e-07,0.0,7200,0.01900648860402621,0.0190490310384671,0.001289999096958978,0.06787151082108418
D498,498,F043,C015,6446,0.01701608688077124,0.017092253372013595,0.001020319272374726,0.035639884250318186,14646,0.03866236556868998,0.03883669417928411,0.0024012663355989362,0.06210862424681946
D499,499,F040,C013,17827,0.04705953782555211,0.047101573878968565,0.0028153899977384003,0.034798454076194904,10273,0.027118563531827948,0.02714356666427528,0.0020711642818174152,0.07637440970597777
D500,500,F042,C025,425,0.0011219107856543249,0.0011211216544294333,7.563806689357368e-05,0.0322328931572629,14687,0.038770596962129575,0.03869654365587506,0.0021336240415202193,0.05503201417311952
D501,501,F037,C003,0,0.0,0.0,1.481514843000909e-07,0.0,9523,0.025138720968908554,0.025310639803318873,0.002078166702393698,0.08266795693241372
D502,502,F023,C018,9351,0.024684677074479036,0.02511494729799628,0.0014240724720427375,0.03659108815165463,16256,0.04291242760375695,0.04375501730368271,0.0038270472106456325,0.0891827245473891
D503,503,F028,C021,133555,0.3525571646542667,0.3532955549580143,0.020682580219180156,0.05268596825125168,5659,0.01493857208474782,0.014959134238158327,0.0008062387877839256,0.0539702712689046
D504,504,F054,C023,35,9.239265293623852e-05,9.19169383710215e-05,7.865496984659372e-06,0.029737609329446066,14335,0.0378413908525994,0.03765656457782139,0.003041188016041602,0.08036670818701412
D505,505,F008,C008,4241,0.011195349745788214,0.011234878581818979,0.0006908303712913239,0.030288630425053774,3152,0.00832061834442925,0.008352065201273016,0.0003007056141911819,0.03613981578574719
D506,506,F040,C013,6,1.5838740503355174e-05,1.5715545241232024e-05,3.892343542066025e-06,0.023809523809523808,14207,0.03750349772186116,0.03743129506205714,0.0037657551922181446,0.10041077288700592
D507,507,F044,C026,391,0.0010321579228019788,0.0010331315407932293,0.00020927070573225568,0.025275327522313273,7969,0.02103648717853956,0.021093559682306622,0.0014629742390775558,0.06954460726551406
D508,508,F038,C000,1802,0.004756901731174337,0.004739954709727439,0.00030032999530979335,0.03466103422501076,13746,0.0362865544931867,0.036201917146743846,0.0023044315948548585,0.06350648682523846
D509,509,F019,C016,1,2.639790083892529e-06,2.9201343261790043e-06,2.6532584006470827e-06,0.02040816326530612,10047,0.026521970972868236,0.026714271823298007,0.001575946629020488,0.05942041904173218
D510,510,F035,C010,126,0.00033261355057045863,0.0003327233078149174,4.7179513591201675e-05,0.026077097505668934,8604,0.022712753881811317,0.022698612107316357,0.0014256651009252365,0.06276936334289822
D511,511,F042,C025,1432,0.0037801794001341015,0.0038604789147763164,0.00023430830657897105,0.03316682818378748,10135,0.02675427250025078,0.027061219658144398,0.002442668842218229,0.09130014064838925
